== apply manifests ==
== update permanent CI pins ==
== write permanent drift policy ==
== update authority documentation ==
== regenerate lockfile ==
$ pnpm install --lockfile-only
Scope: all 11 workspace projects
? Verifying lockfile against supply-chain policies (281 entries)...
✓ Lockfile passes supply-chain policies (281 entries in 2s)
Progress: resolved 1, reused 0, downloaded 0, added 0
Progress: resolved 140, reused 0, downloaded 0, added 0
Progress: resolved 218, reused 0, downloaded 0, added 0
Progress: resolved 279, reused 0, downloaded 0, added 0, done

Done in 5.7s using pnpm v11.21.0
$ pnpm install --frozen-lockfile --prefer-offline
Scope: all 11 workspace projects
✓ Lockfile passes supply-chain policies (verified 562ms ago)
Lockfile is up to date, resolution step is skipped
Progress: resolved 1, reused 0, downloaded 0, added 0
Packages: +222
++++++++++++++++++++++++++++++++++++++++++++++++++++++++++++++++++++++++++++++++
Packages are hard linked from the content-addressable store to the virtual store.
  Content-addressable store is at: /home/runner/.local/share/pnpm/store/v11
  Virtual store is at:             node_modules/.pnpm
Progress: resolved 222, reused 0, downloaded 78, added 4
Progress: resolved 222, reused 0, downloaded 222, added 222, done
.../esbuild@0.28.1/node_modules/esbuild postinstall$ node install.js
.../esbuild@0.28.1/node_modules/esbuild postinstall: Done

devDependencies:
+ @electron/asar 4.2.1
+ @electron/fuses 2.1.3
+ @electron/notarize 3.1.1
+ @electron/osx-sign 2.6.0
+ @electron/packager 20.0.4
+ @electron/windows-sign 2.0.6
+ @eslint/js 10.0.1
+ @playwright/test 1.62.0
+ @types/node 24.13.3
+ @vitest/coverage-v8 4.1.10
+ @worldforge/contracts 1.0.0 <- packages/contracts
+ electron 43.2.0
+ esbuild 0.28.1
+ eslint 10.8.0
+ fflate 0.8.2
+ prettier 3.9.6
+ typescript 6.0.3
+ typescript-eslint 8.65.0
+ vitest 4.1.10
+ yaml 2.9.0

Done in 2.8s using pnpm v11.21.0
$ pnpm format
$ prettier --write "scripts/**/*.mjs" "apps/**/*.{ts,tsx,json,mjs,html,css}" "packages/**/*.{ts,tsx,json}" "tests/**/*.{ts,tsx}" "evals/**/*.{json,yaml,yml}" ".github/**/*.{yaml,yml,json,md}" "*.{json,yaml,yml,mjs,ts,tsx}"
[90mscripts/atomic-file-transaction.mjs[39m 89ms (unchanged)
[90mscripts/audit-remediation-policy.mjs[39m 31ms (unchanged)
[90mscripts/automerge.mjs[39m 58ms (unchanged)
[90mscripts/branch-hygiene.mjs[39m 32ms (unchanged)
[90mscripts/check-author-language.mjs[39m 22ms (unchanged)
[90mscripts/check-boundaries.mjs[39m 14ms (unchanged)
[90mscripts/check-coverage-policy.mjs[39m 9ms (unchanged)
[90mscripts/check-css-quality.mjs[39m 14ms (unchanged)
[90mscripts/check-source-structure.mjs[39m 20ms (unchanged)
[90mscripts/check-sql-migrations.mjs[39m 6ms (unchanged)
[90mscripts/check-workspaces.mjs[39m 9ms (unchanged)
[90mscripts/ci-policy.mjs[39m 10ms (unchanged)
[90mscripts/ci-risk-policy.mjs[39m 4ms (unchanged)
[90mscripts/code-quality-policy.mjs[39m 11ms (unchanged)
[90mscripts/evidence-policy-entry.mjs[39m 5ms (unchanged)
[90mscripts/evidence-policy.mjs[39m 20ms (unchanged)
[90mscripts/main-verification.mjs[39m 19ms (unchanged)
[90mscripts/package-desktop.mjs[39m 33ms (unchanged)
[90mscripts/package-foundation.mjs[39m 6ms (unchanged)
[90mscripts/ready-closure-route.mjs[39m 23ms (unchanged)
[90mscripts/release-acceptance.mjs[39m 9ms (unchanged)
[90mscripts/release-tool.mjs[39m 19ms (unchanged)
[90mscripts/ruleset-policy.mjs[39m 13ms (unchanged)
[90mscripts/run-electron-e2e.mjs[39m 5ms (unchanged)
[90mscripts/scan-secrets.mjs[39m 16ms (unchanged)
[90mscripts/smoke-packaged-desktop.mjs[39m 13ms (unchanged)
[90mscripts/task-control-lib.mjs[39m 15ms (unchanged)
[90mscripts/test-quality-audit.mjs[39m 9ms (unchanged)
scripts/toolchain-governance-upgrade-runner.mjs 13ms
scripts/toolchain-policy.mjs 7ms
[90mscripts/ui-acceptance-gate.mjs[39m 11ms (unchanged)
[90mscripts/verified-evidence-scan.mjs[39m 8ms (unchanged)
[90mscripts/verify-package-assets.mjs[39m 5ms (unchanged)
[90mscripts/workflow-structure-policy.mjs[39m 10ms (unchanged)
[90mscripts/write-test-evidence.mjs[39m 3ms (unchanged)
[90mapps/desktop/main/package.json[39m 2ms (unchanged)
[90mapps/desktop/main/src/app-ipc-handlers.ts[39m 87ms (unchanged)
[90mapps/desktop/main/src/apply-fuses.ts[39m 6ms (unchanged)
[90mapps/desktop/main/src/candidate-preview-ipc.ts[39m 26ms (unchanged)
[90mapps/desktop/main/src/canon-ipc-handlers.ts[39m 6ms (unchanged)
[90mapps/desktop/main/src/continuity-ipc.ts[39m 7ms (unchanged)
[90mapps/desktop/main/src/core-rpc-channel.ts[39m 10ms (unchanged)
[90mapps/desktop/main/src/core-supervisor.ts[39m 64ms (unchanged)
[90mapps/desktop/main/src/credential-broker.ts[39m 29ms (unchanged)
[90mapps/desktop/main/src/diagnostic-export.ts[39m 7ms (unchanged)
[90mapps/desktop/main/src/electron-main.ts[39m 40ms (unchanged)
[90mapps/desktop/main/src/fuse-policy.ts[39m 2ms (unchanged)
[90mapps/desktop/main/src/generation-ipc.ts[39m 19ms (unchanged)
[90mapps/desktop/main/src/handler-guard.ts[39m 17ms (unchanged)
[90mapps/desktop/main/src/index.ts[39m 2ms (unchanged)
[90mapps/desktop/main/src/ipc-error-semantics.ts[39m 3ms (unchanged)
[90mapps/desktop/main/src/ipc-handlers.ts[39m 4ms (unchanged)
[90mapps/desktop/main/src/narrative-planning-ipc.ts[39m 15ms (unchanged)
[90mapps/desktop/main/src/navigation-policy.ts[39m 4ms (unchanged)
[90mapps/desktop/main/src/planning-ipc-handlers.ts[39m 10ms (unchanged)
[90mapps/desktop/main/src/privacy-logger.ts[39m 7ms (unchanged)
[90mapps/desktop/main/src/project-ipc-handlers.ts[39m 12ms (unchanged)
[90mapps/desktop/main/src/provider-ipc-handlers.ts[39m 37ms (unchanged)
[90mapps/desktop/main/src/provider-operation-coordinator.ts[39m 6ms (unchanged)
[90mapps/desktop/main/src/recovery-ipc-handlers.ts[39m 17ms (unchanged)
[90mapps/desktop/main/src/renderer-protocol.ts[39m 5ms (unchanged)
[90mapps/desktop/main/src/renderer-shutdown-ipc.ts[39m 4ms (unchanged)
[90mapps/desktop/main/src/security-policy.ts[39m 2ms (unchanged)
[90mapps/desktop/main/src/structure-ipc-handlers.ts[39m 18ms (unchanged)
[90mapps/desktop/main/src/task-ipc-handlers.ts[39m 5ms (unchanged)
[90mapps/desktop/main/src/window-state.ts[39m 11ms (unchanged)
[90mapps/desktop/main/src/writing-ipc-handlers.ts[39m 12ms (unchanged)
[90mapps/desktop/main/tsconfig.json[39m 1ms (unchanged)
[90mapps/desktop/package.json[39m 1ms (unchanged)
[90mapps/desktop/preload/package.json[39m 1ms (unchanged)
[90mapps/desktop/preload/src/app-bridge-factory.ts[39m 6ms (unchanged)
[90mapps/desktop/preload/src/bridge-runtime.ts[39m 3ms (unchanged)
[90mapps/desktop/preload/src/continuity-bridge.ts[39m 2ms (unchanged)
[90mapps/desktop/preload/src/continuity-entry.ts[39m 1ms (unchanged)
[90mapps/desktop/preload/src/entry.ts[39m 3ms (unchanged)
[90mapps/desktop/preload/src/index.ts[39m 2ms (unchanged)
[90mapps/desktop/preload/src/lifecycle-bridge.ts[39m 2ms (unchanged)
[90mapps/desktop/preload/src/narrative-planning-bridge.ts[39m 2ms (unchanged)
[90mapps/desktop/preload/src/planning-bridge-factory.ts[39m 12ms (unchanged)
[90mapps/desktop/preload/src/project-bridge-factory.ts[39m 6ms (unchanged)
[90mapps/desktop/preload/src/recovery-bridge-factory.ts[39m 6ms (unchanged)
[90mapps/desktop/preload/src/rhythm-bridge.ts[39m 3ms (unchanged)
[90mapps/desktop/preload/src/search-tools-bridge.ts[39m 4ms (unchanged)
[90mapps/desktop/preload/src/state-proposal-bridge.ts[39m 4ms (unchanged)
[90mapps/desktop/preload/src/task-bridge-factory.ts[39m 9ms (unchanged)
[90mapps/desktop/preload/src/task-gap-recovery.ts[39m 4ms (unchanged)
[90mapps/desktop/preload/src/validation-bridge.ts[39m 4ms (unchanged)
[90mapps/desktop/preload/src/writing-bridge-factory.ts[39m 6ms (unchanged)
[90mapps/desktop/preload/tsconfig.json[39m 1ms (unchanged)
[90mapps/desktop/renderer/build-assets.mjs[39m 2ms (unchanged)
[90mapps/desktop/renderer/package.json[39m 1ms (unchanged)
[90mapps/desktop/renderer/src/app/app-shell-helpers.ts[39m 5ms (unchanged)
[90mapps/desktop/renderer/src/app/app-shell-layout.tsx[39m 28ms (unchanged)
[90mapps/desktop/renderer/src/app/app-shell-m3.tsx[39m 20ms (unchanged)
[90mapps/desktop/renderer/src/app/app-shell-pages.tsx[39m 18ms (unchanged)
[90mapps/desktop/renderer/src/app/app-shell-status.ts[39m 16ms (unchanged)
[90mapps/desktop/renderer/src/app/app-shell.tsx[39m 4ms (unchanged)
[90mapps/desktop/renderer/src/app/project-session-transition.ts[39m 4ms (unchanged)
[90mapps/desktop/renderer/src/app/renderer-application-controller.ts[39m 8ms (unchanged)
[90mapps/desktop/renderer/src/app/renderer-error-boundary.tsx[39m 10ms (unchanged)
[90mapps/desktop/renderer/src/app/renderer-foundation-app.tsx[39m 6ms (unchanged)
[90mapps/desktop/renderer/src/app/use-app-settings-persistence.ts[39m 10ms (unchanged)
[90mapps/desktop/renderer/src/app/use-app-shell-actions.ts[39m 9ms (unchanged)
[90mapps/desktop/renderer/src/app/use-app-shell-navigation.ts[39m 14ms (unchanged)
[90mapps/desktop/renderer/src/app/use-project-session-controller.ts[39m 25ms (unchanged)
[90mapps/desktop/renderer/src/app/use-workspace-runtime.ts[39m 7ms (unchanged)
[90mapps/desktop/renderer/src/app/use-workspace-startup.ts[39m 12ms (unchanged)
[90mapps/desktop/renderer/src/bridge/renderer-bridge-adapter.ts[39m 25ms (unchanged)
[90mapps/desktop/renderer/src/bridge/request-lifecycle.ts[39m 28ms (unchanged)
[90mapps/desktop/renderer/src/bridge/use-bridge-resource.ts[39m 10ms (unchanged)
[90mapps/desktop/renderer/src/components/author-error-notice.tsx[39m 3ms (unchanged)
[90mapps/desktop/renderer/src/components/context-help.tsx[39m 9ms (unchanged)
[90mapps/desktop/renderer/src/components/draft-flush-failure-dialog.tsx[39m 7ms (unchanged)
[90mapps/desktop/renderer/src/components/safety-banner.tsx[39m 3ms (unchanged)
[90mapps/desktop/renderer/src/components/task-bar.tsx[39m 4ms (unchanged)
[90mapps/desktop/renderer/src/continuity-global.d.ts[39m 3ms (unchanged)
[90mapps/desktop/renderer/src/features/canon/canon-author-fields.tsx[39m 25ms (unchanged)
[90mapps/desktop/renderer/src/features/canon/canon-core-workbench.tsx[39m 5ms (unchanged)
[90mapps/desktop/renderer/src/features/canon/canon-panel-shared.tsx[39m 4ms (unchanged)
[90mapps/desktop/renderer/src/features/canon/canon-workbench.tsx[39m 11ms (unchanged)
[90mapps/desktop/renderer/src/features/canon/continuity-editors.tsx[39m 34ms (unchanged)
[90mapps/desktop/renderer/src/features/canon/continuity-panel.tsx[39m 7ms (unchanged)
[90mapps/desktop/renderer/src/features/canon/continuity-relationship-editor.tsx[39m 27ms (unchanged)
[90mapps/desktop/renderer/src/features/canon/continuity-results.tsx[39m 8ms (unchanged)
[90mapps/desktop/renderer/src/features/canon/entity-canon-panel.tsx[39m 26ms (unchanged)
[90mapps/desktop/renderer/src/features/canon/narrative-planning-editors.tsx[39m 22ms (unchanged)
[90mapps/desktop/renderer/src/features/canon/narrative-planning-panel.tsx[39m 7ms (unchanged)
[90mapps/desktop/renderer/src/features/canon/narrative-planning-results.tsx[39m 5ms (unchanged)
[90mapps/desktop/renderer/src/features/canon/narrative-relationship-editor.tsx[39m 22ms (unchanged)
[90mapps/desktop/renderer/src/features/canon/state-proposal-panel.tsx[39m 26ms (unchanged)
[90mapps/desktop/renderer/src/features/checks/checks-workbench.tsx[39m 26ms (unchanged)
[90mapps/desktop/renderer/src/features/checks/generation-polling-policy.ts[39m 2ms (unchanged)
[90mapps/desktop/renderer/src/features/checks/rhythm-panel.tsx[39m 10ms (unchanged)
[90mapps/desktop/renderer/src/features/checks/search-panel.tsx[39m 22ms (unchanged)
[90mapps/desktop/renderer/src/features/data-tools/data-tools-workbench.tsx[39m 34ms (unchanged)
[90mapps/desktop/renderer/src/features/data-tools/recovery-overview-gate.tsx[39m 4ms (unchanged)
[90mapps/desktop/renderer/src/features/data-tools/recovery-overview-state.ts[39m 1ms (unchanged)
[90mapps/desktop/renderer/src/features/data-tools/text-export-selection.ts[39m 2ms (unchanged)
[90mapps/desktop/renderer/src/features/home/home-page.tsx[39m 42ms (unchanged)
[90mapps/desktop/renderer/src/features/planning/brief/beginner-planning-questions.tsx[39m 7ms (unchanged)
[90mapps/desktop/renderer/src/features/planning/brief/project-brief-editor.tsx[39m 5ms (unchanged)
[90mapps/desktop/renderer/src/features/planning/outline/plot-node-dialog.tsx[39m 6ms (unchanged)
[90mapps/desktop/renderer/src/features/planning/outline/plot-tree.tsx[39m 13ms (unchanged)
[90mapps/desktop/renderer/src/features/planning/planning-context-panel.tsx[39m 5ms (unchanged)
[90mapps/desktop/renderer/src/features/planning/planning-form-values.ts[39m 3ms (unchanged)
[90mapps/desktop/renderer/src/features/planning/planning-inline-error.tsx[39m 2ms (unchanged)
[90mapps/desktop/renderer/src/features/planning/planning-mode-workbench.tsx[39m 3ms (unchanged)
[90mapps/desktop/renderer/src/features/planning/planning-workbench.tsx[39m 6ms (unchanged)
[90mapps/desktop/renderer/src/features/planning/professional-planning-workbench.tsx[39m 9ms (unchanged)
[90mapps/desktop/renderer/src/features/planning/scenes/scene-beat-dialog.tsx[39m 14ms (unchanged)
[90mapps/desktop/renderer/src/features/planning/scenes/scene-beat-panel.tsx[39m 21ms (unchanged)
[90mapps/desktop/renderer/src/features/provider/provider-settings-controller.ts[39m 4ms (unchanged)
[90mapps/desktop/renderer/src/features/settings/provider-presets.ts[39m 5ms (unchanged)
[90mapps/desktop/renderer/src/features/settings/provider-settings.tsx[39m 21ms (unchanged)
[90mapps/desktop/renderer/src/features/settings/settings-page.tsx[39m 29ms (unchanged)
[90mapps/desktop/renderer/src/features/structure/chapter-editor-dialog.tsx[39m 7ms (unchanged)
[90mapps/desktop/renderer/src/features/structure/structure-formatters.ts[39m 4ms (unchanged)
[90mapps/desktop/renderer/src/features/structure/structure-navigator.tsx[39m 10ms (unchanged)
[90mapps/desktop/renderer/src/features/structure/structure-operation-dialog.tsx[39m 14ms (unchanged)
[90mapps/desktop/renderer/src/features/structure/structure-tree.tsx[39m 9ms (unchanged)
[90mapps/desktop/renderer/src/features/structure/trash-panel.tsx[39m 7ms (unchanged)
[90mapps/desktop/renderer/src/features/structure/volume-editor-dialog.tsx[39m 5ms (unchanged)
[90mapps/desktop/renderer/src/features/writing/candidate-conflicts.ts[39m 2ms (unchanged)
[90mapps/desktop/renderer/src/features/writing/candidate-generation-refresh.ts[39m 6ms (unchanged)
[90mapps/desktop/renderer/src/features/writing/candidate-preview-actions.ts[39m 14ms (unchanged)
[90mapps/desktop/renderer/src/features/writing/candidate-review-display.tsx[39m 12ms (unchanged)
[90mapps/desktop/renderer/src/features/writing/candidate-review-loader.ts[39m 12ms (unchanged)
[90mapps/desktop/renderer/src/features/writing/candidate-review-panel.tsx[39m 14ms (unchanged)
[90mapps/desktop/renderer/src/features/writing/candidate-selection.ts[39m 4ms (unchanged)
[90mapps/desktop/renderer/src/features/writing/candidate-skeleton-review.tsx[39m 5ms (unchanged)
[90mapps/desktop/renderer/src/features/writing/chapter-session-state.ts[39m 4ms (unchanged)
[90mapps/desktop/renderer/src/features/writing/continuation-anchor.ts[39m 3ms (unchanged)
[90mapps/desktop/renderer/src/features/writing/continuation-persistence.ts[39m 9ms (unchanged)
[90mapps/desktop/renderer/src/features/writing/draft-blocks.ts[39m 2ms (unchanged)
[90mapps/desktop/renderer/src/features/writing/draft-persistence-feedback.ts[39m 3ms (unchanged)
[90mapps/desktop/renderer/src/features/writing/draft-save-context.ts[39m 3ms (unchanged)
[90mapps/desktop/renderer/src/features/writing/editor-selection.ts[39m 9ms (unchanged)
[90mapps/desktop/renderer/src/features/writing/find-replace-toolbar.tsx[39m 3ms (unchanged)
[90mapps/desktop/renderer/src/features/writing/generation-sources-loader.ts[39m 2ms (unchanged)
[90mapps/desktop/renderer/src/features/writing/generation-start.ts[39m 14ms (unchanged)
[90mapps/desktop/renderer/src/features/writing/generation-studio.tsx[39m 15ms (unchanged)
[90mapps/desktop/renderer/src/features/writing/generation-task-subscription.ts[39m 5ms (unchanged)
[90mapps/desktop/renderer/src/features/writing/historical-navigation-notice.tsx[39m 3ms (unchanged)
[90mapps/desktop/renderer/src/features/writing/paste-sanitizer.ts[39m 6ms (unchanged)
[90mapps/desktop/renderer/src/features/writing/review-diff-panel.tsx[39m 10ms (unchanged)
[90mapps/desktop/renderer/src/features/writing/review-diff.ts[39m 23ms (unchanged)
[90mapps/desktop/renderer/src/features/writing/use-chapter-session.ts[39m 17ms (unchanged)
[90mapps/desktop/renderer/src/features/writing/use-draft-autosave.ts[39m 8ms (unchanged)
[90mapps/desktop/renderer/src/features/writing/use-editor-lifecycle.ts[39m 12ms (unchanged)
[90mapps/desktop/renderer/src/features/writing/use-generation-run-actions.ts[39m 4ms (unchanged)
[90mapps/desktop/renderer/src/features/writing/use-generation-sources.ts[39m 3ms (unchanged)
[90mapps/desktop/renderer/src/features/writing/use-writing-continuation.ts[39m 5ms (unchanged)
[90mapps/desktop/renderer/src/features/writing/use-writing-editor-tools.ts[39m 9ms (unchanged)
[90mapps/desktop/renderer/src/features/writing/use-writing-metrics.ts[39m 3ms (unchanged)
[90mapps/desktop/renderer/src/features/writing/use-writing-session-controller.ts[39m 12ms (unchanged)
[90mapps/desktop/renderer/src/features/writing/use-writing-status.ts[39m 6ms (unchanged)
[90mapps/desktop/renderer/src/features/writing/version-panel.tsx[39m 17ms (unchanged)
[90mapps/desktop/renderer/src/features/writing/writing-assistance-panel.tsx[39m 10ms (unchanged)
[90mapps/desktop/renderer/src/features/writing/writing-assistance.ts[39m 17ms (unchanged)
[90mapps/desktop/renderer/src/features/writing/writing-core-workbench.tsx[39m 7ms (unchanged)
[90mapps/desktop/renderer/src/features/writing/writing-workbench-header.tsx[39m 4ms (unchanged)
[90mapps/desktop/renderer/src/features/writing/writing-workbench-types.ts[39m 1ms (unchanged)
[90mapps/desktop/renderer/src/features/writing/writing-workbench-view.tsx[39m 11ms (unchanged)
[90mapps/desktop/renderer/src/features/writing/writing-workbench.tsx[39m 11ms (unchanged)
[90mapps/desktop/renderer/src/global.d.ts[39m 4ms (unchanged)
[90mapps/desktop/renderer/src/index.html[39m 25ms (unchanged)
[90mapps/desktop/renderer/src/index.ts[39m 1ms (unchanged)
[90mapps/desktop/renderer/src/layout-model.ts[39m 4ms (unchanged)
[90mapps/desktop/renderer/src/narrative-planning-global.d.ts[39m 2ms (unchanged)
[90mapps/desktop/renderer/src/presentation/author-error-message.ts[39m 7ms (unchanged)
[90mapps/desktop/renderer/src/presentation/author-status-labels.ts[39m 2ms (unchanged)
[90mapps/desktop/renderer/src/presentation/author-terms.ts[39m 3ms (unchanged)
[90mapps/desktop/renderer/src/presentation/author-value-format.ts[39m 3ms (unchanged)
[90mapps/desktop/renderer/src/react-entry.tsx[39m 3ms (unchanged)
[90mapps/desktop/renderer/src/runtime/ai-readiness.ts[39m 2ms (unchanged)
[90mapps/desktop/renderer/src/runtime/capability-matrix.ts[39m 4ms (unchanged)
[90mapps/desktop/renderer/src/runtime/capability-runtime.ts[39m 7ms (unchanged)
[90mapps/desktop/renderer/src/runtime/command-coordinator.ts[39m 10ms (unchanged)
[90mapps/desktop/renderer/src/runtime/core-recovery-supervisor.ts[39m 17ms (unchanged)
[90mapps/desktop/renderer/src/runtime/draft-flush-registry.ts[39m 2ms (unchanged)
[90mapps/desktop/renderer/src/runtime/global-error-boundary.ts[39m 2ms (unchanged)
[90mapps/desktop/renderer/src/runtime/lifecycle-registry.ts[39m 4ms (unchanged)
[90mapps/desktop/renderer/src/runtime/renderer-foundation-runtime.ts[39m 9ms (unchanged)
[90mapps/desktop/renderer/src/runtime/request-generation.ts[39m 5ms (unchanged)
[90mapps/desktop/renderer/src/runtime/single-flight-polling.ts[39m 3ms (unchanged)
[90mapps/desktop/renderer/src/runtime/startup-diagnostics.ts[39m 3ms (unchanged)
[90mapps/desktop/renderer/src/runtime/status-arbitrator.ts[39m 3ms (unchanged)
[90mapps/desktop/renderer/src/runtime/workspace-attention.ts[39m 6ms (unchanged)
[90mapps/desktop/renderer/src/search-rhythm-global.d.ts[39m 1ms (unchanged)
[90mapps/desktop/renderer/src/shell/app-shell-model.ts[39m 8ms (unchanged)
[90mapps/desktop/renderer/src/shell/home-dashboard-model.ts[39m 4ms (unchanged)
[90mapps/desktop/renderer/src/shell/navigation-target.ts[39m 8ms (unchanged)
[90mapps/desktop/renderer/src/shell/settings-navigation-model.ts[39m 7ms (unchanged)
[90mapps/desktop/renderer/src/shell/task-bar-model.ts[39m 7ms (unchanged)
[90mapps/desktop/renderer/src/state-proposal-global.d.ts[39m 1ms (unchanged)
[90mapps/desktop/renderer/src/state/ui-state-boundary.ts[39m 11ms (unchanged)
[90mapps/desktop/renderer/src/state/ui-store.ts[39m 2ms (unchanged)
[90mapps/desktop/renderer/src/styles/base.css[39m 34ms (unchanged)
[90mapps/desktop/renderer/src/styles/components/01-shell.css[39m 49ms (unchanged)
[90mapps/desktop/renderer/src/styles/components/02-workspace.css[39m 33ms (unchanged)
[90mapps/desktop/renderer/src/styles/components/03-dialogs.css[39m 35ms (unchanged)
[90mapps/desktop/renderer/src/styles/components/04-features.css[39m 31ms (unchanged)
[90mapps/desktop/renderer/src/styles/components/05-writing.css[39m 28ms (unchanged)
[90mapps/desktop/renderer/src/styles/components/06-review.css[39m 19ms (unchanged)
[90mapps/desktop/renderer/src/styles/layout.css[39m 52ms (unchanged)
[90mapps/desktop/renderer/src/styles/themes.css[39m 11ms (unchanged)
[90mapps/desktop/renderer/src/types.ts[39m 2ms (unchanged)
[90mapps/desktop/renderer/src/validation-global.d.ts[39m 1ms (unchanged)
[90mapps/desktop/renderer/tsconfig.json[39m 1ms (unchanged)
[90mpackages/contracts/package.json[39m 1ms (unchanged)
[90mpackages/contracts/src/ai-output-protocol.ts[39m 28ms (unchanged)
[90mpackages/contracts/src/app-data.ts[39m 24ms (unchanged)
[90mpackages/contracts/src/app-runtime-contracts.ts[39m 22ms (unchanged)
[90mpackages/contracts/src/candidate-apply.ts[39m 17ms (unchanged)
[90mpackages/contracts/src/candidate.ts[39m 13ms (unchanged)
[90mpackages/contracts/src/constraint-package.ts[39m 6ms (unchanged)
[90mpackages/contracts/src/continuity-control.ts[39m 2ms (unchanged)
[90mpackages/contracts/src/continuity.ts[39m 15ms (unchanged)
[90mpackages/contracts/src/draft.ts[39m 12ms (unchanged)
[90mpackages/contracts/src/entity-canon.ts[39m 13ms (unchanged)
[90mpackages/contracts/src/error-codes.ts[39m 2ms (unchanged)
[90mpackages/contracts/src/generation.ts[39m 20ms (unchanged)
[90mpackages/contracts/src/import-export.ts[39m 15ms (unchanged)
[90mpackages/contracts/src/index.ts[39m 2ms (unchanged)
[90mpackages/contracts/src/narrative-planning.ts[39m 21ms (unchanged)
[90mpackages/contracts/src/project-planning.ts[39m 17ms (unchanged)
[90mpackages/contracts/src/project-structure.ts[39m 53ms (unchanged)
[90mpackages/contracts/src/project-workspace.ts[39m 24ms (unchanged)
[90mpackages/contracts/src/protocol-registry.ts[39m 11ms (unchanged)
[90mpackages/contracts/src/provider.ts[39m 13ms (unchanged)
[90mpackages/contracts/src/public-index.ts[39m 2ms (unchanged)
[90mpackages/contracts/src/recovery.ts[39m 30ms (unchanged)
[90mpackages/contracts/src/renderer-shutdown.ts[39m 2ms (unchanged)
[90mpackages/contracts/src/rhythm.ts[39m 9ms (unchanged)
[90mpackages/contracts/src/scene-beat.ts[39m 13ms (unchanged)
[90mpackages/contracts/src/search-index.ts[39m 9ms (unchanged)
[90mpackages/contracts/src/search-tools.ts[39m 10ms (unchanged)
[90mpackages/contracts/src/state-proposal-ipc.ts[39m 3ms (unchanged)
[90mpackages/contracts/src/state-proposal.ts[39m 16ms (unchanged)
[90mpackages/contracts/src/task-protocol.ts[39m 16ms (unchanged)
[90mpackages/contracts/src/validation.ts[39m 19ms (unchanged)
[90mpackages/contracts/src/version.ts[39m 9ms (unchanged)
[90mpackages/contracts/src/worldforge-bridge.ts[39m 15ms (unchanged)
[90mpackages/contracts/tsconfig.json[39m 1ms (unchanged)
[90mpackages/core-service/package.json[39m 1ms (unchanged)
[90mpackages/core-service/src/active-structure.ts[39m 3ms (unchanged)
[90mpackages/core-service/src/app-data-errors.ts[39m 2ms (unchanged)
[90mpackages/core-service/src/app-runtime.ts[39m 4ms (unchanged)
[90mpackages/core-service/src/app-settings.ts[39m 6ms (unchanged)
[90mpackages/core-service/src/bounded-idempotent-promise-cache.ts[39m 5ms (unchanged)
[90mpackages/core-service/src/candidate-apply-diff.ts[39m 26ms (unchanged)
[90mpackages/core-service/src/candidate-apply-plan-core.ts[39m 29ms (unchanged)
[90mpackages/core-service/src/candidate-apply-plan.ts[39m 1ms (unchanged)
[90mpackages/core-service/src/candidate-apply.ts[39m 25ms (unchanged)
[90mpackages/core-service/src/candidate-diff-worker.ts[39m 2ms (unchanged)
[90mpackages/core-service/src/candidate-integrity.ts[39m 3ms (unchanged)
[90mpackages/core-service/src/candidate-state.ts[39m 24ms (unchanged)
[90mpackages/core-service/src/candidate.ts[39m 36ms (unchanged)
[90mpackages/core-service/src/checkpoint-aware-recovery.ts[39m 20ms (unchanged)
[90mpackages/core-service/src/command-identity-context.ts[39m 4ms (unchanged)
[90mpackages/core-service/src/constraint-package-authority.ts[39m 30ms (unchanged)
[90mpackages/core-service/src/constraint-package-hardening.ts[39m 7ms (unchanged)
[90mpackages/core-service/src/constraint-package.ts[39m 40ms (unchanged)
[90mpackages/core-service/src/continuity-model.ts[39m 6ms (unchanged)
[90mpackages/core-service/src/continuity-read.ts[39m 9ms (unchanged)
[90mpackages/core-service/src/continuity-state.ts[39m 8ms (unchanged)
[90mpackages/core-service/src/continuity-timeline.ts[39m 8ms (unchanged)
[90mpackages/core-service/src/continuity-validation.ts[39m 8ms (unchanged)
[90mpackages/core-service/src/continuity.ts[39m 3ms (unchanged)
[90mpackages/core-service/src/coordinated-import-export.ts[39m 8ms (unchanged)
[90mpackages/core-service/src/database/database.ts[39m 17ms (unchanged)
[90mpackages/core-service/src/database/index.ts[39m 1ms (unchanged)
[90mpackages/core-service/src/database/migrations.ts[39m 11ms (unchanged)
[90mpackages/core-service/src/database/types.ts[39m 4ms (unchanged)
[90mpackages/core-service/src/database/write-queue.ts[39m 2ms (unchanged)
[90mpackages/core-service/src/docx-transfer.ts[39m 24ms (unchanged)
[90mpackages/core-service/src/draft-lock-guard.ts[39m 4ms (unchanged)
[90mpackages/core-service/src/draft.ts[39m 1ms (unchanged)
[90mpackages/core-service/src/draft/draft-model.ts[39m 7ms (unchanged)
[90mpackages/core-service/src/draft/draft-open-service.ts[39m 5ms (unchanged)
[90mpackages/core-service/src/draft/draft-operation-policy.ts[39m 12ms (unchanged)
[90mpackages/core-service/src/draft/draft-patch-replay.ts[39m 7ms (unchanged)
[90mpackages/core-service/src/draft/draft-patch-service.ts[39m 11ms (unchanged)
[90mpackages/core-service/src/draft/draft-record-reader.ts[39m 7ms (unchanged)
[90mpackages/core-service/src/draft/draft-record-writer.ts[39m 4ms (unchanged)
[90mpackages/core-service/src/draft/draft-service.ts[39m 2ms (unchanged)
[90mpackages/core-service/src/draft/draft-snapshot-service.ts[39m 4ms (unchanged)
[90mpackages/core-service/src/entity-canon.ts[39m 24ms (unchanged)
[90mpackages/core-service/src/entity-delete-policy.ts[39m 8ms (unchanged)
[90mpackages/core-service/src/export-selection-guard.ts[39m 3ms (unchanged)
[90mpackages/core-service/src/generation-run.ts[39m 1ms (unchanged)
[90mpackages/core-service/src/generation-runtime.ts[39m 19ms (unchanged)
[90mpackages/core-service/src/generation-source-resolver.ts[39m 33ms (unchanged)
[90mpackages/core-service/src/generation/candidate-persistence.ts[39m 12ms (unchanged)
[90mpackages/core-service/src/generation/generation-run-service.ts[39m 9ms (unchanged)
[90mpackages/core-service/src/generation/model-support-repository.ts[39m 4ms (unchanged)
[90mpackages/core-service/src/generation/partial-result-service.ts[39m 6ms (unchanged)
[90mpackages/core-service/src/generation/run-command-identity.ts[39m 8ms (unchanged)
[90mpackages/core-service/src/generation/run-repository.ts[39m 19ms (unchanged)
[90mpackages/core-service/src/import-export.ts[39m 1ms (unchanged)
[90mpackages/core-service/src/import-export/export-file-policy.ts[39m 4ms (unchanged)
[90mpackages/core-service/src/import-export/export-renderer.ts[39m 2ms (unchanged)
[90mpackages/core-service/src/import-export/export-version-service.ts[39m 6ms (unchanged)
[90mpackages/core-service/src/import-export/import-commit-service.ts[39m 11ms (unchanged)
[90mpackages/core-service/src/import-export/import-export-model.ts[39m 5ms (unchanged)
[90mpackages/core-service/src/import-export/import-export-service.ts[39m 2ms (unchanged)
[90mpackages/core-service/src/import-export/import-file-policy.ts[39m 2ms (unchanged)
[90mpackages/core-service/src/import-export/import-preview-service.ts[39m 5ms (unchanged)
[90mpackages/core-service/src/import-export/import-source-parser.ts[39m 10ms (unchanged)
[90mpackages/core-service/src/index.ts[39m 2ms (unchanged)
[90mpackages/core-service/src/migration-recovery.ts[39m 5ms (unchanged)
[90mpackages/core-service/src/narrative-planning.ts[39m 1ms (unchanged)
[90mpackages/core-service/src/narrative-planning/arc-milestone-policy.ts[39m 2ms (unchanged)
[90mpackages/core-service/src/narrative-planning/character-arc-operations.ts[39m 9ms (unchanged)
[90mpackages/core-service/src/narrative-planning/foreshadowing-operations.ts[39m 12ms (unchanged)
[90mpackages/core-service/src/narrative-planning/narrative-planning-catalog.ts[39m 12ms (unchanged)
[90mpackages/core-service/src/narrative-planning/narrative-planning-model.ts[39m 9ms (unchanged)
[90mpackages/core-service/src/narrative-planning/narrative-planning-service.ts[39m 3ms (unchanged)
[90mpackages/core-service/src/project-continuation.ts[39m 6ms (unchanged)
[90mpackages/core-service/src/project-migration-preflight.ts[39m 3ms (unchanged)
[90mpackages/core-service/src/project-planning.ts[39m 18ms (unchanged)
[90mpackages/core-service/src/project-structure.ts[39m 32ms (unchanged)
[90mpackages/core-service/src/project-task-protocol.ts[39m 5ms (unchanged)
[90mpackages/core-service/src/project-workspace.ts[39m 1ms (unchanged)
[90mpackages/core-service/src/project-workspace/project-create.ts[39m 8ms (unchanged)
[90mpackages/core-service/src/project-workspace/project-move.ts[39m 7ms (unchanged)
[90mpackages/core-service/src/project-workspace/project-open.ts[39m 2ms (unchanged)
[90mpackages/core-service/src/project-workspace/project-workspace-service.ts[39m 14ms (unchanged)
[90mpackages/core-service/src/project-workspace/workspace-manifest.ts[39m 3ms (unchanged)
[90mpackages/core-service/src/project-workspace/workspace-path-policy.ts[39m 6ms (unchanged)
[90mpackages/core-service/src/project-workspace/workspace-verifier.ts[39m 13ms (unchanged)
[90mpackages/core-service/src/provider-abort-signal.ts[39m 4ms (unchanged)
[90mpackages/core-service/src/provider-adapter-runtime.ts[39m 8ms (unchanged)
[90mpackages/core-service/src/provider-adapters.ts[39m 46ms (unchanged)
[90mpackages/core-service/src/provider-configs.ts[39m 7ms (unchanged)
[90mpackages/core-service/src/provider-connection.ts[39m 5ms (unchanged)
[90mpackages/core-service/src/provider-endpoint.ts[39m 14ms (unchanged)
[90mpackages/core-service/src/provider-errors.ts[39m 2ms (unchanged)
[90mpackages/core-service/src/provider-pinned-fetch.ts[39m 11ms (unchanged)
[90mpackages/core-service/src/recent-projects.ts[39m 11ms (unchanged)
[90mpackages/core-service/src/recovery.ts[39m 1ms (unchanged)
[90mpackages/core-service/src/reference-aware-structure-operations.ts[39m 1ms (unchanged)
[90mpackages/core-service/src/rhythm.ts[39m 20ms (unchanged)
[90mpackages/core-service/src/scene-beat.ts[39m 36ms (unchanged)
[90mpackages/core-service/src/search-index-hardening.ts[39m 7ms (unchanged)
[90mpackages/core-service/src/search-index.ts[39m 1ms (unchanged)
[90mpackages/core-service/src/search-index/search-index-model.ts[39m 13ms (unchanged)
[90mpackages/core-service/src/search-index/search-index-query.ts[39m 12ms (unchanged)
[90mpackages/core-service/src/search-index/search-index-service.ts[39m 13ms (unchanged)
[90mpackages/core-service/src/search-index/search-index-writer.ts[39m 5ms (unchanged)
[90mpackages/core-service/src/search-tools.ts[39m 1ms (unchanged)
[90mpackages/core-service/src/search/replace-apply.ts[39m 12ms (unchanged)
[90mpackages/core-service/src/search/replace-plan-repository.ts[39m 3ms (unchanged)
[90mpackages/core-service/src/search/replace-preview.ts[39m 4ms (unchanged)
[90mpackages/core-service/src/search/search-dictionary-operations.ts[39m 2ms (unchanged)
[90mpackages/core-service/src/search/search-index-operations.ts[39m 2ms (unchanged)
[90mpackages/core-service/src/search/search-model.ts[39m 7ms (unchanged)
[90mpackages/core-service/src/search/search-tools-service.ts[39m 3ms (unchanged)
[90mpackages/core-service/src/stable-json.ts[39m 2ms (unchanged)
[90mpackages/core-service/src/state-proposal.ts[39m 1ms (unchanged)
[90mpackages/core-service/src/state/derived-invalidation-service.ts[39m 5ms (unchanged)
[90mpackages/core-service/src/state/ending-snapshot-service.ts[39m 12ms (unchanged)
[90mpackages/core-service/src/state/proposal-batch-repository.ts[39m 28ms (unchanged)
[90mpackages/core-service/src/state/state-proposal-service.ts[39m 3ms (unchanged)
[90mpackages/core-service/src/state/state-row-mappers.ts[39m 9ms (unchanged)
[90mpackages/core-service/src/structure-operations.ts[39m 1ms (unchanged)
[90mpackages/core-service/src/structure-operations/structure-operation-execution-service.ts[39m 12ms (unchanged)
[90mpackages/core-service/src/structure-operations/structure-operation-model.ts[39m 8ms (unchanged)
[90mpackages/core-service/src/structure-operations/structure-operation-preview-service.ts[39m 10ms (unchanged)
[90mpackages/core-service/src/structure-operations/structure-operation-service.ts[39m 4ms (unchanged)
[90mpackages/core-service/src/structure-operations/structure-trash-operation-service.ts[39m 12ms (unchanged)
[90mpackages/core-service/src/task-protocol.ts[39m 38ms (unchanged)
[90mpackages/core-service/src/utility-app-data-router.ts[39m 3ms (unchanged)
[90mpackages/core-service/src/utility-control-context.ts[39m 5ms (unchanged)
[90mpackages/core-service/src/utility-control-lifecycle.ts[39m 8ms (unchanged)
[90mpackages/core-service/src/utility-control-operations.ts[39m 4ms (unchanged)
[90mpackages/core-service/src/utility-control-results.ts[39m 4ms (unchanged)
[90mpackages/core-service/src/utility-control-router.ts[39m 2ms (unchanged)
[90mpackages/core-service/src/utility-control-task-command.ts[39m 4ms (unchanged)
[90mpackages/core-service/src/utility-entry.ts[39m 2ms (unchanged)
[90mpackages/core-service/src/utility-errors.ts[39m 7ms (unchanged)
[90mpackages/core-service/src/utility-generation-router.ts[39m 25ms (unchanged)
[90mpackages/core-service/src/utility-generation-service-container.ts[39m 2ms (unchanged)
[90mpackages/core-service/src/utility-project-content-router.ts[39m 6ms (unchanged)
[90mpackages/core-service/src/utility-project-narrative-router.ts[39m 4ms (unchanged)
[90mpackages/core-service/src/utility-project-primary-router.ts[39m 7ms (unchanged)
[90mpackages/core-service/src/utility-project-router.ts[39m 3ms (unchanged)
[90mpackages/core-service/src/utility-project-service-container.ts[39m 3ms (unchanged)
[90mpackages/core-service/src/utility-project-services.ts[39m 1ms (unchanged)
[90mpackages/core-service/src/utility-project-structure-router.ts[39m 5ms (unchanged)
[90mpackages/core-service/src/utility-provider-router.ts[39m 4ms (unchanged)
[90mpackages/core-service/src/utility-runtime-context.ts[39m 4ms (unchanged)
[90mpackages/core-service/src/utility-search-rhythm-router.ts[39m 3ms (unchanged)
[90mpackages/core-service/src/utility-service-container.ts[39m 3ms (unchanged)
[90mpackages/core-service/src/utility-validation-router.ts[39m 2ms (unchanged)
[90mpackages/core-service/src/validation.ts[39m 1ms (unchanged)
[90mpackages/core-service/src/validation/validation-catalog.ts[39m 8ms (unchanged)
[90mpackages/core-service/src/validation/validation-comment-operations.ts[39m 3ms (unchanged)
[90mpackages/core-service/src/validation/validation-issue-operations.ts[39m 4ms (unchanged)
[90mpackages/core-service/src/validation/validation-model.ts[39m 11ms (unchanged)
[90mpackages/core-service/src/validation/validation-rule-operations.ts[39m 10ms (unchanged)
[90mpackages/core-service/src/validation/validation-rules.ts[39m 6ms (unchanged)
[90mpackages/core-service/src/validation/validation-service.ts[39m 4ms (unchanged)
[90mpackages/core-service/src/validation/validation-todo-operations.ts[39m 3ms (unchanged)
[90mpackages/core-service/src/version.ts[39m 20ms (unchanged)
[90mpackages/core-service/src/window-preferences.ts[39m 4ms (unchanged)
[90mpackages/core-service/src/writing-metrics.ts[39m 4ms (unchanged)
[90mpackages/core-service/tsconfig.json[39m 1ms (unchanged)
[90mpackages/domain/package.json[39m 1ms (unchanged)
[90mpackages/domain/src/canon.ts[39m 3ms (unchanged)
[90mpackages/domain/src/constraint-package.ts[39m 8ms (unchanged)
[90mpackages/domain/src/continuity.ts[39m 5ms (unchanged)
[90mpackages/domain/src/draft-semantic.ts[39m 3ms (unchanged)
[90mpackages/domain/src/index.ts[39m 1ms (unchanged)
[90mpackages/domain/src/order-key.ts[39m 4ms (unchanged)
[90mpackages/domain/tsconfig.json[39m 1ms (unchanged)
[90mpackages/editor-core/package.json[39m 1ms (unchanged)
[90mpackages/editor-core/src/autosave.ts[39m 7ms (unchanged)
[90mpackages/editor-core/src/candidate-diff.ts[39m 20ms (unchanged)
[90mpackages/editor-core/src/character-diff.ts[39m 13ms (unchanged)
[90mpackages/editor-core/src/draft-document.ts[39m 28ms (unchanged)
[90mpackages/editor-core/src/draft-patch.ts[39m 10ms (unchanged)
[90mpackages/editor-core/src/index.ts[39m 2ms (unchanged)
[90mpackages/editor-core/src/persisted-metadata-sync.ts[39m 7ms (unchanged)
[90mpackages/editor-core/src/writing-tools.ts[39m 5ms (unchanged)
[90mpackages/editor-core/tsconfig.json[39m 1ms (unchanged)
[90mpackages/prompts/package.json[39m 1ms (unchanged)
[90mpackages/prompts/src/cleaners.ts[39m 3ms (unchanged)
[90mpackages/prompts/src/constraint-package-serializer.ts[39m 3ms (unchanged)
[90mpackages/prompts/src/index.ts[39m 1ms (unchanged)
[90mpackages/prompts/src/mode-policy.ts[39m 2ms (unchanged)
[90mpackages/prompts/src/parsers.ts[39m 5ms (unchanged)
[90mpackages/prompts/src/registry.ts[39m 9ms (unchanged)
[90mpackages/prompts/src/types.ts[39m 1ms (unchanged)
[90mpackages/prompts/tsconfig.json[39m 1ms (unchanged)
[90mpackages/testkit/package.json[39m 1ms (unchanged)
[90mpackages/testkit/src/ai-protocol-harness.ts[39m 4ms (unchanged)
[90mpackages/testkit/src/determinism.ts[39m 3ms (unchanged)
[90mpackages/testkit/src/evidence.ts[39m 14ms (unchanged)
[90mpackages/testkit/src/faults.ts[39m 7ms (unchanged)
[90mpackages/testkit/src/fixtures.ts[39m 14ms (unchanged)
[90mpackages/testkit/src/index.ts[39m 1ms (unchanged)
[90mpackages/testkit/src/project-migrations.ts[39m 3ms (unchanged)
[90mpackages/testkit/src/provider-stub.ts[39m 7ms (unchanged)
[90mpackages/testkit/src/temporary-workspace.ts[39m 6ms (unchanged)
[90mpackages/testkit/tsconfig.json[39m 1ms (unchanged)
[90mtests/e2e/acceptance-screenshot.ts[39m 2ms (unchanged)
[90mtests/e2e/candidate-action.spec.ts[39m 9ms (unchanged)
[90mtests/e2e/candidate-preview.spec.ts[39m 21ms (unchanged)
[90mtests/e2e/candidate-protection.spec.ts[39m 10ms (unchanged)
[90mtests/e2e/candidate-undo.spec.ts[39m 10ms (unchanged)
[90mtests/e2e/continuation-panel-race.spec.ts[39m 7ms (unchanged)
[90mtests/e2e/continuity-ledger.spec.ts[39m 12ms (unchanged)
[90mtests/e2e/electron-shell.spec.ts[39m 86ms (unchanged)
[90mtests/e2e/m1-09-import-export.spec.ts[39m 11ms (unchanged)
[90mtests/e2e/m1-acceptance.playwright.config.ts[39m 2ms (unchanged)
[90mtests/e2e/m1-deferred-acceptance.spec.ts[39m 15ms (unchanged)
[90mtests/e2e/m8-04-author-experience.spec.ts[39m 8ms (unchanged)
[90mtests/e2e/m8-07-chinese-experience.spec.ts[39m 12ms (unchanged)
[90mtests/e2e/m8-07-windows-ime.spec.ts[39m 12ms (unchanged)
[90mtests/e2e/narrative-planning-ledger.spec.ts[39m 12ms (unchanged)
[90mtests/e2e/playwright.config.ts[39m 2ms (unchanged)
[90mtests/e2e/playwright.windows-ime.config.ts[39m 1ms (unchanged)
[90mtests/e2e/project-planning.spec.ts[39m 10ms (unchanged)
[90mtests/e2e/provider-settings.spec.ts[39m 4ms (unchanged)
[90mtests/e2e/scene-beat.spec.ts[39m 10ms (unchanged)
[90mtests/e2e/state-proposal-valid-until.spec.ts[39m 14ms (unchanged)
[90mtests/e2e/state-proposal-workflow.spec.ts[39m 13ms (unchanged)
[90mtests/e2e/structure-recovery.spec.ts[39m 13ms (unchanged)
[90mtests/e2e/unreadable-project-recovery.spec.ts[39m 8ms (unchanged)
[90mtests/e2e/writing-focus-assistance.spec.ts[39m 11ms (unchanged)
[90mtests/integration/app-data-repositories.test.ts[39m 14ms (unchanged)
[90mtests/integration/app-settings-concurrency.test.ts[39m 3ms (unchanged)
[90mtests/integration/audit-m0-m2-remediation.test.ts[39m 11ms (unchanged)
[90mtests/integration/candidate-apply-contract.test.ts[39m 4ms (unchanged)
[90mtests/integration/candidate-apply-diff.test.ts[39m 3ms (unchanged)
[90mtests/integration/candidate-apply-fixture.ts[39m 5ms (unchanged)
[90mtests/integration/candidate-apply-transaction.test.ts[39m 43ms (unchanged)
[90mtests/integration/candidate-preview-zero-write.test.ts[39m 9ms (unchanged)
[90mtests/integration/candidate-project-list.test.ts[39m 6ms (unchanged)
[90mtests/integration/candidate-version-model.test.ts[39m 13ms (unchanged)
[90mtests/integration/constraint-package-authority.test.ts[39m 9ms (unchanged)
[90mtests/integration/constraint-package.test.ts[39m 16ms (unchanged)
[90mtests/integration/continuity-authority-hardening.test.ts[39m 5ms (unchanged)
[90mtests/integration/continuity-hardening-harness.ts[39m 7ms (unchanged)
[90mtests/integration/continuity-interval-hardening.test.ts[39m 5ms (unchanged)
[90mtests/integration/continuity-logical-block.test.ts[39m 8ms (unchanged)
[90mtests/integration/continuity-service.test.ts[39m 19ms (unchanged)
[90mtests/integration/continuity-timeline-hardening.test.ts[39m 7ms (unchanged)
[90mtests/integration/coordinated-import-export-service.test.ts[39m 6ms (unchanged)
[90mtests/integration/database-boundaries.test.ts[39m 2ms (unchanged)
[90mtests/integration/docx-transfer.test.ts[39m 10ms (unchanged)
[90mtests/integration/draft-document.test.ts[39m 12ms (unchanged)
[90mtests/integration/draft-lock-guard.test.ts[39m 14ms (unchanged)
[90mtests/integration/draft-patch.test.ts[39m 15ms (unchanged)
[90mtests/integration/electron-sqlite-runtime.test.ts[39m 3ms (unchanged)
[90mtests/integration/ending-snapshot-temporal-projection.test.ts[39m 10ms (unchanged)
[90mtests/integration/entity-canon.test.ts[39m 11ms (unchanged)
[90mtests/integration/generation-run.test.ts[39m 18ms (unchanged)
[90mtests/integration/generation-runtime.test.ts[39m 16ms (unchanged)
[90mtests/integration/generation-source-resolver.test.ts[39m 14ms (unchanged)
[90mtests/integration/import-export-service.test.ts[39m 14ms (unchanged)
[90mtests/integration/m10-07-candidate-undo-invariant.test.ts[39m 5ms (unchanged)
[90mtests/integration/m10-07-search-replace-revision.test.ts[39m 8ms (unchanged)
[90mtests/integration/m10-12-generation-identity.test.ts[39m 7ms (unchanged)
[90mtests/integration/m10-16-semantic-freshness.test.ts[39m 3ms (unchanged)
[90mtests/integration/m10-17-project-lifecycle.test.ts[39m 7ms (unchanged)
[90mtests/integration/m10-17-rhythm-readonly.test.ts[39m 7ms (unchanged)
[90mtests/integration/m10-18-import-entity-arc-consistency.test.ts[39m 13ms (unchanged)
[90mtests/integration/m10-19-authority-governance.test.ts[39m 14ms (unchanged)
[90mtests/integration/m2-03-core-boundary.test.ts[39m 1ms (unchanged)
[90mtests/integration/m4-search-constraint-hardening.test.ts[39m 9ms (unchanged)
[90mtests/integration/m8-09-project-lifecycle.test.ts[39m 5ms (unchanged)
[90mtests/integration/narrative-character-arc.test.ts[39m 17ms (unchanged)
[90mtests/integration/narrative-foreshadowing.test.ts[39m 12ms (unchanged)
[90mtests/integration/preload-ipc-core.integration.test.ts[39m 18ms (unchanged)
[90mtests/integration/project-continuation.test.ts[39m 15ms (unchanged)
[90mtests/integration/project-planning.test.ts[39m 17ms (unchanged)
[90mtests/integration/project-structure.test.ts[39m 32ms (unchanged)
[90mtests/integration/provider-connection.test.ts[39m 17ms (unchanged)
[90mtests/integration/recovery-backup-consistency.test.ts[39m 4ms (unchanged)
[90mtests/integration/recovery-daily-winner.test.ts[39m 5ms (unchanged)
[90mtests/integration/recovery-failure-ledger.test.ts[39m 4ms (unchanged)
[90mtests/integration/recovery-file-lease.test.ts[39m 7ms (unchanged)
[90mtests/integration/recovery-identity-remap.test.ts[39m 4ms (unchanged)
[90mtests/integration/recovery-metadata-boundary.test.ts[39m 8ms (unchanged)
[90mtests/integration/recovery-post-audit-hardening.test.ts[39m 8ms (unchanged)
[90mtests/integration/recovery-request-replay.test.ts[39m 12ms (unchanged)
[90mtests/integration/recovery-service.test.ts[39m 21ms (unchanged)
[90mtests/integration/scene-beat-entity-references.test.ts[39m 9ms (unchanged)
[90mtests/integration/scene-beat.test.ts[39m 12ms (unchanged)
[90mtests/integration/search-index.test.ts[39m 20ms (unchanged)
[90mtests/integration/search-replace-rhythm.test.ts[39m 10ms (unchanged)
[90mtests/integration/state-proposal-snapshot.test.ts[39m 21ms (unchanged)
[90mtests/integration/state-proposal-valid-until-boundaries.test.ts[39m 5ms (unchanged)
[90mtests/integration/state-proposal-valid-until.test.ts[39m 11ms (unchanged)
[90mtests/integration/state-validation-provider.test.ts[39m 16ms (unchanged)
[90mtests/integration/story-anchor-scope.test.ts[39m 6ms (unchanged)
[90mtests/integration/structure-operations.test.ts[39m 28ms (unchanged)
[90mtests/integration/structured-partial-safety.test.ts[39m 6ms (unchanged)
[90mtests/integration/task-lifecycle.test.ts[39m 4ms (unchanged)
[90mtests/integration/task-protocol.test.ts[39m 14ms (unchanged)
[90mtests/integration/three-track-recovery.test.ts[39m 7ms (unchanged)
[90mtests/integration/version-service.test.ts[39m 11ms (unchanged)
[90mtests/integration/workspace-graph.test.ts[39m 3ms (unchanged)
[90mtests/migration/backup-failure-ledger-migration.test.ts[39m 4ms (unchanged)
[90mtests/migration/backup-tracks-migration.test.ts[39m 4ms (unchanged)
[90mtests/migration/continuity-migration.test.ts[39m 6ms (unchanged)
[90mtests/migration/draft-migration.test.ts[39m 14ms (unchanged)
[90mtests/migration/entity-canon-migration.test.ts[39m 5ms (unchanged)
[90mtests/migration/final-coordination-remediation.test.ts[39m 19ms (unchanged)
[90mtests/migration/generation-runtime-migration.test.ts[39m 4ms (unchanged)
[90mtests/migration/integrated-coordination-migration.test.ts[39m 7ms (unchanged)
[90mtests/migration/m10-12-command-identity-context.test.ts[39m 3ms (unchanged)
[90mtests/migration/migration-trigger-syntax.test.ts[39m 2ms (unchanged)
[90mtests/migration/narrative-planning-migration.test.ts[39m 7ms (unchanged)
[90mtests/migration/project-continuation-migration.test.ts[39m 4ms (unchanged)
[90mtests/migration/project-planning-migration.test.ts[39m 4ms (unchanged)
[90mtests/migration/project-structure-migration.test.ts[39m 9ms (unchanged)
[90mtests/migration/provider-options-allowlist.test.ts[39m 4ms (unchanged)
[90mtests/migration/recovery-migration-v8.cases.ts[39m 5ms (unchanged)
[90mtests/migration/recovery-migration.test.ts[39m 5ms (unchanged)
[90mtests/migration/scene-beat-entity-truth-migration.test.ts[39m 9ms (unchanged)
[90mtests/migration/scene-beat-migration.test.ts[39m 4ms (unchanged)
[90mtests/migration/search-index-migration.test.ts[39m 4ms (unchanged)
[90mtests/migration/search-replace-rhythm-migration.test.ts[39m 4ms (unchanged)
[90mtests/migration/sqlite-foundation.test.ts[39m 14ms (unchanged)
[90mtests/migration/sqlite-header-integrity.test.ts[39m 3ms (unchanged)
[90mtests/migration/state-validation-migration.test.ts[39m 11ms (unchanged)
[90mtests/migration/structured-candidate-migration.test.ts[39m 4ms (unchanged)
[90mtests/migration/testkit-faults.test.ts[39m 10ms (unchanged)
[90mtests/migration/version-migration.test.ts[39m 5ms (unchanged)
[90mtests/migration/window-preferences.test.ts[39m 6ms (unchanged)
[90mtests/migration/write-queue.test.ts[39m 10ms (unchanged)
[90mtests/performance/ai-eval-baseline.test.ts[39m 3ms (unchanged)
[90mtests/performance/ai-output-protocol.test.ts[39m 10ms (unchanged)
[90mtests/performance/candidate-preview-diff-strategy.test.ts[39m 4ms (unchanged)
[90mtests/performance/chinese-diff.test.ts[39m 12ms (unchanged)
[90mtests/performance/constraint-package-performance.test.ts[39m 8ms (unchanged)
[90mtests/performance/display-layout.test.ts[39m 5ms (unchanged)
[90mtests/performance/m1-writing-performance.test.ts[39m 7ms (unchanged)
[90mtests/performance/m8-author-review-diff-performance.test.ts[39m 3ms (unchanged)
[90mtests/performance/m8-release-evidence.test.ts[39m 18ms (unchanged)
[90mtests/performance/scene-beat-rebind-performance.test.ts[39m 6ms (unchanged)
[90mtests/performance/search-index-performance.test.ts[39m 7ms (unchanged)
[90mtests/performance/writing-tools-performance.test.ts[39m 2ms (unchanged)
[90mtests/security/app-data-ipc.test.ts[39m 11ms (unchanged)
[90mtests/security/backup-transfer-ipc.test.ts[39m 11ms (unchanged)
[90mtests/security/candidate-apply-ipc.test.ts[39m 6ms (unchanged)
[90mtests/security/candidate-ipc.test.ts[39m 8ms (unchanged)
[90mtests/security/candidate-preview-ipc.test.ts[39m 7ms (unchanged)
[90mtests/security/candidate-undo-ipc.test.ts[39m 5ms (unchanged)
[90mtests/security/common-ipc-timeout-semantics.test.ts[39m 8ms (unchanged)
[90mtests/security/continuity-ipc.test.ts[39m 6ms (unchanged)
[90mtests/security/core-supervisor.test.ts[39m 14ms (unchanged)
[90mtests/security/diagnostic-export.test.ts[39m 3ms (unchanged)
[90mtests/security/diagnostic-ipc-confirmation.test.ts[39m 6ms (unchanged)
[90mtests/security/docx-archive-security.test.ts[39m 4ms (unchanged)
[90mtests/security/draft-ipc.test.ts[39m 8ms (unchanged)
[90mtests/security/electron-security.test.ts[39m 8ms (unchanged)
[90mtests/security/generation-ipc.test.ts[39m 7ms (unchanged)
[90mtests/security/ipc-task-contracts.test.ts[39m 10ms (unchanged)
[90mtests/security/m10-13-generation-rewrite-contract.test.ts[39m 4ms (unchanged)
[90mtests/security/m8-09-project-authority.test.ts[39m 5ms (unchanged)
[90mtests/security/narrative-planning-ipc.test.ts[39m 6ms (unchanged)
[90mtests/security/preload-surface.test.ts[39m 3ms (unchanged)
[90mtests/security/project-planning-ipc.test.ts[39m 7ms (unchanged)
[90mtests/security/project-structure-ipc.test.ts[39m 9ms (unchanged)
[90mtests/security/project-workspace.test.ts[39m 22ms (unchanged)
[90mtests/security/provider-branch-coverage.test.ts[39m 27ms (unchanged)
[90mtests/security/provider-endpoint.test.ts[39m 4ms (unchanged)
[90mtests/security/provider-ipc.test.ts[39m 10ms (unchanged)
[90mtests/security/provider-pinned-fetch.test.ts[39m 9ms (unchanged)
[90mtests/security/provider-transaction-hardening.test.ts[39m 8ms (unchanged)
[90mtests/security/recovery-readonly.test.ts[39m 5ms (unchanged)
[90mtests/security/renderer-bridge-boundary.test.ts[39m 3ms (unchanged)
[90mtests/security/renderer-protocol.test.ts[39m 4ms (unchanged)
[90mtests/security/renderer-react-boundary.test.ts[39m 4ms (unchanged)
[90mtests/security/scene-beat-ipc.test.ts[39m 6ms (unchanged)
[90mtests/security/search-rhythm-ipc.test.ts[39m 8ms (unchanged)
[90mtests/security/state-proposal-ipc.test.ts[39m 6ms (unchanged)
[90mtests/security/validation-ipc.test.ts[39m 5ms (unchanged)
[90mtests/setup/restore-global-state.ts[39m 3ms (unchanged)
[90mtests/testkit/strict-result-envelope.ts[39m 3ms (unchanged)
[90mtests/testkit/strict-test-doubles.ts[39m 2ms (unchanged)
[90mtests/unit/ai-readiness.test.ts[39m 2ms (unchanged)
[90mtests/unit/app-shell-capability-actions.test.ts[39m 3ms (unchanged)
[90mtests/unit/app-shell-runtime-models.test.ts[39m 10ms (unchanged)
[90mtests/unit/ar06-planning-boundaries.test.ts[39m 4ms (unchanged)
[90mtests/unit/ar07-app-shell-boundaries.test.ts[39m 4ms (unchanged)
[90mtests/unit/ar08-contracts-public-surface.test.ts[39m 5ms (unchanged)
[90mtests/unit/ar09-preload-factory-boundaries.test.ts[39m 4ms (unchanged)
[90mtests/unit/ar10-main-ipc-boundaries.test.ts[39m 4ms (unchanged)
[90mtests/unit/ar10-main-ipc-domain-coverage.test.ts[39m 19ms (unchanged)
[90mtests/unit/ar10-main-ipc-error-coverage.test.ts[39m 10ms (unchanged)
[90mtests/unit/ar12-project-workspace-path-policy-branches.test.ts[39m 2ms (unchanged)
[90mtests/unit/ar13-narrative-planning-boundaries.test.ts[39m 2ms (unchanged)
[90mtests/unit/ar13-search-candidate.test.ts[39m 2ms (unchanged)
[90mtests/unit/ar13-search-index-boundaries.test.ts[39m 2ms (unchanged)
[90mtests/unit/ar13-structure-operations-boundaries.test.ts[39m 3ms (unchanged)
[90mtests/unit/ar13-utility-control-boundaries.test.ts[39m 3ms (unchanged)
[90mtests/unit/ar13-validation-boundaries.test.ts[39m 2ms (unchanged)
[90mtests/unit/ar14-workspace-alignment-contract.test.ts[39m 2ms (unchanged)
[90mtests/unit/atomic-file-transaction.test.ts[39m 6ms (unchanged)
[90mtests/unit/audit-remediation-manifest-discovery.test.ts[39m 4ms (unchanged)
[90mtests/unit/author-error-message.test.ts[39m 1ms (unchanged)
[90mtests/unit/author-language.test.ts[39m 4ms (unchanged)
[90mtests/unit/author-review-delivery.test.ts[39m 9ms (unchanged)
[90mtests/unit/automated-verification-authority.test.ts[39m 3ms (unchanged)
[90mtests/unit/autosave-writing-tools.test.ts[39m 17ms (unchanged)
[90mtests/unit/backup-metadata-compatibility.test.ts[39m 5ms (unchanged)
[90mtests/unit/boundaries.test.ts[39m 2ms (unchanged)
[90mtests/unit/bounded-idempotent-promise-cache.test.ts[39m 5ms (unchanged)
[90mtests/unit/branch-hygiene.test.ts[39m 3ms (unchanged)
[90mtests/unit/branch-inventory-policy.test.ts[39m 2ms (unchanged)
[90mtests/unit/bridge-request-detachment.test.ts[39m 5ms (unchanged)
[90mtests/unit/bridge-request-sharing.test.ts[39m 11ms (unchanged)
[90mtests/unit/canon-author-fields.test.ts[39m 6ms (unchanged)
[90mtests/unit/capability-matrix.test.ts[39m 7ms (unchanged)
[90mtests/unit/capability-runtime-navigation.test.ts[39m 12ms (unchanged)
[90mtests/unit/capability-runtime-provider.test.ts[39m 3ms (unchanged)
[90mtests/unit/chapter-session-state.test.ts[39m 3ms (unchanged)
[90mtests/unit/checks-generation-polling.test.ts[39m 2ms (unchanged)
[90mtests/unit/ci-draft-routing.test.ts[39m 9ms (unchanged)
[90mtests/unit/ci-efficiency.test.ts[39m 8ms (unchanged)
[90mtests/unit/code-quality-governance.test.ts[39m 11ms (unchanged)
[90mtests/unit/constraint-package-domain.test.ts[39m 5ms (unchanged)
[90mtests/unit/core-candidate-diff-coverage.test.ts[39m 17ms (unchanged)
[90mtests/unit/core-narrative-router-coverage.test.ts[39m 12ms (unchanged)
[90mtests/unit/core-project-routers-coverage.test.ts[39m 26ms (unchanged)
[90mtests/unit/core-recovery-supervisor-branch-coverage.test.ts[39m 18ms (unchanged)
[90mtests/unit/core-recovery-supervisor-dom.test.ts[39m 9ms (unchanged)
[90mtests/unit/core-recovery-supervisor.test.ts[39m 11ms (unchanged)
[90mtests/unit/core-utility-entry-coverage.test.ts[39m 18ms (unchanged)
[90mtests/unit/core-utility-errors-coverage.test.ts[39m 8ms (unchanged)
[90mtests/unit/core-utility-router-coverage.test.ts[39m 16ms (unchanged)
[90mtests/unit/credential-broker.test.ts[39m 6ms (unchanged)
[90mtests/unit/domain-invariants-coverage.test.ts[39m 15ms (unchanged)
[90mtests/unit/draft-flush-recovery-safety.test.ts[39m 2ms (unchanged)
[90mtests/unit/draft-flush-registry.test.ts[39m 5ms (unchanged)
[90mtests/unit/draft-semantic.test.ts[39m 3ms (unchanged)
[90mtests/unit/editor-core-diff-coverage.test.ts[39m 10ms (unchanged)
[90mtests/unit/editor-core-draft-document-coverage.test.ts[39m 18ms (unchanged)
[90mtests/unit/editor-core-lock-guard-coverage.test.ts[39m 12ms (unchanged)
[90mtests/unit/editor-document.test.ts[39m 18ms (unchanged)
[90mtests/unit/editor-draft-patch.test.ts[39m 4ms (unchanged)
[90mtests/unit/editor-lock-patch.test.ts[39m 2ms (unchanged)
[90mtests/unit/editor-persisted-metadata-isolation.test.ts[39m 4ms (unchanged)
[90mtests/unit/editor-persisted-metadata-missing-client-id.test.ts[39m 2ms (unchanged)
[90mtests/unit/editor-persisted-metadata-sync.test.ts[39m 5ms (unchanged)
[90mtests/unit/effective-task-status.test.ts[39m 5ms (unchanged)
[90mtests/unit/electron-e2e-runner.test.ts[39m 2ms (unchanged)
[90mtests/unit/electron-main-bootstrap-coverage.test.ts[39m 39ms (unchanged)
[90mtests/unit/electron-window-state-coverage.test.ts[39m 5ms (unchanged)
[90mtests/unit/evidence-policy.test.ts[39m 17ms (unchanged)
[90mtests/unit/export-selection-guard.test.ts[39m 2ms (unchanged)
[90mtests/unit/full-work-validation.test.ts[39m 4ms (unchanged)
[90mtests/unit/generation-contracts.test.ts[39m 5ms (unchanged)
[90mtests/unit/generation-polling-policy.test.ts[39m 2ms (unchanged)
[90mtests/unit/gitignore.test.ts[39m 1ms (unchanged)
[90mtests/unit/ipc-error-semantics.test.ts[39m 1ms (unchanged)
[90mtests/unit/ipc-handlers-branch-coverage.test.ts[39m 17ms (unchanged)
[90mtests/unit/ipc-handlers-real-surface-coverage.test.ts[39m 11ms (unchanged)
[90mtests/unit/m10-03-ipc-protocol-maintenance.test.ts[39m 9ms (unchanged)
[90mtests/unit/m10-12-generation-cancel-barrier.test.ts[39m 6ms (unchanged)
[90mtests/unit/m10-12-generation-cancel-order.test.ts[39m 6ms (unchanged)
[90mtests/unit/m10-12-generation-persist-cancel-race.test.ts[39m 7ms (unchanged)
[90mtests/unit/m10-12-generation-start-pending.test.ts[39m 6ms (unchanged)
[90mtests/unit/m10-12-recovery-compensation.test.ts[39m 3ms (unchanged)
[90mtests/unit/m10-12-renderer-generation-epoch.test.ts[39m 12ms (unchanged)
[90mtests/unit/m10-13-bridge-resource-context.test.ts[39m 2ms (unchanged)
[90mtests/unit/m10-13-candidate-command-ownership.test.ts[39m 5ms (unchanged)
[90mtests/unit/m10-13-candidate-review-render.test.ts[39m 4ms (unchanged)
[90mtests/unit/m10-13-command-identity-contract.test.ts[39m 2ms (unchanged)
[90mtests/unit/m10-13-core-rpc-channel.test.ts[39m 4ms (unchanged)
[90mtests/unit/m10-13-core-supervisor-boundary.test.ts[39m 6ms (unchanged)
[90mtests/unit/m10-13-privacy-logger-boundary.test.ts[39m 2ms (unchanged)
[90mtests/unit/m10-13-project-session-transition.test.ts[39m 5ms (unchanged)
[90mtests/unit/m10-13-provider-settings-controller.test.ts[39m 6ms (unchanged)
[90mtests/unit/m10-13-recovery-overview-availability.test.ts[39m 2ms (unchanged)
[90mtests/unit/m10-13-recovery-overview-gate.test.ts[39m 6ms (unchanged)
[90mtests/unit/m10-13-recovery-overview-state.test.ts[39m 2ms (unchanged)
[90mtests/unit/m10-13-renderer-command-coordinator.test.ts[39m 6ms (unchanged)
[90mtests/unit/m10-13-renderer-command-invalidation.test.ts[39m 4ms (unchanged)
[90mtests/unit/m10-13-root-cause-governance.test.ts[39m 1ms (unchanged)
[90mtests/unit/m10-13-structure-delete-engine.test.ts[39m 2ms (unchanged)
[90mtests/unit/m10-13-utility-control-context.test.ts[39m 3ms (unchanged)
[90mtests/unit/m10-13-utility-lifecycle.test.ts[39m 10ms (unchanged)
[90mtests/unit/m10-13-writing-context-ownership.test.ts[39m 6ms (unchanged)
[90mtests/unit/m10-15-generation-preflight.test.ts[39m 6ms (unchanged)
[90mtests/unit/m10-17-planning-mode-ownership.test.ts[39m 4ms (unchanged)
[90mtests/unit/m10-17-project-task-barrier.test.ts[39m 5ms (unchanged)
[90mtests/unit/m10-17-startup-degraded.test.ts[39m 2ms (unchanged)
[90mtests/unit/m10-19-lifecycle-renderer-recovery.test.ts[39m 9ms (unchanged)
[90mtests/unit/m10-22-renderer-ownership-render.test.ts[39m 3ms (unchanged)
[90mtests/unit/m10-full-code-audit-baseline.test.ts[39m 4ms (unchanged)
[90mtests/unit/m8-09-v1-stability-invariants.test.ts[39m 5ms (unchanged)
[90mtests/unit/main-task-verification.test.ts[39m 3ms (unchanged)
[90mtests/unit/package-desktop.test.ts[39m 11ms (unchanged)
[90mtests/unit/packaged-product-readiness.test.ts[39m 2ms (unchanged)
[90mtests/unit/preload-bridge-coverage.test.ts[39m 18ms (unchanged)
[90mtests/unit/prompts-coverage.test.ts[39m 24ms (unchanged)
[90mtests/unit/provider-abort-signal.test.ts[39m 2ms (unchanged)
[90mtests/unit/provider-contracts.test.ts[39m 3ms (unchanged)
[90mtests/unit/provider-integrated-hardening.test.ts[39m 6ms (unchanged)
[90mtests/unit/recovery-path-name.test.ts[39m 3ms (unchanged)
[90mtests/unit/release-tool.test.ts[39m 7ms (unchanged)
[90mtests/unit/renderer-app-shell-model.test.ts[39m 6ms (unchanged)
[90mtests/unit/renderer-c3-generation-workbench.test.ts[39m 3ms (unchanged)
[90mtests/unit/renderer-continuation-persistence.test.ts[39m 5ms (unchanged)
[90mtests/unit/renderer-continuation-request-coordination.test.ts[39m 11ms (unchanged)
[90mtests/unit/renderer-draft-continuation-feedback.test.ts[39m 3ms (unchanged)
[90mtests/unit/renderer-foundation-runtime.test.ts[39m 6ms (unchanged)
[90mtests/unit/renderer-generation-sources-race.test.ts[39m 5ms (unchanged)
[90mtests/unit/renderer-home-settings-taskbar.test.ts[39m 8ms (unchanged)
[90mtests/unit/renderer-layout-model-coverage.test.ts[39m 2ms (unchanged)
[90mtests/unit/renderer-m3-09-workbenches.test.ts[39m 9ms (unchanged)
[90mtests/unit/renderer-navigation-target.test.ts[39m 5ms (unchanged)
[90mtests/unit/renderer-presentation-interactions.test.ts[39m 14ms (unchanged)
[90mtests/unit/renderer-react-foundation.test.ts[39m 9ms (unchanged)
[90mtests/unit/renderer-react-runtime-root.test.ts[39m 9ms (unchanged)
[90mtests/unit/renderer-runtime-dom-boundaries.test.ts[39m 6ms (unchanged)
[90mtests/unit/renderer-shell-bridge-adapter.test.ts[39m 7ms (unchanged)
[90mtests/unit/renderer-shutdown-ipc.test.ts[39m 4ms (unchanged)
[90mtests/unit/renderer-startup-compatibility.test.ts[39m 3ms (unchanged)
[90mtests/unit/renderer-ui-state-boundary.test.ts[39m 8ms (unchanged)
[90mtests/unit/renderer-zero-coverage-helpers.test.ts[39m 3ms (unchanged)
[90mtests/unit/request-generation.test.ts[39m 3ms (unchanged)
[90mtests/unit/scan-secrets.test.ts[39m 6ms (unchanged)
[90mtests/unit/search-model-secondary-error.test.ts[39m 2ms (unchanged)
[90mtests/unit/search-panel-request-lanes.test.ts[39m 3ms (unchanged)
[90mtests/unit/shared-structure-boundary.test.ts[39m 7ms (unchanged)
[90mtests/unit/single-flight-polling.test.ts[39m 4ms (unchanged)
[90mtests/unit/single-work-policy.test.ts[39m 2ms (unchanged)
[90mtests/unit/single-work-taskctl.test.ts[39m 2ms (unchanged)
[90mtests/unit/source-structure-policy.test.ts[39m 2ms (unchanged)
[90mtests/unit/sql-migration-policy.test.ts[39m 2ms (unchanged)
[90mtests/unit/squash-provenance.test.ts[39m 4ms (unchanged)
[90mtests/unit/stable-json.test.ts[39m 2ms (unchanged)
[90mtests/unit/strict-testkit.test.ts[39m 4ms (unchanged)
[90mtests/unit/structured-candidate-contracts.test.ts[39m 5ms (unchanged)
[90mtests/unit/task-control.test.ts[39m 6ms (unchanged)
[90mtests/unit/task-gap-recovery.test.ts[39m 3ms (unchanged)
[90mtests/unit/task-ordering.test.ts[39m 2ms (unchanged)
[90mtests/unit/taskctl-transaction-policy.test.ts[39m 2ms (unchanged)
[90mtests/unit/test-quality-audit.test.ts[39m 4ms (unchanged)
[90mtests/unit/testkit-determinism-provider.test.ts[39m 6ms (unchanged)
[90mtests/unit/testkit-fixtures-evidence.test.ts[39m 7ms (unchanged)
[90mtests/unit/testkit-project-migrations.test.ts[39m 3ms (unchanged)
[90mtests/unit/tooling-hardening.test.ts[39m 4ms (unchanged)
[90mtests/unit/ui-acceptance-gate.test.ts[39m 4ms (unchanged)
[90mtests/unit/validation-trigger-error-mapping.test.ts[39m 2ms (unchanged)
[90mtests/unit/verified-evidence-scan.test.ts[39m 3ms (unchanged)
[90mtests/unit/work-synchronization.test.ts[39m 4ms (unchanged)
[90mtests/unit/workflow-structure-policy.test.ts[39m 3ms (unchanged)
[90mtests/unit/workspace-attention.test.ts[39m 2ms (unchanged)
[90mtests/unit/writing-assistance.test.ts[39m 10ms (unchanged)
[90mtests/unit/writing-candidate-actions.test.ts[39m 11ms (unchanged)
[90mtests/unit/writing-candidate-loader.test.ts[39m 10ms (unchanged)
[90mtests/unit/writing-candidate-regressions.test.ts[39m 9ms (unchanged)
[90mtests/unit/writing-generation-run-actions.test.ts[39m 5ms (unchanged)
[90mtests/unit/writing-generation-start.test.ts[39m 11ms (unchanged)
[90mtests/unit/writing-generation-subscription.test.ts[39m 6ms (unchanged)
[90mtests/unit/writing-save-context-contract.test.ts[39m 2ms (unchanged)
[90mtests/unit/writing-session-architecture.test.ts[39m 3ms (unchanged)
[90mtests/unit/writing-tools.test.ts[39m 6ms (unchanged)
[90mevals/baselines/m0-07-protocol.json[39m 1ms (unchanged)
[90mevals/fixtures/catalog.json[39m 1ms (unchanged)
[90mevals/fixtures/common/chapter-continuity-001.yaml[39m 21ms (unchanged)
[90mevals/fixtures/protocol/skeleton-output-001.yaml[39m 3ms (unchanged)
[90mevals/fixtures/protocol/structured-envelope-001.yaml[39m 2ms (unchanged)
[90mevals/fixtures/safety/knowledge-boundary-001.yaml[39m 3ms (unchanged)
[90mevals/model-support/deterministic-stub-deterministic-v1.json[39m 1ms (unchanged)
[90mevals/reports/deterministic-stub/deterministic-v1/skeleton/1/summary.json[39m 1ms (unchanged)
[90m.github/audit-remediations/ci-hardening-2026-07-27.json[39m 1ms (unchanged)
[90m.github/audit-remediations/coverage-75-2026-07-23.json[39m 2ms (unchanged)
[90m.github/audit-remediations/full-code-recheck-2026-07-23.json[39m 1ms (unchanged)
[90m.github/audit-remediations/m0-m2-2026-07-20.json[39m 2ms (unchanged)
[90m.github/audit-remediations/m0-m3-final-remediation-2026-07-23.json[39m 2ms (unchanged)
[90m.github/audit-remediations/m0-m3-integrated-coordination-2026-07-23.json[39m 2ms (unchanged)
[90m.github/audit-remediations/m0-m3-pending-rebind-queue-2026-07-23.json[39m 1ms (unchanged)
[90m.github/audit-remediations/m0-m3-quality-recheck-2026-07-23.json[39m 1ms (unchanged)
[90m.github/audit-remediations/m0-m3-snapshot-projection-2026-07-23.json[39m 1ms (unchanged)
[90m.github/audit-remediations/m0-m3-timeout-semantics-2026-07-23.json[39m 1ms (unchanged)
[90m.github/audit-remediations/m3-10-integrated-evidence-2026-07-23.json[39m 1ms (unchanged)
[90m.github/audit-remediations/manifest-discovery-2026-07-23.json[39m 1ms (unchanged)
[90m.github/audit-remediations/test-quality-2026-07-24.json[39m 1ms (unchanged)
[90m.github/governance/main-protection.json[39m 1ms (unchanged)
[90m.github/governance/required-checks.json[39m 1ms (unchanged)
[90m.github/governance/secret-scan-allowlist.json[39m 1ms (unchanged)
[90m.github/governance/workspace-architecture.json[39m 1ms (unchanged)
[90m.github/pull_request_template.md[39m 44ms (unchanged)
[90m.github/workflows/automerge.yml[39m 5ms (unchanged)
[90m.github/workflows/branch-hygiene.yml[39m 5ms (unchanged)
[90m.github/workflows/engineering-validation.yml[39m 22ms (unchanged)
[90m.github/workflows/evidence.yml[39m 3ms (unchanged)
[90m.github/workflows/full-work-validation.yml[39m 14ms (unchanged)
[90m.github/workflows/main-verification.yml[39m 9ms (unchanged)
[90m.github/workflows/performance.yml[39m 5ms (unchanged)
[90m.github/workflows/post-merge-verification.yml[39m 2ms (unchanged)
[90m.github/workflows/pr-policy.yml[39m 5ms (unchanged)
[90m.github/workflows/quality-core.yml[39m 20ms (unchanged)
[90m.github/workflows/quality.yml[39m 9ms (unchanged)
[90m.github/workflows/release.yml[39m 15ms (unchanged)
[90m.github/workflows/repository-governance.yml[39m 3ms (unchanged)
[90m.github/workflows/security.yml[39m 8ms (unchanged)
[90m.github/workflows/task-governance.yml[39m 2ms (unchanged)
[90m.github/workflows/toolchain-export.yml[39m 3ms (unchanged)
[90m.github/workflows/toolchain-governance-upgrade.yml[39m 4ms (unchanged)
[90m.github/workflows/work-synchronization.yml[39m 4ms (unchanged)
[90meslint.config.mjs[39m 3ms (unchanged)
[90mpackage.json[39m 1ms (unchanged)
pnpm-lock.yaml 161ms
[90mpnpm-workspace.yaml[39m 1ms (unchanged)
[90mprettier.config.mjs[39m 1ms (unchanged)
[90mtsconfig.base.json[39m 1ms (unchanged)
[90mvitest.config.ts[39m 1ms (unchanged)
[90mvitest.coverage.config.ts[39m 7ms (unchanged)
== validate ==
$ pnpm toolchain:check
$ node scripts/toolchain-policy.mjs
Toolchain policy OK: Node 24.18.1; pnpm 11.21.0; @types/node 24.13.3; Electron 43.2.0.
$ pnpm ci:policy
$ node scripts/toolchain-policy.mjs && node scripts/workflow-structure-policy.mjs && node scripts/ci-policy.mjs && node scripts/check-coverage-policy.mjs && node scripts/code-quality-policy.mjs
Toolchain policy OK: Node 24.18.1; pnpm 11.21.0; @types/node 24.13.3; Electron 43.2.0.
Validated YAML structure for 18 workflows.
CI policy is valid for the automated engineering-gate model.
Coverage policy passed: dual-track; core >=75%; Renderer TSX uncovered counts frozen.
Code quality policy passed: 2 format commands, typed lint enabled, dual-track Renderer TSX coverage enabled, reusable toolchain export enabled, file length non-blocking.
$ pnpm format:check
$ prettier --check "scripts/**/*.mjs" "apps/**/*.{ts,tsx,json,mjs,html,css}" "packages/**/*.{ts,tsx,json}" "tests/**/*.{ts,tsx}" "evals/**/*.{json,yaml,yml}" ".github/**/*.{yaml,yml,json,md}" "*.{json,yaml,yml,mjs,ts,tsx}"
Checking formatting...
All matched files use Prettier code style!
$ pnpm lint
$ pnpm check:language && pnpm check:css && pnpm check:sql && node scripts/test-quality-audit.mjs && eslint .
$ node scripts/check-author-language.mjs
正式中文名称检查通过：150个受控文件。
$ node scripts/check-css-quality.mjs
Validated 9 CSS files with high-confidence static checks.
$ node scripts/check-sql-migrations.mjs
Validated 33 SQL migration files; frozen historical backfills remain read-only and new unscoped writes require review annotations.
Test files: 350
Test support source files: 360
Assertions: 4832
Partial assertions: 691
Module mocks: 50
Arbitrary sleeps: 0
Files over 500 lines:
- tests/e2e/electron-shell.spec.ts: 1316
- tests/integration/candidate-apply-transaction.test.ts: 890
- tests/integration/structure-operations.test.ts: 708
- tests/unit/electron-main-bootstrap-coverage.test.ts: 634
- tests/security/project-workspace.test.ts: 595
- tests/migration/final-coordination-remediation.test.ts: 592
- tests/security/provider-branch-coverage.test.ts: 557
- tests/integration/state-proposal-snapshot.test.ts: 521
Test quality audit passed.

/home/runner/work/666/666/packages/core-service/src/utility-control-lifecycle.ts
  16:3  warning  Unused eslint-disable directive (no problems were reported from '@typescript-eslint/switch-exhaustiveness-check')

/home/runner/work/666/666/packages/core-service/src/utility-control-operations.ts
  27:3  warning  Unused eslint-disable directive (no problems were reported from '@typescript-eslint/switch-exhaustiveness-check')

/home/runner/work/666/666/packages/core-service/src/utility-project-content-router.ts
  26:3  warning  Unused eslint-disable directive (no problems were reported from '@typescript-eslint/switch-exhaustiveness-check')

/home/runner/work/666/666/packages/core-service/src/utility-project-narrative-router.ts
  53:5  warning  Unused eslint-disable directive (no problems were reported from '@typescript-eslint/switch-exhaustiveness-check')

/home/runner/work/666/666/packages/core-service/src/utility-project-primary-router.ts
  23:3  warning  Unused eslint-disable directive (no problems were reported from '@typescript-eslint/switch-exhaustiveness-check')

/home/runner/work/666/666/packages/core-service/src/utility-project-structure-router.ts
  19:3  warning  Unused eslint-disable directive (no problems were reported from '@typescript-eslint/switch-exhaustiveness-check')

/home/runner/work/666/666/packages/core-service/src/utility-search-rhythm-router.ts
  19:3  warning  Unused eslint-disable directive (no problems were reported from '@typescript-eslint/switch-exhaustiveness-check')

/home/runner/work/666/666/packages/core-service/src/utility-validation-router.ts
  23:3  warning  Unused eslint-disable directive (no problems were reported from '@typescript-eslint/switch-exhaustiveness-check')

✖ 8 problems (0 errors, 8 warnings)
  0 errors and 8 warnings potentially fixable with the `--fix` option.

$ pnpm typecheck
$ pnpm --filter @worldforge/domain build && pnpm --filter @worldforge/contracts build && pnpm --filter @worldforge/prompts build && pnpm --filter @worldforge/editor-core build && pnpm --filter @worldforge/core-service build && pnpm -r --if-present typecheck
$ tsc -p tsconfig.json
$ tsc -p tsconfig.json
$ tsc -p tsconfig.json
$ tsc -p tsconfig.json
$ tsc -p tsconfig.json
Scope: 10 of 11 workspace projects
packages/contracts typecheck$ tsc -p tsconfig.json --noEmit
packages/domain typecheck$ tsc -p tsconfig.json --noEmit
packages/editor-core typecheck$ tsc -p tsconfig.json --noEmit
packages/domain typecheck: Done
packages/editor-core typecheck: Done
packages/contracts typecheck: Done
apps/desktop/main typecheck$ tsc -p tsconfig.json --noEmit
apps/desktop/preload typecheck$ tsc -p tsconfig.json --noEmit
apps/desktop/renderer typecheck$ tsc -p tsconfig.json --noEmit
packages/prompts typecheck$ tsc -p tsconfig.json --noEmit
packages/prompts typecheck: Done
apps/desktop/preload typecheck: Done
apps/desktop/main typecheck: Done
apps/desktop/renderer typecheck: Done
packages/core-service typecheck$ tsc -p tsconfig.json --noEmit
packages/core-service typecheck: Done
packages/testkit typecheck$ tsc -p tsconfig.json --noEmit
packages/testkit typecheck: Done
$ pnpm test:unit
$ pnpm test:prepare && vitest run tests/unit
$ pnpm --filter @worldforge/domain build && pnpm --filter @worldforge/contracts build && pnpm --filter @worldforge/prompts build && pnpm --filter @worldforge/editor-core build && pnpm --filter @worldforge/core-service build
$ tsc -p tsconfig.json
$ tsc -p tsconfig.json
$ tsc -p tsconfig.json
$ tsc -p tsconfig.json
$ tsc -p tsconfig.json

[1m[30m[46m RUN [49m[39m[22m [36mv4.1.10 [39m[90m/home/runner/work/666/666[39m

 [32m✓[39m tests/unit/electron-main-bootstrap-coverage.test.ts [2m([22m[2m6 tests[22m[2m)[22m[32m 101[2mms[22m[39m
 [32m✓[39m tests/unit/core-project-routers-coverage.test.ts [2m([22m[2m9 tests[22m[2m)[22m[32m 38[2mms[22m[39m
 [32m✓[39m tests/unit/renderer-presentation-interactions.test.ts [2m([22m[2m4 tests[22m[2m)[22m[32m 48[2mms[22m[39m
[90mstdout[2m | tests/unit/evidence-policy.test.ts[2m > [22m[2mevidence policy[2m > [22m[2mverifies documentation bytes, hashes and complete file registration
[22m[39mEvidence document gate passed for M9-99.

[90mstdout[2m | tests/unit/evidence-policy.test.ts[2m > [22m[2mevidence policy[2m > [22m[2mverifies documentation bytes, hashes and complete file registration
[22m[39mEvidence document gate passed for M9-99.

hint: Using 'master' as the name for the initial branch. This default branch name
hint: will change to "main" in Git 3.0. To configure the initial branch name
hint: to use in all of your new repositories, which will suppress this warning,
hint: call:
hint:
hint: 	git config --global init.defaultBranch <name>
hint:
hint: Names commonly chosen instead of 'master' are 'main', 'trunk' and
hint: 'development'. The just-created branch can be renamed via this command:
hint:
hint: 	git branch -m <name>
hint:
hint: Disable this message with "git config set advice.defaultBranchName false"
[90mstdout[2m | tests/unit/evidence-policy.test.ts[2m > [22m[2mevidence policy[2m > [22m[2mreturns cleanly when a Draft revision changes no Evidence package
[22m[39mNo changed evidence documents at 7b3db69b367861bf81548ca62a1162328e6e3f4a; no task Evidence package validation is required for this revision.

hint: Using 'master' as the name for the initial branch. This default branch name
hint: will change to "main" in Git 3.0. To configure the initial branch name
hint: to use in all of your new repositories, which will suppress this warning,
hint: call:
hint:
hint: 	git config --global init.defaultBranch <name>
hint:
hint: Names commonly chosen instead of 'master' are 'main', 'trunk' and
hint: 'development'. The just-created branch can be renamed via this command:
hint:
hint: 	git branch -m <name>
hint:
hint: Disable this message with "git config set advice.defaultBranchName false"
[worldforge-core] window-preferences.save.failed
hint: Using 'master' as the name for the initial branch. This default branch name
hint: will change to "main" in Git 3.0. To configure the initial branch name
hint: to use in all of your new repositories, which will suppress this warning,
hint: call:
hint:
hint: 	git config --global init.defaultBranch <name>
hint:
hint: Names commonly chosen instead of 'master' are 'main', 'trunk' and
hint: 'development'. The just-created branch can be renamed via this command:
hint:
hint: 	git branch -m <name>
hint:
hint: Disable this message with "git config set advice.defaultBranchName false"
[worldforge-core] core.shutdown.failed
 [32m✓[39m tests/unit/core-utility-entry-coverage.test.ts [2m([22m[2m6 tests[22m[2m)[22m[33m 1608[2mms[22m[39m
     [33m[2m✓[22m[39m requires a parent port and all absolute startup arguments [33m 1496[2mms[22m[39m
[90mstdout[2m | tests/unit/evidence-policy.test.ts[2m > [22m[2mReady Evidence closure[2m > [22m[2maccepts a Ready Head whose implementation commit is followed only by final closure files
[22m[39mEvidence document gate passed for M10-09.

[90mstdout[2m | tests/unit/evidence-policy.test.ts[2m > [22m[2mReady Evidence closure[2m > [22m[2maccepts a Ready Head whose implementation commit is followed only by final closure files
[22m[39mValidated 1 changed evidence document set(s) at 4f7c57a8ebb01df824faebc38b3886791e838771.

hint: Using 'master' as the name for the initial branch. This default branch name
hint: will change to "main" in Git 3.0. To configure the initial branch name
hint: to use in all of your new repositories, which will suppress this warning,
hint: call:
hint:
hint: 	git config --global init.defaultBranch <name>
hint:
hint: Names commonly chosen instead of 'master' are 'main', 'trunk' and
hint: 'development'. The just-created branch can be renamed via this command:
hint:
hint: 	git branch -m <name>
hint:
hint: Disable this message with "git config set advice.defaultBranchName false"
[90mstdout[2m | tests/unit/evidence-policy.test.ts[2m > [22m[2mReady Evidence closure[2m > [22m[2mallows stale intermediate Evidence on Draft but rejects it on Ready
[22m[39mEvidence document gate passed for M10-09.

[90mstdout[2m | tests/unit/evidence-policy.test.ts[2m > [22m[2mReady Evidence closure[2m > [22m[2mallows stale intermediate Evidence on Draft but rejects it on Ready
[22m[39mValidated 1 changed evidence document set(s) at f1d75b3a54599ac02b518cfd6c917c5da432c9f9.

[90mstdout[2m | tests/unit/evidence-policy.test.ts[2m > [22m[2mReady Evidence closure[2m > [22m[2mallows stale intermediate Evidence on Draft but rejects it on Ready
[22m[39mEvidence document gate passed for M10-09.

hint: Using 'master' as the name for the initial branch. This default branch name
hint: will change to "main" in Git 3.0. To configure the initial branch name
hint: to use in all of your new repositories, which will suppress this warning,
hint: call:
hint:
hint: 	git config --global init.defaultBranch <name>
hint:
hint: Names commonly chosen instead of 'master' are 'main', 'trunk' and
hint: 'development'. The just-created branch can be renamed via this command:
hint:
hint: 	git branch -m <name>
hint:
hint: Disable this message with "git config set advice.defaultBranchName false"
 [32m✓[39m tests/unit/core-recovery-supervisor-branch-coverage.test.ts [2m([22m[2m16 tests[22m[2m)[22m[32m 42[2mms[22m[39m
[90mstdout[2m | tests/unit/evidence-policy.test.ts[2m > [22m[2mReady Evidence closure[2m > [22m[2mrejects cross-task Evidence written after the current implementation commit
[22m[39mEvidence document gate passed for M10-08.

[90mstdout[2m | tests/unit/evidence-policy.test.ts[2m > [22m[2mReady Evidence closure[2m > [22m[2mrejects cross-task Evidence written after the current implementation commit
[22m[39mEvidence document gate passed for M10-09.

hint: Using 'master' as the name for the initial branch. This default branch name
hint: will change to "main" in Git 3.0. To configure the initial branch name
hint: to use in all of your new repositories, which will suppress this warning,
hint: call:
hint:
hint: 	git config --global init.defaultBranch <name>
hint:
hint: Names commonly chosen instead of 'master' are 'main', 'trunk' and
hint: 'development'. The just-created branch can be renamed via this command:
hint:
hint: 	git branch -m <name>
hint:
hint: Disable this message with "git config set advice.defaultBranchName false"
 [32m✓[39m tests/unit/evidence-policy.test.ts [2m([22m[2m13 tests[22m[2m)[22m[33m 775[2mms[22m[39m
 [32m✓[39m tests/unit/prompts-coverage.test.ts [2m([22m[2m21 tests[22m[2m)[22m[32m 61[2mms[22m[39m
[90mstdout[2m | tests/unit/ipc-handlers-branch-coverage.test.ts
[22m[39mDownloading Electron binary...

 [32m✓[39m tests/unit/ipc-handlers-branch-coverage.test.ts [2m([22m[2m8 tests[22m[2m)[22m[32m 59[2mms[22m[39m
 [32m✓[39m tests/unit/ar10-main-ipc-domain-coverage.test.ts [2m([22m[2m3 tests[22m[2m)[22m[32m 63[2mms[22m[39m
 [32m✓[39m tests/unit/editor-core-draft-document-coverage.test.ts [2m([22m[2m12 tests[22m[2m)[22m[32m 35[2mms[22m[39m
 [32m✓[39m tests/unit/editor-document.test.ts [2m([22m[2m8 tests[22m[2m)[22m[32m 47[2mms[22m[39m
 [32m✓[39m tests/unit/writing-assistance.test.ts [2m([22m[2m5 tests[22m[2m)[22m[32m 29[2mms[22m[39m
 [32m✓[39m tests/unit/domain-invariants-coverage.test.ts [2m([22m[2m12 tests[22m[2m)[22m[32m 51[2mms[22m[39m
 [32m✓[39m tests/unit/preload-bridge-coverage.test.ts [2m([22m[2m5 tests[22m[2m)[22m[33m 1076[2mms[22m[39m
     [33m[2m✓[22m[39m uses exact channels and authoritative schemas for representative capabilities [33m 301[2mms[22m[39m
 [32m✓[39m tests/unit/core-utility-router-coverage.test.ts [2m([22m[2m15 tests[22m[2m)[22m[32m 39[2mms[22m[39m
 [32m✓[39m tests/unit/app-shell-runtime-models.test.ts [2m([22m[2m5 tests[22m[2m)[22m[32m 29[2mms[22m[39m
 [32m✓[39m tests/unit/writing-generation-start.test.ts [2m([22m[2m12 tests[22m[2m)[22m[32m 42[2mms[22m[39m
 [32m✓[39m tests/unit/renderer-react-runtime-root.test.ts [2m([22m[2m6 tests[22m[2m)[22m[32m 33[2mms[22m[39m
 [32m✓[39m tests/unit/renderer-m3-09-workbenches.test.ts [2m([22m[2m3 tests[22m[2m)[22m[32m 92[2mms[22m[39m
 [32m✓[39m tests/unit/ipc-handlers-real-surface-coverage.test.ts [2m([22m[2m3 tests[22m[2m)[22m[32m 36[2mms[22m[39m
 [32m✓[39m tests/unit/core-candidate-diff-coverage.test.ts [2m([22m[2m12 tests[22m[2m)[22m[32m 42[2mms[22m[39m
 [32m✓[39m tests/unit/core-utility-errors-coverage.test.ts [2m([22m[2m84 tests[22m[2m)[22m[32m 66[2mms[22m[39m
 [32m✓[39m tests/unit/writing-candidate-actions.test.ts [2m([22m[2m6 tests[22m[2m)[22m[32m 23[2mms[22m[39m
 [32m✓[39m tests/unit/m10-12-renderer-generation-epoch.test.ts [2m([22m[2m11 tests[22m[2m)[22m[32m 136[2mms[22m[39m
 [32m✓[39m tests/unit/package-desktop.test.ts [2m([22m[2m14 tests[22m[2m)[22m[32m 26[2mms[22m[39m
 [32m✓[39m tests/unit/renderer-continuation-request-coordination.test.ts [2m([22m[2m6 tests[22m[2m)[22m[32m 184[2mms[22m[39m
 [32m✓[39m tests/unit/capability-runtime-navigation.test.ts [2m([22m[2m4 tests[22m[2m)[22m[32m 20[2mms[22m[39m
 [32m✓[39m tests/unit/writing-candidate-loader.test.ts [2m([22m[2m5 tests[22m[2m)[22m[32m 34[2mms[22m[39m
 [32m✓[39m tests/unit/core-recovery-supervisor.test.ts [2m([22m[2m5 tests[22m[2m)[22m[32m 24[2mms[22m[39m
 [32m✓[39m tests/unit/core-narrative-router-coverage.test.ts [2m([22m[2m24 tests[22m[2m)[22m[32m 44[2mms[22m[39m
 [32m✓[39m tests/unit/bridge-request-sharing.test.ts [2m([22m[2m6 tests[22m[2m)[22m[32m 23[2mms[22m[39m
 [32m✓[39m tests/unit/author-review-delivery.test.ts [2m([22m[2m12 tests[22m[2m)[22m[32m 30[2mms[22m[39m
 [32m✓[39m tests/unit/editor-core-diff-coverage.test.ts [2m([22m[2m14 tests[22m[2m)[22m[32m 42[2mms[22m[39m
 [32m✓[39m tests/unit/autosave-writing-tools.test.ts [2m([22m[2m10 tests[22m[2m)[22m[32m 38[2mms[22m[39m
[90mstdout[2m | tests/unit/release-tool.test.ts[2m > [22m[2mrelease tool[2m > [22m[2mrequires one verified package manifest per platform before publication
[22m[39mVerified WorldForge-linux.zip for linux.

[90mstdout[2m | tests/unit/release-tool.test.ts[2m > [22m[2mrelease tool[2m > [22m[2mrequires one verified package manifest per platform before publication
[22m[39mVerified WorldForge-macos.zip for macos.

[90mstdout[2m | tests/unit/release-tool.test.ts[2m > [22m[2mrelease tool[2m > [22m[2mrequires one verified package manifest per platform before publication
[22m[39mVerified WorldForge-windows.zip for windows.

[90mstdout[2m | tests/unit/release-tool.test.ts[2m > [22m[2mrelease tool[2m > [22m[2mrequires one verified package manifest per platform before publication
[22m[39mVerified WorldForge-linux.zip for linux.

[90mstdout[2m | tests/unit/release-tool.test.ts[2m > [22m[2mrelease tool[2m > [22m[2mrequires one verified package manifest per platform before publication
[22m[39mVerified WorldForge-macos.zip for macos.

 [32m✓[39m tests/unit/release-tool.test.ts [2m([22m[2m7 tests[22m[2m)[22m[32m 52[2mms[22m[39m
 [32m✓[39m tests/unit/renderer-ui-state-boundary.test.ts [2m([22m[2m19 tests[22m[2m)[22m[32m 40[2mms[22m[39m
 [32m✓[39m tests/unit/m10-19-lifecycle-renderer-recovery.test.ts [2m([22m[2m3 tests[22m[2m)[22m[32m 73[2mms[22m[39m
 [32m✓[39m tests/unit/ar10-main-ipc-error-coverage.test.ts [2m([22m[2m3 tests[22m[2m)[22m[32m 40[2mms[22m[39m
 [32m✓[39m tests/unit/m10-03-ipc-protocol-maintenance.test.ts [2m([22m[2m6 tests[22m[2m)[22m[32m 41[2mms[22m[39m
 [32m✓[39m tests/unit/renderer-home-settings-taskbar.test.ts [2m([22m[2m7 tests[22m[2m)[22m[32m 23[2mms[22m[39m
 [32m✓[39m tests/unit/renderer-react-foundation.test.ts [2m([22m[2m9 tests[22m[2m)[22m[32m 33[2mms[22m[39m
 [32m✓[39m tests/unit/code-quality-governance.test.ts [2m([22m[2m8 tests[22m[2m)[22m[32m 37[2mms[22m[39m
 [32m✓[39m tests/unit/editor-core-lock-guard-coverage.test.ts [2m([22m[2m8 tests[22m[2m)[22m[32m 34[2mms[22m[39m
 [32m✓[39m tests/unit/core-recovery-supervisor-dom.test.ts [2m([22m[2m2 tests[22m[2m)[22m[32m 133[2mms[22m[39m
[worldforge-core] task-command.execute.failed
[worldforge-core] window-preferences.save.failed
 [32m✓[39m tests/unit/m10-13-utility-lifecycle.test.ts [2m([22m[2m4 tests[22m[2m)[22m[32m 25[2mms[22m[39m
 [32m✓[39m tests/unit/m10-12-generation-persist-cancel-race.test.ts [2m([22m[2m1 test[22m[2m)[22m[32m 40[2mms[22m[39m
 [32m✓[39m tests/unit/writing-candidate-regressions.test.ts [2m([22m[2m4 tests[22m[2m)[22m[32m 24[2mms[22m[39m
 [32m✓[39m tests/unit/task-control.test.ts [2m([22m[2m10 tests[22m[2m)[22m[32m 28[2mms[22m[39m
 [32m✓[39m tests/unit/renderer-navigation-target.test.ts [2m([22m[2m6 tests[22m[2m)[22m[32m 21[2mms[22m[39m
 [32m✓[39m tests/unit/ci-efficiency.test.ts [2m([22m[2m11 tests[22m[2m)[22m[32m 38[2mms[22m[39m
 [32m✓[39m tests/unit/m10-13-provider-settings-controller.test.ts [2m([22m[2m5 tests[22m[2m)[22m[32m 28[2mms[22m[39m
 [32m✓[39m tests/unit/m10-12-generation-cancel-order.test.ts [2m([22m[2m1 test[22m[2m)[22m[32m 34[2mms[22m[39m
 [32m✓[39m tests/unit/testkit-fixtures-evidence.test.ts [2m([22m[2m6 tests[22m[2m)[22m[33m 319[2mms[22m[39m
 [32m✓[39m tests/unit/renderer-runtime-dom-boundaries.test.ts [2m([22m[2m2 tests[22m[2m)[22m[32m 25[2mms[22m[39m
 [32m✓[39m tests/unit/m10-12-generation-cancel-barrier.test.ts [2m([22m[2m1 test[22m[2m)[22m[32m 34[2mms[22m[39m
 [32m✓[39m tests/unit/provider-integrated-hardening.test.ts [2m([22m[2m3 tests[22m[2m)[22m[32m 38[2mms[22m[39m
 [32m✓[39m tests/unit/renderer-app-shell-model.test.ts [2m([22m[2m8 tests[22m[2m)[22m[32m 22[2mms[22m[39m
 [32m✓[39m tests/unit/ci-draft-routing.test.ts [2m([22m[2m5 tests[22m[2m)[22m[32m 75[2mms[22m[39m
 [32m✓[39m tests/unit/m10-13-writing-context-ownership.test.ts [2m([22m[2m6 tests[22m[2m)[22m[32m 24[2mms[22m[39m
 [32m✓[39m tests/unit/atomic-file-transaction.test.ts [2m([22m[2m5 tests[22m[2m)[22m[32m 74[2mms[22m[39m
 [32m✓[39m tests/unit/m10-13-renderer-command-coordinator.test.ts [2m([22m[2m6 tests[22m[2m)[22m[32m 26[2mms[22m[39m
 [32m✓[39m tests/unit/m10-15-generation-preflight.test.ts [2m([22m[2m3 tests[22m[2m)[22m[32m 26[2mms[22m[39m
 [32m✓[39m tests/unit/renderer-foundation-runtime.test.ts [2m([22m[2m4 tests[22m[2m)[22m[32m 24[2mms[22m[39m
 [32m✓[39m tests/unit/writing-generation-subscription.test.ts [2m([22m[2m4 tests[22m[2m)[22m[32m 27[2mms[22m[39m
 [32m✓[39m tests/unit/author-language.test.ts [2m([22m[2m10 tests[22m[2m)[22m[32m 23[2mms[22m[39m
 [32m✓[39m tests/unit/writing-tools.test.ts [2m([22m[2m8 tests[22m[2m)[22m[32m 25[2mms[22m[39m
hint: Using 'master' as the name for the initial branch. This default branch name
hint: will change to "main" in Git 3.0. To configure the initial branch name
hint: to use in all of your new repositories, which will suppress this warning,
hint: call:
hint:
hint: 	git config --global init.defaultBranch <name>
hint:
hint: Names commonly chosen instead of 'master' are 'main', 'trunk' and
hint: 'development'. The just-created branch can be renamed via this command:
hint:
hint: 	git branch -m <name>
hint:
hint: Disable this message with "git config set advice.defaultBranchName false"
 [32m✓[39m tests/unit/effective-task-status.test.ts [2m([22m[2m6 tests[22m[2m)[22m[32m 115[2mms[22m[39m
 [32m✓[39m tests/unit/m10-13-core-supervisor-boundary.test.ts [2m([22m[2m3 tests[22m[2m)[22m[32m 38[2mms[22m[39m
 [32m✓[39m tests/unit/m10-13-recovery-overview-gate.test.ts [2m([22m[2m2 tests[22m[2m)[22m[32m 26[2mms[22m[39m
 [32m✓[39m tests/unit/testkit-determinism-provider.test.ts [2m([22m[2m4 tests[22m[2m)[22m[32m 25[2mms[22m[39m
 [32m✓[39m tests/unit/shared-structure-boundary.test.ts [2m([22m[2m4 tests[22m[2m)[22m[32m 23[2mms[22m[39m
 [32m✓[39m tests/unit/m10-12-generation-start-pending.test.ts [2m([22m[2m3 tests[22m[2m)[22m[32m 72[2mms[22m[39m
 [32m✓[39m tests/unit/generation-contracts.test.ts [2m([22m[2m5 tests[22m[2m)[22m[32m 25[2mms[22m[39m
 [32m✓[39m tests/unit/editor-persisted-metadata-sync.test.ts [2m([22m[2m4 tests[22m[2m)[22m[32m 25[2mms[22m[39m
 [32m✓[39m tests/unit/canon-author-fields.test.ts [2m([22m[2m5 tests[22m[2m)[22m[32m 26[2mms[22m[39m
 [32m✓[39m tests/unit/structured-candidate-contracts.test.ts [2m([22m[2m3 tests[22m[2m)[22m[32m 31[2mms[22m[39m
 [32m✓[39m tests/unit/writing-generation-run-actions.test.ts [2m([22m[2m5 tests[22m[2m)[22m[32m 29[2mms[22m[39m
 [32m✓[39m tests/unit/capability-matrix.test.ts [2m([22m[2m6 tests[22m[2m)[22m[32m 24[2mms[22m[39m
 [32m✓[39m tests/unit/m8-09-v1-stability-invariants.test.ts [2m([22m[2m6 tests[22m[2m)[22m[32m 32[2mms[22m[39m
 [32m✓[39m tests/unit/editor-draft-patch.test.ts [2m([22m[2m4 tests[22m[2m)[22m[32m 21[2mms[22m[39m
 [32m✓[39m tests/unit/ui-acceptance-gate.test.ts [2m([22m[2m5 tests[22m[2m)[22m[32m 28[2mms[22m[39m
 [32m✓[39m tests/unit/ar09-preload-factory-boundaries.test.ts [2m([22m[2m5 tests[22m[2m)[22m[32m 24[2mms[22m[39m
 [32m✓[39m tests/unit/electron-window-state-coverage.test.ts [2m([22m[2m7 tests[22m[2m)[22m[32m 31[2mms[22m[39m
 [32m✓[39m tests/unit/tooling-hardening.test.ts [2m([22m[2m6 tests[22m[2m)[22m[32m 42[2mms[22m[39m
 [32m✓[39m tests/unit/m10-17-planning-mode-ownership.test.ts [2m([22m[2m3 tests[22m[2m)[22m[32m 24[2mms[22m[39m
 [32m✓[39m tests/unit/renderer-shell-bridge-adapter.test.ts [2m([22m[2m1 test[22m[2m)[22m[32m 24[2mms[22m[39m
 [32m✓[39m tests/unit/test-quality-audit.test.ts [2m([22m[2m4 tests[22m[2m)[22m[32m 180[2mms[22m[39m
 [32m✓[39m tests/unit/ar06-planning-boundaries.test.ts [2m([22m[2m3 tests[22m[2m)[22m[32m 22[2mms[22m[39m
 [32m✓[39m tests/unit/audit-remediation-manifest-discovery.test.ts [2m([22m[2m3 tests[22m[2m)[22m[32m 35[2mms[22m[39m
 [32m✓[39m tests/unit/m10-13-project-session-transition.test.ts [2m([22m[2m4 tests[22m[2m)[22m[32m 21[2mms[22m[39m
 [32m✓[39m tests/unit/bridge-request-detachment.test.ts [2m([22m[2m4 tests[22m[2m)[22m[32m 25[2mms[22m[39m
 [32m✓[39m tests/unit/workflow-structure-policy.test.ts [2m([22m[2m4 tests[22m[2m)[22m[32m 109[2mms[22m[39m
 [32m✓[39m tests/unit/m10-17-project-task-barrier.test.ts [2m([22m[2m4 tests[22m[2m)[22m[32m 47[2mms[22m[39m
 [32m✓[39m tests/unit/ar07-app-shell-boundaries.test.ts [2m([22m[2m3 tests[22m[2m)[22m[32m 26[2mms[22m[39m
 [32m✓[39m tests/unit/work-synchronization.test.ts [2m([22m[2m9 tests[22m[2m)[22m[32m 20[2mms[22m[39m
 [32m✓[39m tests/unit/m10-13-candidate-command-ownership.test.ts [2m([22m[2m2 tests[22m[2m)[22m[32m 15[2mms[22m[39m
 [32m✓[39m tests/unit/ar08-contracts-public-surface.test.ts [2m([22m[2m2 tests[22m[2m)[22m[32m 17[2mms[22m[39m
 [32m✓[39m tests/unit/squash-provenance.test.ts [2m([22m[2m2 tests[22m[2m)[22m[33m 342[2mms[22m[39m
 [32m✓[39m tests/unit/verified-evidence-scan.test.ts [2m([22m[2m5 tests[22m[2m)[22m[32m 16[2mms[22m[39m
 [32m✓[39m tests/unit/m10-13-renderer-command-invalidation.test.ts [2m([22m[2m4 tests[22m[2m)[22m[32m 53[2mms[22m[39m
 [32m✓[39m tests/unit/credential-broker.test.ts [2m([22m[2m3 tests[22m[2m)[22m[32m 70[2mms[22m[39m
 [32m✓[39m tests/unit/renderer-generation-sources-race.test.ts [2m([22m[2m3 tests[22m[2m)[22m[32m 20[2mms[22m[39m
 [32m✓[39m tests/unit/bounded-idempotent-promise-cache.test.ts [2m([22m[2m3 tests[22m[2m)[22m[32m 22[2mms[22m[39m
 [32m✓[39m tests/unit/writing-session-architecture.test.ts [2m([22m[2m3 tests[22m[2m)[22m[32m 29[2mms[22m[39m
 [32m✓[39m tests/unit/backup-metadata-compatibility.test.ts [2m([22m[2m2 tests[22m[2m)[22m[32m 28[2mms[22m[39m
 [32m✓[39m tests/unit/renderer-shutdown-ipc.test.ts [2m([22m[2m2 tests[22m[2m)[22m[32m 26[2mms[22m[39m
 [32m✓[39m tests/unit/automated-verification-authority.test.ts [2m([22m[2m6 tests[22m[2m)[22m[32m 22[2mms[22m[39m
 [32m✓[39m tests/unit/renderer-continuation-persistence.test.ts [2m([22m[2m4 tests[22m[2m)[22m[32m 16[2mms[22m[39m
 [32m✓[39m tests/unit/ar10-main-ipc-boundaries.test.ts [2m([22m[2m3 tests[22m[2m)[22m[32m 22[2mms[22m[39m
 [32m✓[39m tests/unit/renderer-c3-generation-workbench.test.ts [2m([22m[2m2 tests[22m[2m)[22m[32m 28[2mms[22m[39m
 [32m✓[39m tests/unit/ar13-structure-operations-boundaries.test.ts [2m([22m[2m3 tests[22m[2m)[22m[32m 18[2mms[22m[39m
 [32m✓[39m tests/unit/editor-persisted-metadata-isolation.test.ts [2m([22m[2m2 tests[22m[2m)[22m[32m 28[2mms[22m[39m
 [32m✓[39m tests/unit/renderer-startup-compatibility.test.ts [2m([22m[2m3 tests[22m[2m)[22m[32m 26[2mms[22m[39m
 [32m✓[39m tests/unit/m10-full-code-audit-baseline.test.ts [2m([22m[2m3 tests[22m[2m)[22m[33m 343[2mms[22m[39m
 [32m✓[39m tests/unit/full-work-validation.test.ts [2m([22m[2m2 tests[22m[2m)[22m[32m 51[2mms[22m[39m
 [32m✓[39m tests/unit/ar13-utility-control-boundaries.test.ts [2m([22m[2m3 tests[22m[2m)[22m[32m 26[2mms[22m[39m
 [32m✓[39m tests/unit/renderer-zero-coverage-helpers.test.ts [2m([22m[2m3 tests[22m[2m)[22m[32m 21[2mms[22m[39m
 [32m✓[39m tests/unit/strict-testkit.test.ts [2m([22m[2m9 tests[22m[2m)[22m[32m 22[2mms[22m[39m
 [32m✓[39m tests/unit/draft-semantic.test.ts [2m([22m[2m3 tests[22m[2m)[22m[32m 22[2mms[22m[39m
[worldforge-core] parent-port.send.failed
[worldforge-core] test.operation.failed
[worldforge-core] test.success-build.failed.success-build.failed
 [32m✓[39m tests/unit/m10-13-utility-control-context.test.ts [2m([22m[2m3 tests[22m[2m)[22m[32m 22[2mms[22m[39m
 [32m✓[39m tests/unit/chapter-session-state.test.ts [2m([22m[2m3 tests[22m[2m)[22m[32m 21[2mms[22m[39m
 [32m✓[39m tests/unit/renderer-draft-continuation-feedback.test.ts [2m([22m[2m4 tests[22m[2m)[22m[32m 23[2mms[22m[39m
 [32m✓[39m tests/unit/app-shell-capability-actions.test.ts [2m([22m[2m2 tests[22m[2m)[22m[32m 21[2mms[22m[39m
 [32m✓[39m tests/unit/task-ordering.test.ts [2m([22m[2m4 tests[22m[2m)[22m[32m 16[2mms[22m[39m
 [32m✓[39m tests/unit/m10-13-core-rpc-channel.test.ts [2m([22m[2m3 tests[22m[2m)[22m[32m 22[2mms[22m[39m
 [32m✓[39m tests/unit/m10-22-renderer-ownership-render.test.ts [2m([22m[2m1 test[22m[2m)[22m[32m 37[2mms[22m[39m
 [32m✓[39m tests/unit/m10-13-candidate-review-render.test.ts [2m([22m[2m1 test[22m[2m)[22m[32m 31[2mms[22m[39m
 [32m✓[39m tests/unit/branch-hygiene.test.ts [2m([22m[2m5 tests[22m[2m)[22m[32m 20[2mms[22m[39m
 [32m✓[39m tests/unit/search-panel-request-lanes.test.ts [2m([22m[2m4 tests[22m[2m)[22m[32m 25[2mms[22m[39m
 [32m✓[39m tests/unit/scan-secrets.test.ts [2m([22m[2m5 tests[22m[2m)[22m[32m 21[2mms[22m[39m
 [32m✓[39m tests/unit/m10-12-recovery-compensation.test.ts [2m([22m[2m3 tests[22m[2m)[22m[32m 15[2mms[22m[39m
 [32m✓[39m tests/unit/provider-contracts.test.ts [2m([22m[2m2 tests[22m[2m)[22m[32m 27[2mms[22m[39m
 [32m✓[39m tests/unit/main-task-verification.test.ts [2m([22m[2m3 tests[22m[2m)[22m[32m 19[2mms[22m[39m
 [32m✓[39m tests/unit/draft-flush-registry.test.ts [2m([22m[2m4 tests[22m[2m)[22m[32m 22[2mms[22m[39m
 [32m✓[39m tests/unit/source-structure-policy.test.ts [2m([22m[2m4 tests[22m[2m)[22m[32m 15[2mms[22m[39m
 [32m✓[39m tests/unit/single-flight-polling.test.ts [2m([22m[2m2 tests[22m[2m)[22m[32m 18[2mms[22m[39m
 [32m✓[39m tests/unit/request-generation.test.ts [2m([22m[2m4 tests[22m[2m)[22m[32m 20[2mms[22m[39m
 [32m✓[39m tests/unit/task-gap-recovery.test.ts [2m([22m[2m3 tests[22m[2m)[22m[32m 14[2mms[22m[39m
 [32m✓[39m tests/unit/capability-runtime-provider.test.ts [2m([22m[2m1 test[22m[2m)[22m[32m 13[2mms[22m[39m
 [32m✓[39m tests/unit/ar13-validation-boundaries.test.ts [2m([22m[2m2 tests[22m[2m)[22m[32m 21[2mms[22m[39m
 [32m✓[39m tests/unit/testkit-project-migrations.test.ts [2m([22m[2m3 tests[22m[2m)[22m[32m 90[2mms[22m[39m
 [32m✓[39m tests/unit/m10-17-startup-degraded.test.ts [2m([22m[2m2 tests[22m[2m)[22m[32m 21[2mms[22m[39m
 [32m✓[39m tests/unit/recovery-path-name.test.ts [2m([22m[2m4 tests[22m[2m)[22m[32m 22[2mms[22m[39m
 [32m✓[39m tests/unit/electron-e2e-runner.test.ts [2m([22m[2m3 tests[22m[2m)[22m[32m 14[2mms[22m[39m
 [32m✓[39m tests/unit/editor-lock-patch.test.ts [2m([22m[2m2 tests[22m[2m)[22m[32m 19[2mms[22m[39m
 [32m✓[39m tests/unit/constraint-package-domain.test.ts [2m([22m[2m3 tests[22m[2m)[22m[32m 20[2mms[22m[39m
 [32m✓[39m tests/unit/sql-migration-policy.test.ts [2m([22m[2m5 tests[22m[2m)[22m[32m 17[2mms[22m[39m
 [32m✓[39m tests/unit/ar13-search-candidate.test.ts [2m([22m[2m2 tests[22m[2m)[22m[32m 20[2mms[22m[39m
 [32m✓[39m tests/unit/workspace-attention.test.ts [2m([22m[2m2 tests[22m[2m)[22m[32m 14[2mms[22m[39m
 [32m✓[39m tests/unit/ar13-narrative-planning-boundaries.test.ts [2m([22m[2m2 tests[22m[2m)[22m[32m 17[2mms[22m[39m
 [32m✓[39m tests/unit/renderer-layout-model-coverage.test.ts [2m([22m[2m22 tests[22m[2m)[22m[32m 32[2mms[22m[39m
 [32m✓[39m tests/unit/single-work-taskctl.test.ts [2m([22m[2m3 tests[22m[2m)[22m[32m 17[2mms[22m[39m
 [32m✓[39m tests/unit/writing-save-context-contract.test.ts [2m([22m[2m1 test[22m[2m)[22m[32m 13[2mms[22m[39m
 [32m✓[39m tests/unit/validation-trigger-error-mapping.test.ts [2m([22m[2m7 tests[22m[2m)[22m[32m 20[2mms[22m[39m
 [32m✓[39m tests/unit/m10-13-structure-delete-engine.test.ts [2m([22m[2m2 tests[22m[2m)[22m[32m 17[2mms[22m[39m
 [32m✓[39m tests/unit/stable-json.test.ts [2m([22m[2m2 tests[22m[2m)[22m[32m 16[2mms[22m[39m
 [32m✓[39m tests/unit/checks-generation-polling.test.ts [2m([22m[2m2 tests[22m[2m)[22m[32m 14[2mms[22m[39m
 [32m✓[39m tests/unit/ar12-project-workspace-path-policy-branches.test.ts [2m([22m[2m2 tests[22m[2m)[22m[32m 19[2mms[22m[39m
 [32m✓[39m tests/unit/ai-readiness.test.ts [2m([22m[2m2 tests[22m[2m)[22m[32m 18[2mms[22m[39m
 [32m✓[39m tests/unit/ar13-search-index-boundaries.test.ts [2m([22m[2m2 tests[22m[2m)[22m[32m 14[2mms[22m[39m
 [32m✓[39m tests/unit/provider-abort-signal.test.ts [2m([22m[2m2 tests[22m[2m)[22m[32m 19[2mms[22m[39m
 [32m✓[39m tests/unit/ipc-error-semantics.test.ts [2m([22m[2m3 tests[22m[2m)[22m[32m 18[2mms[22m[39m
 [32m✓[39m tests/unit/m10-13-bridge-resource-context.test.ts [2m([22m[2m3 tests[22m[2m)[22m[32m 15[2mms[22m[39m
 [32m✓[39m tests/unit/m10-13-privacy-logger-boundary.test.ts [2m([22m[2m1 test[22m[2m)[22m[32m 20[2mms[22m[39m
 [32m✓[39m tests/unit/ar14-workspace-alignment-contract.test.ts [2m([22m[2m1 test[22m[2m)[22m[32m 14[2mms[22m[39m
 [32m✓[39m tests/unit/boundaries.test.ts [2m([22m[2m2 tests[22m[2m)[22m[32m 14[2mms[22m[39m
 [32m✓[39m tests/unit/taskctl-transaction-policy.test.ts [2m([22m[2m2 tests[22m[2m)[22m[32m 14[2mms[22m[39m
 [32m✓[39m tests/unit/export-selection-guard.test.ts [2m([22m[2m3 tests[22m[2m)[22m[32m 18[2mms[22m[39m
 [32m✓[39m tests/unit/m10-13-command-identity-contract.test.ts [2m([22m[2m2 tests[22m[2m)[22m[32m 18[2mms[22m[39m
 [32m✓[39m tests/unit/m10-13-root-cause-governance.test.ts [2m([22m[2m1 test[22m[2m)[22m[32m 18[2mms[22m[39m
 [32m✓[39m tests/unit/generation-polling-policy.test.ts [2m([22m[2m2 tests[22m[2m)[22m[32m 16[2mms[22m[39m
 [32m✓[39m tests/unit/single-work-policy.test.ts [2m([22m[2m2 tests[22m[2m)[22m[32m 19[2mms[22m[39m
 [32m✓[39m tests/unit/m10-13-recovery-overview-availability.test.ts [2m([22m[2m1 test[22m[2m)[22m[32m 19[2mms[22m[39m
 [32m✓[39m tests/unit/branch-inventory-policy.test.ts [2m([22m[2m2 tests[22m[2m)[22m[32m 20[2mms[22m[39m
 [32m✓[39m tests/unit/editor-persisted-metadata-missing-client-id.test.ts [2m([22m[2m2 tests[22m[2m)[22m[32m 19[2mms[22m[39m
 [32m✓[39m tests/unit/search-model-secondary-error.test.ts [2m([22m[2m1 test[22m[2m)[22m[32m 17[2mms[22m[39m
 [32m✓[39m tests/unit/draft-flush-recovery-safety.test.ts [2m([22m[2m1 test[22m[2m)[22m[32m 20[2mms[22m[39m
 [32m✓[39m tests/unit/m10-13-recovery-overview-state.test.ts [2m([22m[2m1 test[22m[2m)[22m[32m 16[2mms[22m[39m
 [32m✓[39m tests/unit/author-error-message.test.ts [2m([22m[2m1 test[22m[2m)[22m[32m 12[2mms[22m[39m
 [32m✓[39m tests/unit/gitignore.test.ts [2m([22m[2m1 test[22m[2m)[22m[32m 13[2mms[22m[39m
 [32m✓[39m tests/unit/packaged-product-readiness.test.ts [2m([22m[2m1 test[22m[2m)[22m[32m 12[2mms[22m[39m

[2m Test Files [22m [1m[32m181 passed[39m[22m[90m (181)[39m
[2m      Tests [22m [1m[32m943 passed[39m[22m[90m (943)[39m
[2m   Start at [22m 09:52:24
[2m   Duration [22m 24.72s[2m (transform 6.83s, setup 2.90s, import 29.78s, tests 10.22s, environment 24ms)[22m

$ pnpm test:integration
$ vitest run tests/integration

[1m[30m[46m RUN [49m[39m[22m [36mv4.1.10 [39m[90m/home/runner/work/666/666[39m

 [32m✓[39m tests/integration/state-proposal-snapshot.test.ts [2m([22m[2m4 tests[22m[2m)[22m[33m 788[2mms[22m[39m
 [32m✓[39m tests/integration/structure-operations.test.ts [2m([22m[2m8 tests[22m[2m)[22m[33m 1900[2mms[22m[39m
 [32m✓[39m tests/integration/constraint-package.test.ts [2m([22m[2m4 tests[22m[2m)[22m[33m 827[2mms[22m[39m
 [32m✓[39m tests/integration/candidate-apply-transaction.test.ts [2m([22m[2m15 tests[22m[2m)[22m[33m 3018[2mms[22m[39m
 [32m✓[39m tests/integration/search-index.test.ts [2m([22m[2m3 tests[22m[2m)[22m[33m 670[2mms[22m[39m
 [32m✓[39m tests/integration/state-validation-provider.test.ts [2m([22m[2m2 tests[22m[2m)[22m[33m 487[2mms[22m[39m
 [32m✓[39m tests/integration/generation-run.test.ts [2m([22m[2m6 tests[22m[2m)[22m[33m 1265[2mms[22m[39m
 [32m✓[39m tests/integration/project-planning.test.ts [2m([22m[2m4 tests[22m[2m)[22m[33m 866[2mms[22m[39m
 [32m✓[39m tests/integration/m10-19-authority-governance.test.ts [2m([22m[2m5 tests[22m[2m)[22m[33m 1093[2mms[22m[39m
 [32m✓[39m tests/integration/generation-runtime.test.ts [2m([22m[2m4 tests[22m[2m)[22m[33m 857[2mms[22m[39m
 [32m✓[39m tests/integration/draft-lock-guard.test.ts [2m([22m[2m4 tests[22m[2m)[22m[33m 1517[2mms[22m[39m
     [33m[2m✓[22m[39m returns a structured batch conflict, skips every operation, and persists locks after reopen [33m 892[2mms[22m[39m
 [32m✓[39m tests/integration/m10-18-import-entity-arc-consistency.test.ts [2m([22m[2m3 tests[22m[2m)[22m[33m 1392[2mms[22m[39m
     [33m[2m✓[22m[39m recomputes permanent Entity blockers inside the delete transaction across Timeline and Arc references [33m 929[2mms[22m[39m
 [32m✓[39m tests/integration/candidate-version-model.test.ts [2m([22m[2m4 tests[22m[2m)[22m[33m 1059[2mms[22m[39m
     [33m[2m✓[22m[39m rejects Version and Candidate provenance from another project [33m 410[2mms[22m[39m
 [32m✓[39m tests/integration/project-structure.test.ts [2m([22m[2m6 tests[22m[2m)[22m[33m 1409[2mms[22m[39m
     [33m[2m✓[22m[39m creates the starter hierarchy by default and supports an explicit professional blank project [33m 349[2mms[22m[39m
 [32m✓[39m tests/integration/draft-patch.test.ts [2m([22m[2m3 tests[22m[2m)[22m[33m 627[2mms[22m[39m
 [32m✓[39m tests/integration/generation-source-resolver.test.ts [2m([22m[2m1 test[22m[2m)[22m[32m 297[2mms[22m[39m
 [32m✓[39m tests/integration/narrative-character-arc.test.ts [2m([22m[2m2 tests[22m[2m)[22m[33m 643[2mms[22m[39m
     [33m[2m✓[22m[39m rejects dependency cycles, foreign timeline events, invalid custom arcs, and AI writes [33m 399[2mms[22m[39m
 [32m✓[39m tests/integration/import-export-service.test.ts [2m([22m[2m3 tests[22m[2m)[22m[33m 666[2mms[22m[39m
 [32m✓[39m tests/integration/recovery-service.test.ts [2m([22m[2m4 tests[22m[2m)[22m[33m 6507[2mms[22m[39m
     [33m[2m✓[22m[39m creates a verified online checkpoint, exports a Version and restores a new writable project [33m 1186[2mms[22m[39m
     [33m[2m✓[22m[39m rejects low space and corrupted backup output without recording an unverified checkpoint [33m 351[2mms[22m[39m
     [33m[2m✓[22m[39m opens a physically unreadable project in recovery-only mode and restores an external checkpoint [33m 4730[2mms[22m[39m
 [32m✓[39m tests/integration/narrative-foreshadowing.test.ts [2m([22m[2m2 tests[22m[2m)[22m[33m 487[2mms[22m[39m
 [32m✓[39m tests/integration/task-protocol.test.ts [2m([22m[2m9 tests[22m[2m)[22m[32m 47[2mms[22m[39m
 [32m✓[39m tests/integration/continuity-service.test.ts [2m([22m[2m2 tests[22m[2m)[22m[33m 493[2mms[22m[39m
 [32m✓[39m tests/integration/scene-beat.test.ts [2m([22m[2m3 tests[22m[2m)[22m[33m 640[2mms[22m[39m
 [32m✓[39m tests/integration/version-service.test.ts [2m([22m[2m1 test[22m[2m)[22m[32m 220[2mms[22m[39m
 [32m✓[39m tests/integration/provider-connection.test.ts [2m([22m[2m5 tests[22m[2m)[22m[33m 2132[2mms[22m[39m
     [33m[2m✓[22m[39m keeps cancellation and timeout active after streaming response headers arrive [33m 1005[2mms[22m[39m
     [33m[2m✓[22m[39m normalizes authentication, rate-limit, model, timeout, interruption, and cancellation failures [33m 1009[2mms[22m[39m
 [32m✓[39m tests/integration/preload-ipc-core.integration.test.ts [2m([22m[2m2 tests[22m[2m)[22m[33m 445[2mms[22m[39m
 [32m✓[39m tests/integration/audit-m0-m2-remediation.test.ts [2m([22m[2m3 tests[22m[2m)[22m[33m 4665[2mms[22m[39m
     [33m[2m✓[22m[39m lists and exports Versions from a verified checkpoint when project.sqlite is unreadable [33m 4185[2mms[22m[39m
 [32m✓[39m tests/integration/app-data-repositories.test.ts [2m([22m[2m3 tests[22m[2m)[22m[32m 77[2mms[22m[39m
 [32m✓[39m tests/integration/entity-canon.test.ts [2m([22m[2m3 tests[22m[2m)[22m[33m 640[2mms[22m[39m
 [32m✓[39m tests/integration/search-replace-rhythm.test.ts [2m([22m[2m2 tests[22m[2m)[22m[33m 604[2mms[22m[39m
     [33m[2m✓[22m[39m searches authoritative Draft/Version/Entity data and applies only unlocked active Draft matches [33m 369[2mms[22m[39m
 [32m✓[39m tests/integration/state-proposal-valid-until.test.ts [2m([22m[2m3 tests[22m[2m)[22m[33m 653[2mms[22m[39m
 [32m✓[39m tests/integration/draft-document.test.ts [2m([22m[2m2 tests[22m[2m)[22m[33m 436[2mms[22m[39m
 [32m✓[39m tests/integration/candidate-preview-zero-write.test.ts [2m([22m[2m2 tests[22m[2m)[22m[33m 400[2mms[22m[39m
 [32m✓[39m tests/integration/m4-search-constraint-hardening.test.ts [2m([22m[2m2 tests[22m[2m)[22m[33m 468[2mms[22m[39m
 [32m✓[39m tests/integration/project-continuation.test.ts [2m([22m[2m3 tests[22m[2m)[22m[33m 754[2mms[22m[39m
     [33m[2m✓[22m[39m persists a minimal verified writing anchor across restart [33m 347[2mms[22m[39m
 [32m✓[39m tests/integration/scene-beat-entity-references.test.ts [2m([22m[2m1 test[22m[2m)[22m[32m 292[2mms[22m[39m
 [32m✓[39m tests/integration/constraint-package-authority.test.ts [2m([22m[2m3 tests[22m[2m)[22m[33m 665[2mms[22m[39m
 [32m✓[39m tests/integration/docx-transfer.test.ts [2m([22m[2m4 tests[22m[2m)[22m[33m 1661[2mms[22m[39m
     [33m[2m✓[22m[39m imports a deterministic seven-million-character DOCX within archive limits [33m 1195[2mms[22m[39m
 [32m✓[39m tests/integration/recovery-request-replay.test.ts [2m([22m[2m2 tests[22m[2m)[22m[33m 673[2mms[22m[39m
     [33m[2m✓[22m[39m replays backup creation and restore across service instances without duplicate artifacts [33m 360[2mms[22m[39m
     [33m[2m✓[22m[39m returns the original cleanup result when the same plan request is replayed [33m 312[2mms[22m[39m
 [32m✓[39m tests/integration/ending-snapshot-temporal-projection.test.ts [2m([22m[2m1 test[22m[2m)[22m[32m 280[2mms[22m[39m
 [32m✓[39m tests/integration/three-track-recovery.test.ts [2m([22m[2m1 test[22m[2m)[22m[33m 469[2mms[22m[39m
     [33m[2m✓[22m[39m deduplicates concurrent daily backups, protects named/migration/last and applies a stale-safe cleanup [33m 467[2mms[22m[39m
 [32m✓[39m tests/integration/continuity-timeline-hardening.test.ts [2m([22m[2m1 test[22m[2m)[22m[32m 300[2mms[22m[39m
 [32m✓[39m tests/integration/recovery-post-audit-hardening.test.ts [2m([22m[2m2 tests[22m[2m)[22m[33m 518[2mms[22m[39m
     [33m[2m✓[22m[39m serializes daily backups across midnight through the product recovery service [33m 314[2mms[22m[39m
 [32m✓[39m tests/integration/m10-17-rhythm-readonly.test.ts [2m([22m[2m2 tests[22m[2m)[22m[33m 577[2mms[22m[39m
     [33m[2m✓[22m[39m returns an in-memory default profile without writing, while run materializes the profile [33m 340[2mms[22m[39m
 [32m✓[39m tests/integration/structured-partial-safety.test.ts [2m([22m[2m1 test[22m[2m)[22m[32m 205[2mms[22m[39m
 [32m✓[39m tests/integration/m10-17-project-lifecycle.test.ts [2m([22m[2m3 tests[22m[2m)[22m[33m 833[2mms[22m[39m
     [33m[2m✓[22m[39m waits for an atomic task before closing and blocks new project tasks while draining [33m 311[2mms[22m[39m
     [33m[2m✓[22m[39m waits for the atomic stage before moving the workspace [33m 315[2mms[22m[39m
 [32m✓[39m tests/integration/m10-07-search-replace-revision.test.ts [2m([22m[2m1 test[22m[2m)[22m[32m 265[2mms[22m[39m
 [32m✓[39m tests/integration/story-anchor-scope.test.ts [2m([22m[2m2 tests[22m[2m)[22m[33m 487[2mms[22m[39m
 [32m✓[39m tests/integration/m10-12-generation-identity.test.ts [2m([22m[2m1 test[22m[2m)[22m[32m 240[2mms[22m[39m
 [32m✓[39m tests/integration/continuity-logical-block.test.ts [2m([22m[2m1 test[22m[2m)[22m[32m 260[2mms[22m[39m
 [32m✓[39m tests/integration/recovery-daily-winner.test.ts [2m([22m[2m1 test[22m[2m)[22m[33m 340[2mms[22m[39m
     [33m[2m✓[22m[39m keeps the first committed daily record and removes later loser artifacts [33m 338[2mms[22m[39m
 [32m✓[39m tests/integration/coordinated-import-export-service.test.ts [2m([22m[2m2 tests[22m[2m)[22m[33m 407[2mms[22m[39m
 [32m✓[39m tests/integration/continuity-interval-hardening.test.ts [2m([22m[2m1 test[22m[2m)[22m[32m 254[2mms[22m[39m
 [32m✓[39m tests/integration/candidate-project-list.test.ts [2m([22m[2m1 test[22m[2m)[22m[32m 212[2mms[22m[39m
 [32m✓[39m tests/integration/continuity-authority-hardening.test.ts [2m([22m[2m1 test[22m[2m)[22m[32m 284[2mms[22m[39m
 [32m✓[39m tests/integration/recovery-identity-remap.test.ts [2m([22m[2m2 tests[22m[2m)[22m[32m 26[2mms[22m[39m
 [32m✓[39m tests/integration/state-proposal-valid-until-boundaries.test.ts [2m([22m[2m2 tests[22m[2m)[22m[33m 549[2mms[22m[39m
     [33m[2m✓[22m[39m rejects a validUntilChapterId that belongs to another project [33m 317[2mms[22m[39m
 [32m✓[39m tests/integration/recovery-file-lease.test.ts [2m([22m[2m4 tests[22m[2m)[22m[33m 917[2mms[22m[39m
     [33m[2m✓[22m[39m keeps a live owner beyond the lease duration through heartbeat [33m 807[2mms[22m[39m
 [32m✓[39m tests/integration/m8-09-project-lifecycle.test.ts [2m([22m[2m2 tests[22m[2m)[22m[33m 384[2mms[22m[39m
 [32m✓[39m tests/integration/candidate-apply-contract.test.ts [2m([22m[2m3 tests[22m[2m)[22m[32m 33[2mms[22m[39m
 [32m✓[39m tests/integration/m10-07-candidate-undo-invariant.test.ts [2m([22m[2m1 test[22m[2m)[22m[33m 311[2mms[22m[39m
     [33m[2m✓[22m[39m rolls back Draft and Patch Log when the ApplyRecord transition affects no row [33m 310[2mms[22m[39m
 [32m✓[39m tests/integration/recovery-metadata-boundary.test.ts [2m([22m[2m2 tests[22m[2m)[22m[32m 209[2mms[22m[39m
 [32m✓[39m tests/integration/recovery-failure-ledger.test.ts [2m([22m[2m1 test[22m[2m)[22m[33m 357[2mms[22m[39m
     [33m[2m✓[22m[39m persists a privacy-safe failure and resolves it after a successful backup on the same track [33m 355[2mms[22m[39m
 [32m✓[39m tests/integration/task-lifecycle.test.ts [2m([22m[2m10 tests[22m[2m)[22m[33m 521[2mms[22m[39m
 [32m✓[39m tests/integration/candidate-apply-diff.test.ts [2m([22m[2m2 tests[22m[2m)[22m[32m 14[2mms[22m[39m
 [32m✓[39m tests/integration/recovery-backup-consistency.test.ts [2m([22m[2m1 test[22m[2m)[22m[32m 254[2mms[22m[39m
 [32m✓[39m tests/integration/m10-16-semantic-freshness.test.ts [2m([22m[2m1 test[22m[2m)[22m[32m 230[2mms[22m[39m
 [32m✓[39m tests/integration/workspace-graph.test.ts [2m([22m[2m2 tests[22m[2m)[22m[32m 61[2mms[22m[39m
 [32m✓[39m tests/integration/electron-sqlite-runtime.test.ts [2m([22m[2m1 test[22m[2m)[22m[33m 340[2mms[22m[39m
     [33m[2m✓[22m[39m ships node:sqlite with FTS5 trigram support [33m 338[2mms[22m[39m
 [32m✓[39m tests/integration/app-settings-concurrency.test.ts [2m([22m[2m1 test[22m[2m)[22m[32m 28[2mms[22m[39m
 [32m✓[39m tests/integration/database-boundaries.test.ts [2m([22m[2m1 test[22m[2m)[22m[32m 13[2mms[22m[39m
 [32m✓[39m tests/integration/m2-03-core-boundary.test.ts [2m([22m[2m1 test[22m[2m)[22m[32m 12[2mms[22m[39m

[2m Test Files [22m [1m[32m72 passed[39m[22m[90m (72)[39m
[2m      Tests [22m [1m[32m201 passed[39m[22m[90m (201)[39m
[2m   Start at [22m 09:52:49
[2m   Duration [22m 34.56s[2m (transform 4.28s, setup 1.17s, import 37.55s, tests 52.53s, environment 9ms)[22m

$ pnpm test:migration
$ pnpm test:prepare && vitest run tests/migration
$ pnpm --filter @worldforge/domain build && pnpm --filter @worldforge/contracts build && pnpm --filter @worldforge/prompts build && pnpm --filter @worldforge/editor-core build && pnpm --filter @worldforge/core-service build
$ tsc -p tsconfig.json
$ tsc -p tsconfig.json
$ tsc -p tsconfig.json
$ tsc -p tsconfig.json
$ tsc -p tsconfig.json

[1m[30m[46m RUN [49m[39m[22m [36mv4.1.10 [39m[90m/home/runner/work/666/666[39m

 [32m✓[39m tests/migration/final-coordination-remediation.test.ts [2m([22m[2m5 tests[22m[2m)[22m[33m 704[2mms[22m[39m
 [32m✓[39m tests/migration/sqlite-foundation.test.ts [2m([22m[2m6 tests[22m[2m)[22m[32m 223[2mms[22m[39m
 [32m✓[39m tests/migration/integrated-coordination-migration.test.ts [2m([22m[2m1 test[22m[2m)[22m[32m 149[2mms[22m[39m
 [32m✓[39m tests/migration/narrative-planning-migration.test.ts [2m([22m[2m1 test[22m[2m)[22m[32m 168[2mms[22m[39m
 [32m✓[39m tests/migration/state-validation-migration.test.ts [2m([22m[2m4 tests[22m[2m)[22m[33m 1099[2mms[22m[39m
 [32m✓[39m tests/migration/project-structure-migration.test.ts [2m([22m[2m2 tests[22m[2m)[22m[33m 350[2mms[22m[39m
 [32m✓[39m tests/migration/scene-beat-entity-truth-migration.test.ts [2m([22m[2m1 test[22m[2m)[22m[32m 164[2mms[22m[39m
 [32m✓[39m tests/migration/draft-migration.test.ts [2m([22m[2m3 tests[22m[2m)[22m[32m 117[2mms[22m[39m
 [32m✓[39m tests/migration/continuity-migration.test.ts [2m([22m[2m1 test[22m[2m)[22m[32m 160[2mms[22m[39m
 [32m✓[39m tests/migration/write-queue.test.ts [2m([22m[2m4 tests[22m[2m)[22m[32m 75[2mms[22m[39m
 [32m✓[39m tests/migration/entity-canon-migration.test.ts [2m([22m[2m1 test[22m[2m)[22m[32m 167[2mms[22m[39m
 [32m✓[39m tests/migration/window-preferences.test.ts [2m([22m[2m1 test[22m[2m)[22m[32m 56[2mms[22m[39m
 [32m✓[39m tests/migration/testkit-faults.test.ts [2m([22m[2m6 tests[22m[2m)[22m[33m 303[2mms[22m[39m
 [32m✓[39m tests/migration/search-index-migration.test.ts [2m([22m[2m1 test[22m[2m)[22m[32m 245[2mms[22m[39m
 [32m✓[39m tests/migration/recovery-migration.test.ts [2m([22m[2m2 tests[22m[2m)[22m[32m 159[2mms[22m[39m
 [32m✓[39m tests/migration/version-migration.test.ts [2m([22m[2m2 tests[22m[2m)[22m[32m 77[2mms[22m[39m
 [32m✓[39m tests/migration/backup-tracks-migration.test.ts [2m([22m[2m1 test[22m[2m)[22m[32m 228[2mms[22m[39m
 [32m✓[39m tests/migration/search-replace-rhythm-migration.test.ts [2m([22m[2m1 test[22m[2m)[22m[32m 230[2mms[22m[39m
 [32m✓[39m tests/migration/project-continuation-migration.test.ts [2m([22m[2m1 test[22m[2m)[22m[32m 227[2mms[22m[39m
 [32m✓[39m tests/migration/provider-options-allowlist.test.ts [2m([22m[2m1 test[22m[2m)[22m[32m 47[2mms[22m[39m
 [32m✓[39m tests/migration/project-planning-migration.test.ts [2m([22m[2m1 test[22m[2m)[22m[32m 282[2mms[22m[39m
 [32m✓[39m tests/migration/backup-failure-ledger-migration.test.ts [2m([22m[2m1 test[22m[2m)[22m[32m 218[2mms[22m[39m
 [32m✓[39m tests/migration/m10-12-command-identity-context.test.ts [2m([22m[2m1 test[22m[2m)[22m[32m 25[2mms[22m[39m
 [32m✓[39m tests/migration/structured-candidate-migration.test.ts [2m([22m[2m1 test[22m[2m)[22m[32m 196[2mms[22m[39m
 [32m✓[39m tests/migration/generation-runtime-migration.test.ts [2m([22m[2m1 test[22m[2m)[22m[32m 261[2mms[22m[39m
 [32m✓[39m tests/migration/migration-trigger-syntax.test.ts [2m([22m[2m1 test[22m[2m)[22m[32m 20[2mms[22m[39m
 [32m✓[39m tests/migration/scene-beat-migration.test.ts [2m([22m[2m1 test[22m[2m)[22m[32m 132[2mms[22m[39m
 [32m✓[39m tests/migration/sqlite-header-integrity.test.ts [2m([22m[2m1 test[22m[2m)[22m[32m 17[2mms[22m[39m

[2m Test Files [22m [1m[32m28 passed[39m[22m[90m (28)[39m
[2m      Tests [22m [1m[32m53 passed[39m[22m[90m (53)[39m
[2m   Start at [22m 09:53:38
[2m   Duration [22m 9.64s[2m (transform 2.94s, setup 502ms, import 17.22s, tests 6.10s, environment 4ms)[22m

$ pnpm test:security
$ vitest run tests/security

[1m[30m[46m RUN [49m[39m[22m [36mv4.1.10 [39m[90m/home/runner/work/666/666[39m

 [32m✓[39m tests/security/core-supervisor.test.ts [2m([22m[2m8 tests[22m[2m)[22m[32m 70[2mms[22m[39m
 [32m✓[39m tests/security/provider-branch-coverage.test.ts [2m([22m[2m8 tests[22m[2m)[22m[32m 48[2mms[22m[39m
 [32m✓[39m tests/security/search-rhythm-ipc.test.ts [2m([22m[2m1 test[22m[2m)[22m[32m 45[2mms[22m[39m
 [32m✓[39m tests/security/app-data-ipc.test.ts [2m([22m[2m2 tests[22m[2m)[22m[32m 40[2mms[22m[39m
 [32m✓[39m tests/security/project-structure-ipc.test.ts [2m([22m[2m2 tests[22m[2m)[22m[32m 40[2mms[22m[39m
 [32m✓[39m tests/security/candidate-ipc.test.ts [2m([22m[2m3 tests[22m[2m)[22m[32m 39[2mms[22m[39m
 [32m✓[39m tests/security/electron-security.test.ts [2m([22m[2m9 tests[22m[2m)[22m[32m 43[2mms[22m[39m
 [32m✓[39m tests/security/ipc-task-contracts.test.ts [2m([22m[2m4 tests[22m[2m)[22m[32m 38[2mms[22m[39m
 [32m✓[39m tests/security/provider-ipc.test.ts [2m([22m[2m3 tests[22m[2m)[22m[32m 38[2mms[22m[39m
 [32m✓[39m tests/security/draft-ipc.test.ts [2m([22m[2m2 tests[22m[2m)[22m[32m 27[2mms[22m[39m
 [32m✓[39m tests/security/project-workspace.test.ts [2m([22m[2m13 tests[22m[2m)[22m[33m 2784[2mms[22m[39m
 [32m✓[39m tests/security/candidate-preview-ipc.test.ts [2m([22m[2m4 tests[22m[2m)[22m[32m 36[2mms[22m[39m
 [32m✓[39m tests/security/common-ipc-timeout-semantics.test.ts [2m([22m[2m2 tests[22m[2m)[22m[32m 43[2mms[22m[39m
 [32m✓[39m tests/security/backup-transfer-ipc.test.ts [2m([22m[2m1 test[22m[2m)[22m[32m 44[2mms[22m[39m
 [32m✓[39m tests/security/generation-ipc.test.ts [2m([22m[2m2 tests[22m[2m)[22m[32m 28[2mms[22m[39m
 [32m✓[39m tests/security/provider-transaction-hardening.test.ts [2m([22m[2m2 tests[22m[2m)[22m[32m 30[2mms[22m[39m
 [32m✓[39m tests/security/state-proposal-ipc.test.ts [2m([22m[2m1 test[22m[2m)[22m[32m 58[2mms[22m[39m
 [32m✓[39m tests/security/narrative-planning-ipc.test.ts [2m([22m[2m1 test[22m[2m)[22m[32m 43[2mms[22m[39m
 [32m✓[39m tests/security/continuity-ipc.test.ts [2m([22m[2m1 test[22m[2m)[22m[32m 47[2mms[22m[39m
 [32m✓[39m tests/security/provider-pinned-fetch.test.ts [2m([22m[2m6 tests[22m[2m)[22m[32m 47[2mms[22m[39m
 [32m✓[39m tests/security/project-planning-ipc.test.ts [2m([22m[2m2 tests[22m[2m)[22m[32m 29[2mms[22m[39m
 [32m✓[39m tests/security/diagnostic-ipc-confirmation.test.ts [2m([22m[2m2 tests[22m[2m)[22m[32m 34[2mms[22m[39m
 [32m✓[39m tests/security/validation-ipc.test.ts [2m([22m[2m1 test[22m[2m)[22m[32m 45[2mms[22m[39m
 [32m✓[39m tests/security/candidate-apply-ipc.test.ts [2m([22m[2m2 tests[22m[2m)[22m[32m 22[2mms[22m[39m
 [32m✓[39m tests/security/candidate-undo-ipc.test.ts [2m([22m[2m6 tests[22m[2m)[22m[32m 28[2mms[22m[39m
 [32m✓[39m tests/security/scene-beat-ipc.test.ts [2m([22m[2m1 test[22m[2m)[22m[32m 32[2mms[22m[39m
 [32m✓[39m tests/security/m10-13-generation-rewrite-contract.test.ts [2m([22m[2m1 test[22m[2m)[22m[32m 26[2mms[22m[39m
 [32m✓[39m tests/security/recovery-readonly.test.ts [2m([22m[2m1 test[22m[2m)[22m[33m 367[2mms[22m[39m
     [33m[2m✓[22m[39m blocks every source write while external checkpoints remain restorable [33m 365[2mms[22m[39m
 [32m✓[39m tests/security/m8-09-project-authority.test.ts [2m([22m[2m2 tests[22m[2m)[22m[33m 481[2mms[22m[39m
     [33m[2m✓[22m[39m opens and moves a healthy project when recent metadata remains unavailable [33m 318[2mms[22m[39m
 [32m✓[39m tests/security/renderer-protocol.test.ts [2m([22m[2m3 tests[22m[2m)[22m[32m 62[2mms[22m[39m
 [32m✓[39m tests/security/diagnostic-export.test.ts [2m([22m[2m1 test[22m[2m)[22m[32m 18[2mms[22m[39m
 [32m✓[39m tests/security/renderer-react-boundary.test.ts [2m([22m[2m2 tests[22m[2m)[22m[32m 49[2mms[22m[39m
 [32m✓[39m tests/security/provider-endpoint.test.ts [2m([22m[2m3 tests[22m[2m)[22m[32m 31[2mms[22m[39m
 [32m✓[39m tests/security/preload-surface.test.ts [2m([22m[2m1 test[22m[2m)[22m[32m 19[2mms[22m[39m
 [32m✓[39m tests/security/renderer-bridge-boundary.test.ts [2m([22m[2m2 tests[22m[2m)[22m[32m 47[2mms[22m[39m
 [32m✓[39m tests/security/docx-archive-security.test.ts [2m([22m[2m2 tests[22m[2m)[22m[32m 173[2mms[22m[39m

[2m Test Files [22m [1m[32m36 passed[39m[22m[90m (36)[39m
[2m      Tests [22m [1m[32m107 passed[39m[22m[90m (107)[39m
[2m   Start at [22m 09:53:49
[2m   Duration [22m 8.82s[2m (transform 1.95s, setup 634ms, import 14.30s, tests 5.05s, environment 5ms)[22m

$ pnpm test:coverage
$ pnpm test:prepare && vitest run --config vitest.coverage.config.ts
$ pnpm --filter @worldforge/domain build && pnpm --filter @worldforge/contracts build && pnpm --filter @worldforge/prompts build && pnpm --filter @worldforge/editor-core build && pnpm --filter @worldforge/core-service build
$ tsc -p tsconfig.json
$ tsc -p tsconfig.json
$ tsc -p tsconfig.json
$ tsc -p tsconfig.json
$ tsc -p tsconfig.json

[1m[30m[46m RUN [49m[39m[22m [36mv4.1.10 [39m[90m/home/runner/work/666/666[39m
      [2mCoverage enabled with [22m[33mv8[39m

 [32m✓[39m tests/integration/candidate-apply-transaction.test.ts [2m([22m[2m15 tests[22m[2m)[22m[33m 3226[2mms[22m[39m
     [33m[2m✓[22m[39m finds an ApplyRecord after restart and restores the pre-apply Draft as a new Revision [33m 341[2mms[22m[39m
 [32m✓[39m tests/security/project-workspace.test.ts [2m([22m[2m13 tests[22m[2m)[22m[33m 1902[2mms[22m[39m
 [32m✓[39m tests/integration/audit-m0-m2-remediation.test.ts [2m([22m[2m3 tests[22m[2m)[22m[33m 7782[2mms[22m[39m
     [33m[2m✓[22m[39m lists and exports Versions from a verified checkpoint when project.sqlite is unreadable [33m 7319[2mms[22m[39m
 [32m✓[39m tests/integration/provider-connection.test.ts [2m([22m[2m5 tests[22m[2m)[22m[33m 2143[2mms[22m[39m
     [33m[2m✓[22m[39m keeps cancellation and timeout active after streaming response headers arrive [33m 1006[2mms[22m[39m
     [33m[2m✓[22m[39m normalizes authentication, rate-limit, model, timeout, interruption, and cancellation failures [33m 1006[2mms[22m[39m
 [32m✓[39m tests/integration/recovery-service.test.ts [2m([22m[2m4 tests[22m[2m)[22m[33m 8026[2mms[22m[39m
     [33m[2m✓[22m[39m creates a verified online checkpoint, exports a Version and restores a new writable project [33m 351[2mms[22m[39m
     [33m[2m✓[22m[39m rejects low space and corrupted backup output without recording an unverified checkpoint [33m 362[2mms[22m[39m
     [33m[2m✓[22m[39m opens a physically unreadable project in recovery-only mode and restores an external checkpoint [33m 7090[2mms[22m[39m
[worldforge-core] window-preferences.save.failed
[worldforge-core] core.shutdown.failed
 [32m✓[39m tests/unit/core-utility-entry-coverage.test.ts [2m([22m[2m6 tests[22m[2m)[22m[33m 842[2mms[22m[39m
     [33m[2m✓[22m[39m requires a parent port and all absolute startup arguments [33m 717[2mms[22m[39m
 [32m✓[39m tests/integration/structure-operations.test.ts [2m([22m[2m8 tests[22m[2m)[22m[33m 1710[2mms[22m[39m
 [32m✓[39m tests/integration/draft-lock-guard.test.ts [2m([22m[2m4 tests[22m[2m)[22m[33m 816[2mms[22m[39m
 [32m✓[39m tests/integration/m10-18-import-entity-arc-consistency.test.ts [2m([22m[2m3 tests[22m[2m)[22m[33m 741[2mms[22m[39m
 [32m✓[39m tests/integration/project-structure.test.ts [2m([22m[2m6 tests[22m[2m)[22m[33m 1450[2mms[22m[39m
     [33m[2m✓[22m[39m creates the starter hierarchy by default and supports an explicit professional blank project [33m 410[2mms[22m[39m
 [32m✓[39m tests/integration/docx-transfer.test.ts [2m([22m[2m4 tests[22m[2m)[22m[33m 4862[2mms[22m[39m
     [33m[2m✓[22m[39m round-trips selected immutable Versions and records import without manual writing time [33m 319[2mms[22m[39m
     [33m[2m✓[22m[39m imports a deterministic seven-million-character DOCX within archive limits [33m 4377[2mms[22m[39m
 [32m✓[39m tests/integration/generation-run.test.ts [2m([22m[2m6 tests[22m[2m)[22m[33m 1298[2mms[22m[39m
     [33m[2m✓[22m[39m atomically saves multiple structured Skeletons, author revisions and prose guards [33m 313[2mms[22m[39m
 [32m✓[39m tests/migration/state-validation-migration.test.ts [2m([22m[2m4 tests[22m[2m)[22m[33m 988[2mms[22m[39m
 [32m✓[39m tests/integration/m10-19-authority-governance.test.ts [2m([22m[2m5 tests[22m[2m)[22m[33m 1258[2mms[22m[39m
     [33m[2m✓[22m[39m rejects Replace and Version mutations after their parent structure enters trash [33m 322[2mms[22m[39m
 [32m✓[39m tests/unit/preload-bridge-coverage.test.ts [2m([22m[2m5 tests[22m[2m)[22m[33m 1242[2mms[22m[39m
     [33m[2m✓[22m[39m relays the named shutdown handshake and removes its listener [33m 302[2mms[22m[39m
 [32m✓[39m tests/integration/candidate-version-model.test.ts [2m([22m[2m4 tests[22m[2m)[22m[33m 1214[2mms[22m[39m
     [33m[2m✓[22m[39m persists fixture Candidates without changing the active Draft [33m 367[2mms[22m[39m
     [33m[2m✓[22m[39m rejects Version and Candidate provenance from another project [33m 330[2mms[22m[39m
 [32m✓[39m tests/integration/recovery-file-lease.test.ts [2m([22m[2m4 tests[22m[2m)[22m[33m 894[2mms[22m[39m
     [33m[2m✓[22m[39m keeps a live owner beyond the lease duration through heartbeat [33m 795[2mms[22m[39m
 [32m✓[39m tests/integration/project-planning.test.ts [2m([22m[2m4 tests[22m[2m)[22m[33m 844[2mms[22m[39m
 [32m✓[39m tests/integration/generation-runtime.test.ts [2m([22m[2m4 tests[22m[2m)[22m[33m 873[2mms[22m[39m
 [32m✓[39m tests/integration/m10-17-project-lifecycle.test.ts [2m([22m[2m3 tests[22m[2m)[22m[33m 861[2mms[22m[39m
     [33m[2m✓[22m[39m waits for the atomic stage before moving the workspace [33m 341[2mms[22m[39m
[90mstdout[2m | tests/unit/evidence-policy.test.ts[2m > [22m[2mevidence policy[2m > [22m[2mverifies documentation bytes, hashes and complete file registration
[22m[39mEvidence document gate passed for M9-99.

[90mstdout[2m | tests/unit/evidence-policy.test.ts[2m > [22m[2mevidence policy[2m > [22m[2mverifies documentation bytes, hashes and complete file registration
[22m[39mEvidence document gate passed for M9-99.

hint: Using 'master' as the name for the initial branch. This default branch name
hint: will change to "main" in Git 3.0. To configure the initial branch name
hint: to use in all of your new repositories, which will suppress this warning,
hint: call:
hint:
hint: 	git config --global init.defaultBranch <name>
hint:
hint: Names commonly chosen instead of 'master' are 'main', 'trunk' and
hint: 'development'. The just-created branch can be renamed via this command:
hint:
hint: 	git branch -m <name>
hint:
hint: Disable this message with "git config set advice.defaultBranchName false"
[90mstdout[2m | tests/unit/evidence-policy.test.ts[2m > [22m[2mevidence policy[2m > [22m[2mreturns cleanly when a Draft revision changes no Evidence package
[22m[39mNo changed evidence documents at f3f654928c42d786d1cb80ff52cc6dec8aaaebbe; no task Evidence package validation is required for this revision.

hint: Using 'master' as the name for the initial branch. This default branch name
hint: will change to "main" in Git 3.0. To configure the initial branch name
hint: to use in all of your new repositories, which will suppress this warning,
hint: call:
hint:
hint: 	git config --global init.defaultBranch <name>
hint:
hint: Names commonly chosen instead of 'master' are 'main', 'trunk' and
hint: 'development'. The just-created branch can be renamed via this command:
hint:
hint: 	git branch -m <name>
hint:
hint: Disable this message with "git config set advice.defaultBranchName false"
hint: Using 'master' as the name for the initial branch. This default branch name
hint: will change to "main" in Git 3.0. To configure the initial branch name
hint: to use in all of your new repositories, which will suppress this warning,
hint: call:
hint:
hint: 	git config --global init.defaultBranch <name>
hint:
hint: Names commonly chosen instead of 'master' are 'main', 'trunk' and
hint: 'development'. The just-created branch can be renamed via this command:
hint:
hint: 	git branch -m <name>
hint:
hint: Disable this message with "git config set advice.defaultBranchName false"
[90mstdout[2m | tests/unit/evidence-policy.test.ts[2m > [22m[2mReady Evidence closure[2m > [22m[2maccepts a Ready Head whose implementation commit is followed only by final closure files
[22m[39mEvidence document gate passed for M10-09.

[90mstdout[2m | tests/unit/evidence-policy.test.ts[2m > [22m[2mReady Evidence closure[2m > [22m[2maccepts a Ready Head whose implementation commit is followed only by final closure files
[22m[39mValidated 1 changed evidence document set(s) at c09561096957a362d26a7dbb1d69bfe6ab793953.

hint: Using 'master' as the name for the initial branch. This default branch name
hint: will change to "main" in Git 3.0. To configure the initial branch name
hint: to use in all of your new repositories, which will suppress this warning,
hint: call:
hint:
hint: 	git config --global init.defaultBranch <name>
hint:
hint: Names commonly chosen instead of 'master' are 'main', 'trunk' and
hint: 'development'. The just-created branch can be renamed via this command:
hint:
hint: 	git branch -m <name>
hint:
hint: Disable this message with "git config set advice.defaultBranchName false"
 [32m✓[39m tests/integration/constraint-package.test.ts [2m([22m[2m4 tests[22m[2m)[22m[33m 809[2mms[22m[39m
[90mstdout[2m | tests/unit/evidence-policy.test.ts[2m > [22m[2mReady Evidence closure[2m > [22m[2mallows stale intermediate Evidence on Draft but rejects it on Ready
[22m[39mEvidence document gate passed for M10-09.

[90mstdout[2m | tests/unit/evidence-policy.test.ts[2m > [22m[2mReady Evidence closure[2m > [22m[2mallows stale intermediate Evidence on Draft but rejects it on Ready
[22m[39mValidated 1 changed evidence document set(s) at c30d59ef3b1b55b918f41b017b607f5c3a65c5e7.

[90mstdout[2m | tests/unit/evidence-policy.test.ts[2m > [22m[2mReady Evidence closure[2m > [22m[2mallows stale intermediate Evidence on Draft but rejects it on Ready
[22m[39mEvidence document gate passed for M10-09.

hint: Using 'master' as the name for the initial branch. This default branch name
hint: will change to "main" in Git 3.0. To configure the initial branch name
hint: to use in all of your new repositories, which will suppress this warning,
hint: call:
hint:
hint: 	git config --global init.defaultBranch <name>
hint:
hint: Names commonly chosen instead of 'master' are 'main', 'trunk' and
hint: 'development'. The just-created branch can be renamed via this command:
hint:
hint: 	git branch -m <name>
hint:
hint: Disable this message with "git config set advice.defaultBranchName false"
[90mstdout[2m | tests/unit/evidence-policy.test.ts[2m > [22m[2mReady Evidence closure[2m > [22m[2mrejects cross-task Evidence written after the current implementation commit
[22m[39mEvidence document gate passed for M10-08.

[90mstdout[2m | tests/unit/evidence-policy.test.ts[2m > [22m[2mReady Evidence closure[2m > [22m[2mrejects cross-task Evidence written after the current implementation commit
[22m[39mEvidence document gate passed for M10-09.

hint: Using 'master' as the name for the initial branch. This default branch name
hint: will change to "main" in Git 3.0. To configure the initial branch name
hint: to use in all of your new repositories, which will suppress this warning,
hint: call:
hint:
hint: 	git config --global init.defaultBranch <name>
hint:
hint: Names commonly chosen instead of 'master' are 'main', 'trunk' and
hint: 'development'. The just-created branch can be renamed via this command:
hint:
hint: 	git branch -m <name>
hint:
hint: Disable this message with "git config set advice.defaultBranchName false"
 [32m✓[39m tests/unit/evidence-policy.test.ts [2m([22m[2m13 tests[22m[2m)[22m[33m 735[2mms[22m[39m
 [32m✓[39m tests/integration/state-proposal-snapshot.test.ts [2m([22m[2m4 tests[22m[2m)[22m[33m 991[2mms[22m[39m
     [33m[2m✓[22m[39m keeps pending proposals non-authoritative, applies edited and accepted decisions atomically, and creates a traceable snapshot [33m 336[2mms[22m[39m
 [32m✓[39m tests/integration/project-continuation.test.ts [2m([22m[2m3 tests[22m[2m)[22m[33m 663[2mms[22m[39m
 [32m✓[39m tests/migration/final-coordination-remediation.test.ts [2m([22m[2m5 tests[22m[2m)[22m[33m 798[2mms[22m[39m
 [32m✓[39m tests/integration/recovery-request-replay.test.ts [2m([22m[2m2 tests[22m[2m)[22m[33m 689[2mms[22m[39m
     [33m[2m✓[22m[39m replays backup creation and restore across service instances without duplicate artifacts [33m 372[2mms[22m[39m
     [33m[2m✓[22m[39m returns the original cleanup result when the same plan request is replayed [33m 314[2mms[22m[39m
 [32m✓[39m tests/integration/search-index.test.ts [2m([22m[2m3 tests[22m[2m)[22m[33m 753[2mms[22m[39m
     [33m[2m✓[22m[39m indexes authority sources and falls back while stale [33m 378[2mms[22m[39m
 [32m✓[39m tests/integration/import-export-service.test.ts [2m([22m[2m3 tests[22m[2m)[22m[33m 695[2mms[22m[39m
 [32m✓[39m tests/integration/constraint-package-authority.test.ts [2m([22m[2m3 tests[22m[2m)[22m[33m 719[2mms[22m[39m
 [32m✓[39m tests/integration/state-proposal-valid-until.test.ts [2m([22m[2m3 tests[22m[2m)[22m[33m 731[2mms[22m[39m
     [33m[2m✓[22m[39m preserves a validUntilChapterId through proposal review and the authoritative EntityState [33m 303[2mms[22m[39m
 [32m✓[39m tests/integration/narrative-character-arc.test.ts [2m([22m[2m2 tests[22m[2m)[22m[33m 625[2mms[22m[39m
     [33m[2m✓[22m[39m rejects dependency cycles, foreign timeline events, invalid custom arcs, and AI writes [33m 401[2mms[22m[39m
 [32m✓[39m tests/integration/scene-beat.test.ts [2m([22m[2m3 tests[22m[2m)[22m[33m 697[2mms[22m[39m
 [32m✓[39m tests/integration/entity-canon.test.ts [2m([22m[2m3 tests[22m[2m)[22m[33m 720[2mms[22m[39m
 [32m✓[39m tests/integration/search-replace-rhythm.test.ts [2m([22m[2m2 tests[22m[2m)[22m[33m 553[2mms[22m[39m
     [33m[2m✓[22m[39m searches authoritative Draft/Version/Entity data and applies only unlocked active Draft matches [33m 352[2mms[22m[39m
 [32m✓[39m tests/integration/draft-patch.test.ts [2m([22m[2m3 tests[22m[2m)[22m[33m 818[2mms[22m[39m
     [33m[2m✓[22m[39m persists requestId idempotency across reopen and rolls back injected failures [33m 357[2mms[22m[39m
 [32m✓[39m tests/integration/m10-17-rhythm-readonly.test.ts [2m([22m[2m2 tests[22m[2m)[22m[33m 500[2mms[22m[39m
 [32m✓[39m tests/integration/task-lifecycle.test.ts [2m([22m[2m10 tests[22m[2m)[22m[33m 506[2mms[22m[39m
 [32m✓[39m tests/integration/state-proposal-valid-until-boundaries.test.ts [2m([22m[2m2 tests[22m[2m)[22m[33m 710[2mms[22m[39m
     [33m[2m✓[22m[39m rejects a validUntilChapterId that belongs to another project [33m 407[2mms[22m[39m
 [32m✓[39m tests/integration/continuity-service.test.ts [2m([22m[2m2 tests[22m[2m)[22m[33m 411[2mms[22m[39m
 [32m✓[39m tests/integration/recovery-post-audit-hardening.test.ts [2m([22m[2m2 tests[22m[2m)[22m[33m 475[2mms[22m[39m
 [32m✓[39m tests/integration/narrative-foreshadowing.test.ts [2m([22m[2m2 tests[22m[2m)[22m[33m 503[2mms[22m[39m
 [32m✓[39m tests/integration/state-validation-provider.test.ts [2m([22m[2m2 tests[22m[2m)[22m[33m 512[2mms[22m[39m
 [32m✓[39m tests/integration/story-anchor-scope.test.ts [2m([22m[2m2 tests[22m[2m)[22m[33m 502[2mms[22m[39m
 [32m✓[39m tests/security/m8-09-project-authority.test.ts [2m([22m[2m2 tests[22m[2m)[22m[33m 614[2mms[22m[39m
     [33m[2m✓[22m[39m opens and moves a healthy project when recent metadata remains unavailable [33m 371[2mms[22m[39m
 [32m✓[39m tests/integration/three-track-recovery.test.ts [2m([22m[2m1 test[22m[2m)[22m[33m 437[2mms[22m[39m
     [33m[2m✓[22m[39m deduplicates concurrent daily backups, protects named/migration/last and applies a stale-safe cleanup [33m 435[2mms[22m[39m
 [32m✓[39m tests/integration/m4-search-constraint-hardening.test.ts [2m([22m[2m2 tests[22m[2m)[22m[33m 467[2mms[22m[39m
 [32m✓[39m tests/integration/preload-ipc-core.integration.test.ts [2m([22m[2m2 tests[22m[2m)[22m[33m 508[2mms[22m[39m
     [33m[2m✓[22m[39m round-trips real settings schemas through the actual IPC and Core routers [33m 314[2mms[22m[39m
 [32m✓[39m tests/integration/coordinated-import-export-service.test.ts [2m([22m[2m2 tests[22m[2m)[22m[33m 468[2mms[22m[39m
 [32m✓[39m tests/integration/draft-document.test.ts [2m([22m[2m2 tests[22m[2m)[22m[33m 546[2mms[22m[39m
     [33m[2m✓[22m[39m persists four block types and rebuilds the same document after reopening [33m 319[2mms[22m[39m
 [32m✓[39m tests/integration/candidate-preview-zero-write.test.ts [2m([22m[2m2 tests[22m[2m)[22m[33m 506[2mms[22m[39m
     [33m[2m✓[22m[39m returns structural and character diff without changing any project row [33m 309[2mms[22m[39m
 [32m✓[39m tests/integration/m8-09-project-lifecycle.test.ts [2m([22m[2m2 tests[22m[2m)[22m[33m 442[2mms[22m[39m
 [32m✓[39m tests/security/recovery-readonly.test.ts [2m([22m[2m1 test[22m[2m)[22m[33m 344[2mms[22m[39m
     [33m[2m✓[22m[39m blocks every source write while external checkpoints remain restorable [33m 342[2mms[22m[39m
 [32m✓[39m tests/unit/m10-full-code-audit-baseline.test.ts [2m([22m[2m3 tests[22m[2m)[22m[33m 430[2mms[22m[39m
     [33m[2m✓[22m[39m contains no unresolved merge conflict markers in production and governance sources [33m 390[2mms[22m[39m
 [32m✓[39m tests/integration/recovery-failure-ledger.test.ts [2m([22m[2m1 test[22m[2m)[22m[32m 272[2mms[22m[39m
 [32m✓[39m tests/migration/project-structure-migration.test.ts [2m([22m[2m2 tests[22m[2m)[22m[33m 377[2mms[22m[39m
 [32m✓[39m tests/unit/squash-provenance.test.ts [2m([22m[2m2 tests[22m[2m)[22m[33m 303[2mms[22m[39m
 [32m✓[39m tests/integration/electron-sqlite-runtime.test.ts [2m([22m[2m1 test[22m[2m)[22m[32m 176[2mms[22m[39m
 [32m✓[39m tests/integration/recovery-daily-winner.test.ts [2m([22m[2m1 test[22m[2m)[22m[33m 303[2mms[22m[39m
     [33m[2m✓[22m[39m keeps the first committed daily record and removes later loser artifacts [33m 301[2mms[22m[39m
 [32m✓[39m tests/integration/m10-07-candidate-undo-invariant.test.ts [2m([22m[2m1 test[22m[2m)[22m[32m 273[2mms[22m[39m
 [32m✓[39m tests/unit/testkit-fixtures-evidence.test.ts [2m([22m[2m6 tests[22m[2m)[22m[33m 1035[2mms[22m[39m
     [33m[2m✓[22m[39m covers the public malicious DOCX set for SEC-042 through SEC-049 [33m 964[2mms[22m[39m
 [32m✓[39m tests/integration/continuity-timeline-hardening.test.ts [2m([22m[2m1 test[22m[2m)[22m[33m 314[2mms[22m[39m
     [33m[2m✓[22m[39m enforces presence, precision, ordering, archive, and all knowledge statuses [33m 310[2mms[22m[39m
 [32m✓[39m tests/migration/testkit-faults.test.ts [2m([22m[2m6 tests[22m[2m)[22m[33m 344[2mms[22m[39m
 [32m✓[39m tests/integration/generation-source-resolver.test.ts [2m([22m[2m1 test[22m[2m)[22m[32m 265[2mms[22m[39m
 [32m✓[39m tests/integration/scene-beat-entity-references.test.ts [2m([22m[2m1 test[22m[2m)[22m[33m 305[2mms[22m[39m
     [33m[2m✓[22m[39m rejects invalid legacy IDs and synchronizes valid references into the relation table [33m 302[2mms[22m[39m
 [32m✓[39m tests/integration/continuity-authority-hardening.test.ts [2m([22m[2m1 test[22m[2m)[22m[32m 295[2mms[22m[39m
 [32m✓[39m tests/migration/project-planning-migration.test.ts [2m([22m[2m1 test[22m[2m)[22m[32m 254[2mms[22m[39m
 [32m✓[39m tests/integration/ending-snapshot-temporal-projection.test.ts [2m([22m[2m1 test[22m[2m)[22m[32m 294[2mms[22m[39m
 [32m✓[39m tests/integration/m10-07-search-replace-revision.test.ts [2m([22m[2m1 test[22m[2m)[22m[33m 314[2mms[22m[39m
     [33m[2m✓[22m[39m advances only matched blocks and keeps database and Patch audit revisions aligned [33m 312[2mms[22m[39m
 [32m✓[39m tests/migration/generation-runtime-migration.test.ts [2m([22m[2m1 test[22m[2m)[22m[32m 250[2mms[22m[39m
 [32m✓[39m tests/integration/continuity-logical-block.test.ts [2m([22m[2m1 test[22m[2m)[22m[32m 262[2mms[22m[39m
 [32m✓[39m tests/integration/recovery-backup-consistency.test.ts [2m([22m[2m1 test[22m[2m)[22m[32m 297[2mms[22m[39m
 [32m✓[39m tests/integration/continuity-interval-hardening.test.ts [2m([22m[2m1 test[22m[2m)[22m[33m 328[2mms[22m[39m
     [33m[2m✓[22m[39m preserves explicit gaps and same-start revisions for state and knowledge [33m 326[2mms[22m[39m
 [32m✓[39m tests/migration/search-index-migration.test.ts [2m([22m[2m1 test[22m[2m)[22m[32m 248[2mms[22m[39m
 [32m✓[39m tests/integration/m10-12-generation-identity.test.ts [2m([22m[2m1 test[22m[2m)[22m[32m 238[2mms[22m[39m
 [32m✓[39m tests/integration/m10-16-semantic-freshness.test.ts [2m([22m[2m1 test[22m[2m)[22m[32m 287[2mms[22m[39m
 [32m✓[39m tests/migration/search-replace-rhythm-migration.test.ts [2m([22m[2m1 test[22m[2m)[22m[32m 222[2mms[22m[39m
 [32m✓[39m tests/migration/backup-tracks-migration.test.ts [2m([22m[2m1 test[22m[2m)[22m[32m 257[2mms[22m[39m
 [32m✓[39m tests/migration/project-continuation-migration.test.ts [2m([22m[2m1 test[22m[2m)[22m[32m 239[2mms[22m[39m
 [32m✓[39m tests/migration/sqlite-foundation.test.ts [2m([22m[2m6 tests[22m[2m)[22m[32m 259[2mms[22m[39m
 [32m✓[39m tests/integration/version-service.test.ts [2m([22m[2m1 test[22m[2m)[22m[33m 356[2mms[22m[39m
     [33m[2m✓[22m[39m creates, finalizes and restores a Version as a new active Draft with a recovery checkpoint [33m 354[2mms[22m[39m
 [32m✓[39m tests/migration/backup-failure-ledger-migration.test.ts [2m([22m[2m1 test[22m[2m)[22m[32m 253[2mms[22m[39m
 [32m✓[39m tests/integration/candidate-project-list.test.ts [2m([22m[2m1 test[22m[2m)[22m[32m 237[2mms[22m[39m
 [32m✓[39m tests/integration/recovery-metadata-boundary.test.ts [2m([22m[2m2 tests[22m[2m)[22m[32m 247[2mms[22m[39m
 [32m✓[39m tests/unit/renderer-continuation-request-coordination.test.ts [2m([22m[2m6 tests[22m[2m)[22m[32m 188[2mms[22m[39m
 [32m✓[39m tests/integration/structured-partial-safety.test.ts [2m([22m[2m1 test[22m[2m)[22m[32m 279[2mms[22m[39m
 [32m✓[39m tests/unit/test-quality-audit.test.ts [2m([22m[2m4 tests[22m[2m)[22m[32m 196[2mms[22m[39m
 [32m✓[39m tests/migration/structured-candidate-migration.test.ts [2m([22m[2m1 test[22m[2m)[22m[32m 239[2mms[22m[39m
 [32m✓[39m tests/migration/narrative-planning-migration.test.ts [2m([22m[2m1 test[22m[2m)[22m[32m 136[2mms[22m[39m
 [32m✓[39m tests/security/docx-archive-security.test.ts [2m([22m[2m2 tests[22m[2m)[22m[33m 750[2mms[22m[39m
     [33m[2m✓[22m[39m rejects compression-bomb ratios before extracting the document body [33m 707[2mms[22m[39m
 [32m✓[39m tests/migration/entity-canon-migration.test.ts [2m([22m[2m1 test[22m[2m)[22m[32m 162[2mms[22m[39m
 [32m✓[39m tests/migration/continuity-migration.test.ts [2m([22m[2m1 test[22m[2m)[22m[32m 133[2mms[22m[39m
 [32m✓[39m tests/migration/scene-beat-entity-truth-migration.test.ts [2m([22m[2m1 test[22m[2m)[22m[32m 196[2mms[22m[39m
 [32m✓[39m tests/migration/recovery-migration.test.ts [2m([22m[2m2 tests[22m[2m)[22m[32m 193[2mms[22m[39m
 [32m✓[39m tests/unit/m10-12-renderer-generation-epoch.test.ts [2m([22m[2m11 tests[22m[2m)[22m[32m 139[2mms[22m[39m
 [32m✓[39m tests/unit/core-recovery-supervisor-dom.test.ts [2m([22m[2m2 tests[22m[2m)[22m[32m 133[2mms[22m[39m
 [32m✓[39m tests/migration/integrated-coordination-migration.test.ts [2m([22m[2m1 test[22m[2m)[22m[32m 174[2mms[22m[39m
hint: Using 'master' as the name for the initial branch. This default branch name
hint: will change to "main" in Git 3.0. To configure the initial branch name
hint: to use in all of your new repositories, which will suppress this warning,
hint: call:
hint:
hint: 	git config --global init.defaultBranch <name>
hint:
hint: Names commonly chosen instead of 'master' are 'main', 'trunk' and
hint: 'development'. The just-created branch can be renamed via this command:
hint:
hint: 	git branch -m <name>
hint:
hint: Disable this message with "git config set advice.defaultBranchName false"
 [32m✓[39m tests/unit/effective-task-status.test.ts [2m([22m[2m6 tests[22m[2m)[22m[32m 133[2mms[22m[39m
 [32m✓[39m tests/migration/draft-migration.test.ts [2m([22m[2m3 tests[22m[2m)[22m[32m 102[2mms[22m[39m
 [32m✓[39m tests/migration/scene-beat-migration.test.ts [2m([22m[2m1 test[22m[2m)[22m[32m 152[2mms[22m[39m
 [32m✓[39m tests/unit/electron-main-bootstrap-coverage.test.ts [2m([22m[2m6 tests[22m[2m)[22m[32m 102[2mms[22m[39m
 [32m✓[39m tests/unit/workflow-structure-policy.test.ts [2m([22m[2m4 tests[22m[2m)[22m[32m 125[2mms[22m[39m
 [32m✓[39m tests/unit/renderer-m3-09-workbenches.test.ts [2m([22m[2m3 tests[22m[2m)[22m[32m 46[2mms[22m[39m
 [32m✓[39m tests/migration/version-migration.test.ts [2m([22m[2m2 tests[22m[2m)[22m[32m 79[2mms[22m[39m
 [32m✓[39m tests/integration/app-data-repositories.test.ts [2m([22m[2m3 tests[22m[2m)[22m[32m 77[2mms[22m[39m
 [32m✓[39m tests/unit/testkit-project-migrations.test.ts [2m([22m[2m3 tests[22m[2m)[22m[32m 129[2mms[22m[39m
 [32m✓[39m tests/unit/ci-draft-routing.test.ts [2m([22m[2m5 tests[22m[2m)[22m[32m 109[2mms[22m[39m
 [32m✓[39m tests/unit/atomic-file-transaction.test.ts [2m([22m[2m5 tests[22m[2m)[22m[32m 94[2mms[22m[39m
 [32m✓[39m tests/migration/write-queue.test.ts [2m([22m[2m4 tests[22m[2m)[22m[32m 89[2mms[22m[39m
 [32m✓[39m tests/unit/m10-12-generation-start-pending.test.ts [2m([22m[2m3 tests[22m[2m)[22m[32m 81[2mms[22m[39m
 [32m✓[39m tests/unit/m10-19-lifecycle-renderer-recovery.test.ts [2m([22m[2m3 tests[22m[2m)[22m[32m 51[2mms[22m[39m
 [32m✓[39m tests/security/core-supervisor.test.ts [2m([22m[2m8 tests[22m[2m)[22m[32m 107[2mms[22m[39m
 [32m✓[39m tests/unit/credential-broker.test.ts [2m([22m[2m3 tests[22m[2m)[22m[32m 79[2mms[22m[39m
 [32m✓[39m tests/security/renderer-protocol.test.ts [2m([22m[2m3 tests[22m[2m)[22m[32m 98[2mms[22m[39m
 [32m✓[39m tests/unit/core-utility-errors-coverage.test.ts [2m([22m[2m84 tests[22m[2m)[22m[32m 73[2mms[22m[39m
 [32m✓[39m tests/unit/ar10-main-ipc-domain-coverage.test.ts [2m([22m[2m3 tests[22m[2m)[22m[32m 67[2mms[22m[39m
 [32m✓[39m tests/integration/workspace-graph.test.ts [2m([22m[2m2 tests[22m[2m)[22m[32m 68[2mms[22m[39m
 [32m✓[39m tests/unit/prompts-coverage.test.ts [2m([22m[2m21 tests[22m[2m)[22m[32m 64[2mms[22m[39m
 [32m✓[39m tests/unit/ipc-handlers-branch-coverage.test.ts [2m([22m[2m8 tests[22m[2m)[22m[32m 61[2mms[22m[39m
 [32m✓[39m tests/security/state-proposal-ipc.test.ts [2m([22m[2m1 test[22m[2m)[22m[32m 48[2mms[22m[39m
 [32m✓[39m tests/unit/m10-13-renderer-command-invalidation.test.ts [2m([22m[2m4 tests[22m[2m)[22m[32m 76[2mms[22m[39m
[90mstdout[2m | tests/unit/release-tool.test.ts[2m > [22m[2mrelease tool[2m > [22m[2mrequires one verified package manifest per platform before publication
[22m[39mVerified WorldForge-linux.zip for linux.

[90mstdout[2m | tests/unit/release-tool.test.ts[2m > [22m[2mrelease tool[2m > [22m[2mrequires one verified package manifest per platform before publication
[22m[39mVerified WorldForge-macos.zip for macos.

[90mstdout[2m | tests/unit/release-tool.test.ts[2m > [22m[2mrelease tool[2m > [22m[2mrequires one verified package manifest per platform before publication
[22m[39mVerified WorldForge-windows.zip for windows.

[90mstdout[2m | tests/unit/release-tool.test.ts[2m > [22m[2mrelease tool[2m > [22m[2mrequires one verified package manifest per platform before publication
[22m[39mVerified WorldForge-linux.zip for linux.

[90mstdout[2m | tests/unit/release-tool.test.ts[2m > [22m[2mrelease tool[2m > [22m[2mrequires one verified package manifest per platform before publication
[22m[39mVerified WorldForge-macos.zip for macos.

 [32m✓[39m tests/unit/release-tool.test.ts [2m([22m[2m7 tests[22m[2m)[22m[32m 65[2mms[22m[39m
 [32m✓[39m tests/migration/window-preferences.test.ts [2m([22m[2m1 test[22m[2m)[22m[32m 68[2mms[22m[39m
 [32m✓[39m tests/unit/full-work-validation.test.ts [2m([22m[2m2 tests[22m[2m)[22m[32m 61[2mms[22m[39m
 [32m✓[39m tests/security/renderer-react-boundary.test.ts [2m([22m[2m2 tests[22m[2m)[22m[32m 62[2mms[22m[39m
 [32m✓[39m tests/unit/domain-invariants-coverage.test.ts [2m([22m[2m12 tests[22m[2m)[22m[32m 47[2mms[22m[39m
 [32m✓[39m tests/unit/renderer-presentation-interactions.test.ts [2m([22m[2m4 tests[22m[2m)[22m[32m 46[2mms[22m[39m
 [32m✓[39m tests/security/provider-branch-coverage.test.ts [2m([22m[2m8 tests[22m[2m)[22m[32m 65[2mms[22m[39m
 [32m✓[39m tests/integration/task-protocol.test.ts [2m([22m[2m9 tests[22m[2m)[22m[32m 73[2mms[22m[39m
 [32m✓[39m tests/security/renderer-bridge-boundary.test.ts [2m([22m[2m2 tests[22m[2m)[22m[32m 68[2mms[22m[39m
 [32m✓[39m tests/security/continuity-ipc.test.ts [2m([22m[2m1 test[22m[2m)[22m[32m 49[2mms[22m[39m
 [32m✓[39m tests/security/provider-pinned-fetch.test.ts [2m([22m[2m6 tests[22m[2m)[22m[32m 64[2mms[22m[39m
 [32m✓[39m tests/unit/m10-17-project-task-barrier.test.ts [2m([22m[2m4 tests[22m[2m)[22m[32m 46[2mms[22m[39m
 [32m✓[39m tests/unit/editor-document.test.ts [2m([22m[2m8 tests[22m[2m)[22m[32m 53[2mms[22m[39m
 [32m✓[39m tests/migration/provider-options-allowlist.test.ts [2m([22m[2m1 test[22m[2m)[22m[32m 56[2mms[22m[39m
 [32m✓[39m tests/security/validation-ipc.test.ts [2m([22m[2m1 test[22m[2m)[22m[32m 46[2mms[22m[39m
 [32m✓[39m tests/security/search-rhythm-ipc.test.ts [2m([22m[2m1 test[22m[2m)[22m[32m 50[2mms[22m[39m
 [32m✓[39m tests/security/backup-transfer-ipc.test.ts [2m([22m[2m1 test[22m[2m)[22m[32m 49[2mms[22m[39m
 [32m✓[39m tests/security/narrative-planning-ipc.test.ts [2m([22m[2m1 test[22m[2m)[22m[32m 46[2mms[22m[39m
 [32m✓[39m tests/unit/core-narrative-router-coverage.test.ts [2m([22m[2m24 tests[22m[2m)[22m[32m 45[2mms[22m[39m
 [32m✓[39m tests/security/electron-security.test.ts [2m([22m[2m9 tests[22m[2m)[22m[32m 49[2mms[22m[39m
 [32m✓[39m tests/unit/core-recovery-supervisor-branch-coverage.test.ts [2m([22m[2m16 tests[22m[2m)[22m[32m 36[2mms[22m[39m
 [32m✓[39m tests/unit/core-candidate-diff-coverage.test.ts [2m([22m[2m12 tests[22m[2m)[22m[32m 48[2mms[22m[39m
 [32m✓[39m tests/unit/editor-core-diff-coverage.test.ts [2m([22m[2m14 tests[22m[2m)[22m[32m 41[2mms[22m[39m
 [32m✓[39m tests/security/common-ipc-timeout-semantics.test.ts [2m([22m[2m2 tests[22m[2m)[22m[32m 49[2mms[22m[39m
 [32m✓[39m tests/unit/tooling-hardening.test.ts [2m([22m[2m6 tests[22m[2m)[22m[32m 64[2mms[22m[39m
 [32m✓[39m tests/unit/writing-generation-start.test.ts [2m([22m[2m12 tests[22m[2m)[22m[32m 43[2mms[22m[39m
 [32m✓[39m tests/unit/renderer-ui-state-boundary.test.ts [2m([22m[2m19 tests[22m[2m)[22m[32m 43[2mms[22m[39m
 [32m✓[39m tests/unit/m10-03-ipc-protocol-maintenance.test.ts [2m([22m[2m6 tests[22m[2m)[22m[32m 29[2mms[22m[39m
 [32m✓[39m tests/unit/ar10-main-ipc-error-coverage.test.ts [2m([22m[2m3 tests[22m[2m)[22m[32m 45[2mms[22m[39m
 [32m✓[39m tests/unit/m10-12-generation-persist-cancel-race.test.ts [2m([22m[2m1 test[22m[2m)[22m[32m 43[2mms[22m[39m
 [32m✓[39m tests/security/project-structure-ipc.test.ts [2m([22m[2m2 tests[22m[2m)[22m[32m 45[2mms[22m[39m
 [32m✓[39m tests/security/app-data-ipc.test.ts [2m([22m[2m2 tests[22m[2m)[22m[32m 35[2mms[22m[39m
 [32m✓[39m tests/security/candidate-ipc.test.ts [2m([22m[2m3 tests[22m[2m)[22m[32m 44[2mms[22m[39m
 [32m✓[39m tests/unit/core-utility-router-coverage.test.ts [2m([22m[2m15 tests[22m[2m)[22m[32m 38[2mms[22m[39m
 [32m✓[39m tests/unit/provider-integrated-hardening.test.ts [2m([22m[2m3 tests[22m[2m)[22m[32m 62[2mms[22m[39m
 [32m✓[39m tests/security/ipc-task-contracts.test.ts [2m([22m[2m4 tests[22m[2m)[22m[32m 45[2mms[22m[39m
 [32m✓[39m tests/unit/autosave-writing-tools.test.ts [2m([22m[2m10 tests[22m[2m)[22m[32m 32[2mms[22m[39m
 [32m✓[39m tests/unit/core-project-routers-coverage.test.ts [2m([22m[2m9 tests[22m[2m)[22m[32m 30[2mms[22m[39m
 [32m✓[39m tests/unit/ci-efficiency.test.ts [2m([22m[2m11 tests[22m[2m)[22m[32m 35[2mms[22m[39m
 [32m✓[39m tests/unit/code-quality-governance.test.ts [2m([22m[2m8 tests[22m[2m)[22m[32m 48[2mms[22m[39m
 [32m✓[39m tests/security/provider-ipc.test.ts [2m([22m[2m3 tests[22m[2m)[22m[32m 32[2mms[22m[39m
 [32m✓[39m tests/unit/m10-13-core-supervisor-boundary.test.ts [2m([22m[2m3 tests[22m[2m)[22m[32m 27[2mms[22m[39m
 [32m✓[39m tests/unit/m10-22-renderer-ownership-render.test.ts [2m([22m[2m1 test[22m[2m)[22m[32m 39[2mms[22m[39m
 [32m✓[39m tests/unit/audit-remediation-manifest-discovery.test.ts [2m([22m[2m3 tests[22m[2m)[22m[32m 42[2mms[22m[39m
 [32m✓[39m tests/unit/ipc-handlers-real-surface-coverage.test.ts [2m([22m[2m3 tests[22m[2m)[22m[32m 39[2mms[22m[39m
 [32m✓[39m tests/security/candidate-preview-ipc.test.ts [2m([22m[2m4 tests[22m[2m)[22m[32m 45[2mms[22m[39m
 [32m✓[39m tests/unit/editor-core-draft-document-coverage.test.ts [2m([22m[2m12 tests[22m[2m)[22m[32m 46[2mms[22m[39m
 [32m✓[39m tests/unit/editor-core-lock-guard-coverage.test.ts [2m([22m[2m8 tests[22m[2m)[22m[32m 38[2mms[22m[39m
 [32m✓[39m tests/unit/writing-candidate-loader.test.ts [2m([22m[2m5 tests[22m[2m)[22m[32m 33[2mms[22m[39m
 [32m✓[39m tests/unit/m10-12-generation-cancel-barrier.test.ts [2m([22m[2m1 test[22m[2m)[22m[32m 47[2mms[22m[39m
 [32m✓[39m tests/unit/renderer-react-runtime-root.test.ts [2m([22m[2m6 tests[22m[2m)[22m[32m 53[2mms[22m[39m
 [32m✓[39m tests/unit/m10-12-generation-cancel-order.test.ts [2m([22m[2m1 test[22m[2m)[22m[32m 39[2mms[22m[39m
 [32m✓[39m tests/security/diagnostic-ipc-confirmation.test.ts [2m([22m[2m2 tests[22m[2m)[22m[32m 37[2mms[22m[39m
 [32m✓[39m tests/unit/renderer-react-foundation.test.ts [2m([22m[2m9 tests[22m[2m)[22m[32m 38[2mms[22m[39m
 [32m✓[39m tests/integration/candidate-apply-contract.test.ts [2m([22m[2m3 tests[22m[2m)[22m[32m 36[2mms[22m[39m
 [32m✓[39m tests/unit/renderer-layout-model-coverage.test.ts [2m([22m[2m22 tests[22m[2m)[22m[32m 33[2mms[22m[39m
 [32m✓[39m tests/security/scene-beat-ipc.test.ts [2m([22m[2m1 test[22m[2m)[22m[32m 34[2mms[22m[39m
 [32m✓[39m tests/unit/m8-09-v1-stability-invariants.test.ts [2m([22m[2m6 tests[22m[2m)[22m[32m 31[2mms[22m[39m
 [32m✓[39m tests/unit/structured-candidate-contracts.test.ts [2m([22m[2m3 tests[22m[2m)[22m[32m 34[2mms[22m[39m
 [32m✓[39m tests/unit/m10-13-candidate-review-render.test.ts [2m([22m[2m1 test[22m[2m)[22m[32m 39[2mms[22m[39m
 [32m✓[39m tests/unit/electron-window-state-coverage.test.ts [2m([22m[2m7 tests[22m[2m)[22m[32m 22[2mms[22m[39m
 [32m✓[39m tests/security/provider-transaction-hardening.test.ts [2m([22m[2m2 tests[22m[2m)[22m[32m 46[2mms[22m[39m
 [32m✓[39m tests/security/provider-endpoint.test.ts [2m([22m[2m3 tests[22m[2m)[22m[32m 31[2mms[22m[39m
 [32m✓[39m tests/unit/author-review-delivery.test.ts [2m([22m[2m12 tests[22m[2m)[22m[32m 36[2mms[22m[39m
 [32m✓[39m tests/unit/writing-generation-run-actions.test.ts [2m([22m[2m5 tests[22m[2m)[22m[32m 28[2mms[22m[39m
 [32m✓[39m tests/unit/writing-session-architecture.test.ts [2m([22m[2m3 tests[22m[2m)[22m[32m 24[2mms[22m[39m
 [32m✓[39m tests/unit/writing-assistance.test.ts [2m([22m[2m5 tests[22m[2m)[22m[32m 30[2mms[22m[39m
 [32m✓[39m tests/unit/app-shell-runtime-models.test.ts [2m([22m[2m5 tests[22m[2m)[22m[32m 27[2mms[22m[39m
 [32m✓[39m tests/security/project-planning-ipc.test.ts [2m([22m[2m2 tests[22m[2m)[22m[32m 36[2mms[22m[39m
 [32m✓[39m tests/unit/task-control.test.ts [2m([22m[2m10 tests[22m[2m)[22m[32m 31[2mms[22m[39m
 [32m✓[39m tests/unit/m10-13-provider-settings-controller.test.ts [2m([22m[2m5 tests[22m[2m)[22m[32m 25[2mms[22m[39m
 [32m✓[39m tests/unit/ui-acceptance-gate.test.ts [2m([22m[2m5 tests[22m[2m)[22m[32m 31[2mms[22m[39m
 [32m✓[39m tests/integration/app-settings-concurrency.test.ts [2m([22m[2m1 test[22m[2m)[22m[32m 44[2mms[22m[39m
 [32m✓[39m tests/unit/editor-persisted-metadata-isolation.test.ts [2m([22m[2m2 tests[22m[2m)[22m[32m 25[2mms[22m[39m
 [32m✓[39m tests/security/candidate-undo-ipc.test.ts [2m([22m[2m6 tests[22m[2m)[22m[32m 38[2mms[22m[39m
 [32m✓[39m tests/unit/backup-metadata-compatibility.test.ts [2m([22m[2m2 tests[22m[2m)[22m[32m 55[2mms[22m[39m
 [32m✓[39m tests/security/generation-ipc.test.ts [2m([22m[2m2 tests[22m[2m)[22m[32m 33[2mms[22m[39m
 [32m✓[39m tests/unit/renderer-c3-generation-workbench.test.ts [2m([22m[2m2 tests[22m[2m)[22m[32m 28[2mms[22m[39m
 [32m✓[39m tests/unit/writing-generation-subscription.test.ts [2m([22m[2m4 tests[22m[2m)[22m[32m 25[2mms[22m[39m
 [32m✓[39m tests/security/draft-ipc.test.ts [2m([22m[2m2 tests[22m[2m)[22m[32m 39[2mms[22m[39m
 [32m✓[39m tests/unit/m10-15-generation-preflight.test.ts [2m([22m[2m3 tests[22m[2m)[22m[32m 23[2mms[22m[39m
 [32m✓[39m tests/unit/provider-contracts.test.ts [2m([22m[2m2 tests[22m[2m)[22m[32m 24[2mms[22m[39m
 [32m✓[39m tests/unit/renderer-startup-compatibility.test.ts [2m([22m[2m3 tests[22m[2m)[22m[32m 21[2mms[22m[39m
 [32m✓[39m tests/unit/m10-13-renderer-command-coordinator.test.ts [2m([22m[2m6 tests[22m[2m)[22m[32m 28[2mms[22m[39m
 [32m✓[39m tests/unit/ar13-utility-control-boundaries.test.ts [2m([22m[2m3 tests[22m[2m)[22m[32m 23[2mms[22m[39m
 [32m✓[39m tests/unit/package-desktop.test.ts [2m([22m[2m14 tests[22m[2m)[22m[32m 25[2mms[22m[39m
 [32m✓[39m tests/integration/recovery-identity-remap.test.ts [2m([22m[2m2 tests[22m[2m)[22m[32m 40[2mms[22m[39m
 [32m✓[39m tests/unit/ar07-app-shell-boundaries.test.ts [2m([22m[2m3 tests[22m[2m)[22m[32m 24[2mms[22m[39m
 [32m✓[39m tests/unit/m10-13-recovery-overview-gate.test.ts [2m([22m[2m2 tests[22m[2m)[22m[32m 27[2mms[22m[39m
 [32m✓[39m tests/unit/renderer-shutdown-ipc.test.ts [2m([22m[2m2 tests[22m[2m)[22m[32m 30[2mms[22m[39m
 [32m✓[39m tests/unit/canon-author-fields.test.ts [2m([22m[2m5 tests[22m[2m)[22m[32m 27[2mms[22m[39m
 [32m✓[39m tests/security/m10-13-generation-rewrite-contract.test.ts [2m([22m[2m1 test[22m[2m)[22m[32m 30[2mms[22m[39m
 [32m✓[39m tests/migration/m10-12-command-identity-context.test.ts [2m([22m[2m1 test[22m[2m)[22m[32m 28[2mms[22m[39m
 [32m✓[39m tests/unit/search-panel-request-lanes.test.ts [2m([22m[2m4 tests[22m[2m)[22m[32m 15[2mms[22m[39m
 [32m✓[39m tests/unit/testkit-determinism-provider.test.ts [2m([22m[2m4 tests[22m[2m)[22m[32m 34[2mms[22m[39m
 [32m✓[39m tests/unit/generation-contracts.test.ts [2m([22m[2m5 tests[22m[2m)[22m[32m 33[2mms[22m[39m
 [32m✓[39m tests/unit/bridge-request-detachment.test.ts [2m([22m[2m4 tests[22m[2m)[22m[32m 29[2mms[22m[39m
 [32m✓[39m tests/unit/renderer-runtime-dom-boundaries.test.ts [2m([22m[2m2 tests[22m[2m)[22m[32m 25[2mms[22m[39m
 [32m✓[39m tests/unit/editor-persisted-metadata-sync.test.ts [2m([22m[2m4 tests[22m[2m)[22m[32m 26[2mms[22m[39m
 [32m✓[39m tests/unit/writing-tools.test.ts [2m([22m[2m8 tests[22m[2m)[22m[32m 27[2mms[22m[39m
 [32m✓[39m tests/unit/m10-13-writing-context-ownership.test.ts [2m([22m[2m6 tests[22m[2m)[22m[32m 27[2mms[22m[39m
[worldforge-core] task-command.execute.failed
 [32m✓[39m tests/unit/capability-matrix.test.ts [2m([22m[2m6 tests[22m[2m)[22m[32m 23[2mms[22m[39m
[worldforge-core] window-preferences.save.failed
 [32m✓[39m tests/unit/m10-13-utility-lifecycle.test.ts [2m([22m[2m4 tests[22m[2m)[22m[32m 30[2mms[22m[39m
 [32m✓[39m tests/unit/writing-candidate-regressions.test.ts [2m([22m[2m4 tests[22m[2m)[22m[32m 33[2mms[22m[39m
 [32m✓[39m tests/unit/ar09-preload-factory-boundaries.test.ts [2m([22m[2m5 tests[22m[2m)[22m[32m 24[2mms[22m[39m
 [32m✓[39m tests/unit/core-recovery-supervisor.test.ts [2m([22m[2m5 tests[22m[2m)[22m[32m 32[2mms[22m[39m
 [32m✓[39m tests/unit/renderer-shell-bridge-adapter.test.ts [2m([22m[2m1 test[22m[2m)[22m[32m 19[2mms[22m[39m
 [32m✓[39m tests/unit/renderer-foundation-runtime.test.ts [2m([22m[2m4 tests[22m[2m)[22m[32m 27[2mms[22m[39m
 [32m✓[39m tests/unit/author-language.test.ts [2m([22m[2m10 tests[22m[2m)[22m[32m 27[2mms[22m[39m
 [32m✓[39m tests/unit/renderer-home-settings-taskbar.test.ts [2m([22m[2m7 tests[22m[2m)[22m[32m 27[2mms[22m[39m
 [32m✓[39m tests/unit/m10-17-planning-mode-ownership.test.ts [2m([22m[2m3 tests[22m[2m)[22m[32m 33[2mms[22m[39m
 [32m✓[39m tests/unit/shared-structure-boundary.test.ts [2m([22m[2m4 tests[22m[2m)[22m[32m 27[2mms[22m[39m
 [32m✓[39m tests/unit/writing-candidate-actions.test.ts [2m([22m[2m6 tests[22m[2m)[22m[32m 24[2mms[22m[39m
 [32m✓[39m tests/unit/bridge-request-sharing.test.ts [2m([22m[2m6 tests[22m[2m)[22m[32m 25[2mms[22m[39m
 [32m✓[39m tests/unit/renderer-draft-continuation-feedback.test.ts [2m([22m[2m4 tests[22m[2m)[22m[32m 23[2mms[22m[39m
 [32m✓[39m tests/unit/bounded-idempotent-promise-cache.test.ts [2m([22m[2m3 tests[22m[2m)[22m[32m 22[2mms[22m[39m
 [32m✓[39m tests/unit/recovery-path-name.test.ts [2m([22m[2m4 tests[22m[2m)[22m[32m 23[2mms[22m[39m
 [32m✓[39m tests/unit/automated-verification-authority.test.ts [2m([22m[2m6 tests[22m[2m)[22m[32m 21[2mms[22m[39m
 [32m✓[39m tests/security/candidate-apply-ipc.test.ts [2m([22m[2m2 tests[22m[2m)[22m[32m 29[2mms[22m[39m
 [32m✓[39m tests/unit/m10-13-core-rpc-channel.test.ts [2m([22m[2m3 tests[22m[2m)[22m[32m 25[2mms[22m[39m
 [32m✓[39m tests/unit/ar06-planning-boundaries.test.ts [2m([22m[2m3 tests[22m[2m)[22m[32m 23[2mms[22m[39m
 [32m✓[39m tests/unit/draft-semantic.test.ts [2m([22m[2m3 tests[22m[2m)[22m[32m 24[2mms[22m[39m
 [32m✓[39m tests/unit/strict-testkit.test.ts [2m([22m[2m9 tests[22m[2m)[22m[32m 30[2mms[22m[39m
 [32m✓[39m tests/unit/renderer-app-shell-model.test.ts [2m([22m[2m8 tests[22m[2m)[22m[32m 28[2mms[22m[39m
 [32m✓[39m tests/unit/ar10-main-ipc-boundaries.test.ts [2m([22m[2m3 tests[22m[2m)[22m[32m 26[2mms[22m[39m
 [32m✓[39m tests/unit/draft-flush-registry.test.ts [2m([22m[2m4 tests[22m[2m)[22m[32m 25[2mms[22m[39m
 [32m✓[39m tests/unit/m10-13-project-session-transition.test.ts [2m([22m[2m4 tests[22m[2m)[22m[32m 26[2mms[22m[39m
[worldforge-core] parent-port.send.failed
[worldforge-core] test.operation.failed
[worldforge-core] test.success-build.failed.success-build.failed
 [32m✓[39m tests/unit/m10-13-utility-control-context.test.ts [2m([22m[2m3 tests[22m[2m)[22m[32m 23[2mms[22m[39m
 [32m✓[39m tests/unit/renderer-navigation-target.test.ts [2m([22m[2m6 tests[22m[2m)[22m[32m 18[2mms[22m[39m
 [32m✓[39m tests/unit/scan-secrets.test.ts [2m([22m[2m5 tests[22m[2m)[22m[32m 23[2mms[22m[39m
 [32m✓[39m tests/unit/editor-draft-patch.test.ts [2m([22m[2m4 tests[22m[2m)[22m[32m 23[2mms[22m[39m
 [32m✓[39m tests/unit/app-shell-capability-actions.test.ts [2m([22m[2m2 tests[22m[2m)[22m[32m 18[2mms[22m[39m
 [32m✓[39m tests/unit/chapter-session-state.test.ts [2m([22m[2m3 tests[22m[2m)[22m[32m 22[2mms[22m[39m
 [32m✓[39m tests/unit/ar13-validation-boundaries.test.ts [2m([22m[2m2 tests[22m[2m)[22m[32m 24[2mms[22m[39m
 [32m✓[39m tests/unit/renderer-zero-coverage-helpers.test.ts [2m([22m[2m3 tests[22m[2m)[22m[32m 15[2mms[22m[39m
 [32m✓[39m tests/unit/constraint-package-domain.test.ts [2m([22m[2m3 tests[22m[2m)[22m[32m 15[2mms[22m[39m
 [32m✓[39m tests/unit/draft-flush-recovery-safety.test.ts [2m([22m[2m1 test[22m[2m)[22m[32m 19[2mms[22m[39m
 [32m✓[39m tests/unit/m10-17-startup-degraded.test.ts [2m([22m[2m2 tests[22m[2m)[22m[32m 20[2mms[22m[39m
 [32m✓[39m tests/unit/branch-inventory-policy.test.ts [2m([22m[2m2 tests[22m[2m)[22m[32m 20[2mms[22m[39m
 [32m✓[39m tests/unit/m10-13-privacy-logger-boundary.test.ts [2m([22m[2m1 test[22m[2m)[22m[32m 19[2mms[22m[39m
 [32m✓[39m tests/unit/work-synchronization.test.ts [2m([22m[2m9 tests[22m[2m)[22m[32m 25[2mms[22m[39m
 [32m✓[39m tests/unit/branch-hygiene.test.ts [2m([22m[2m5 tests[22m[2m)[22m[32m 25[2mms[22m[39m
 [32m✓[39m tests/unit/capability-runtime-navigation.test.ts [2m([22m[2m4 tests[22m[2m)[22m[32m 25[2mms[22m[39m
 [32m✓[39m tests/unit/renderer-generation-sources-race.test.ts [2m([22m[2m3 tests[22m[2m)[22m[32m 15[2mms[22m[39m
 [32m✓[39m tests/migration/migration-trigger-syntax.test.ts [2m([22m[2m1 test[22m[2m)[22m[32m 19[2mms[22m[39m
 [32m✓[39m tests/unit/validation-trigger-error-mapping.test.ts [2m([22m[2m7 tests[22m[2m)[22m[32m 19[2mms[22m[39m
 [32m✓[39m tests/unit/request-generation.test.ts [2m([22m[2m4 tests[22m[2m)[22m[32m 22[2mms[22m[39m
 [32m✓[39m tests/unit/ar13-search-candidate.test.ts [2m([22m[2m2 tests[22m[2m)[22m[32m 23[2mms[22m[39m
 [32m✓[39m tests/unit/ar12-project-workspace-path-policy-branches.test.ts [2m([22m[2m2 tests[22m[2m)[22m[32m 17[2mms[22m[39m
 [32m✓[39m tests/unit/single-work-policy.test.ts [2m([22m[2m2 tests[22m[2m)[22m[32m 16[2mms[22m[39m
 [32m✓[39m tests/unit/editor-persisted-metadata-missing-client-id.test.ts [2m([22m[2m2 tests[22m[2m)[22m[32m 25[2mms[22m[39m
 [32m✓[39m tests/security/preload-surface.test.ts [2m([22m[2m1 test[22m[2m)[22m[32m 17[2mms[22m[39m
 [32m✓[39m tests/unit/provider-abort-signal.test.ts [2m([22m[2m2 tests[22m[2m)[22m[32m 24[2mms[22m[39m
 [32m✓[39m tests/unit/main-task-verification.test.ts [2m([22m[2m3 tests[22m[2m)[22m[32m 15[2mms[22m[39m
 [32m✓[39m tests/unit/editor-lock-patch.test.ts [2m([22m[2m2 tests[22m[2m)[22m[32m 19[2mms[22m[39m
 [32m✓[39m tests/unit/ai-readiness.test.ts [2m([22m[2m2 tests[22m[2m)[22m[32m 15[2mms[22m[39m
 [32m✓[39m tests/unit/ar13-structure-operations-boundaries.test.ts [2m([22m[2m3 tests[22m[2m)[22m[32m 25[2mms[22m[39m
 [32m✓[39m tests/security/diagnostic-export.test.ts [2m([22m[2m1 test[22m[2m)[22m[32m 30[2mms[22m[39m
 [32m✓[39m tests/unit/m10-13-recovery-overview-availability.test.ts [2m([22m[2m1 test[22m[2m)[22m[32m 16[2mms[22m[39m
 [32m✓[39m tests/unit/m10-13-command-identity-contract.test.ts [2m([22m[2m2 tests[22m[2m)[22m[32m 14[2mms[22m[39m
 [32m✓[39m tests/unit/ipc-error-semantics.test.ts [2m([22m[2m3 tests[22m[2m)[22m[32m 19[2mms[22m[39m
 [32m✓[39m tests/unit/export-selection-guard.test.ts [2m([22m[2m3 tests[22m[2m)[22m[32m 20[2mms[22m[39m
 [32m✓[39m tests/unit/m10-13-root-cause-governance.test.ts [2m([22m[2m1 test[22m[2m)[22m[32m 17[2mms[22m[39m
 [32m✓[39m tests/unit/single-flight-polling.test.ts [2m([22m[2m2 tests[22m[2m)[22m[32m 18[2mms[22m[39m
 [32m✓[39m tests/unit/single-work-taskctl.test.ts [2m([22m[2m3 tests[22m[2m)[22m[32m 15[2mms[22m[39m
 [32m✓[39m tests/unit/sql-migration-policy.test.ts [2m([22m[2m5 tests[22m[2m)[22m[32m 24[2mms[22m[39m
 [32m✓[39m tests/unit/ar13-narrative-planning-boundaries.test.ts [2m([22m[2m2 tests[22m[2m)[22m[32m 22[2mms[22m[39m
 [32m✓[39m tests/unit/m10-13-structure-delete-engine.test.ts [2m([22m[2m2 tests[22m[2m)[22m[32m 18[2mms[22m[39m
 [32m✓[39m tests/unit/search-model-secondary-error.test.ts [2m([22m[2m1 test[22m[2m)[22m[32m 20[2mms[22m[39m
 [32m✓[39m tests/migration/sqlite-header-integrity.test.ts [2m([22m[2m1 test[22m[2m)[22m[32m 33[2mms[22m[39m
 [32m✓[39m tests/unit/m10-13-recovery-overview-state.test.ts [2m([22m[2m1 test[22m[2m)[22m[32m 18[2mms[22m[39m
 [32m✓[39m tests/unit/generation-polling-policy.test.ts [2m([22m[2m2 tests[22m[2m)[22m[32m 20[2mms[22m[39m
 [32m✓[39m tests/unit/ar08-contracts-public-surface.test.ts [2m([22m[2m2 tests[22m[2m)[22m[32m 22[2mms[22m[39m
 [32m✓[39m tests/unit/verified-evidence-scan.test.ts [2m([22m[2m5 tests[22m[2m)[22m[32m 17[2mms[22m[39m
 [32m✓[39m tests/unit/stable-json.test.ts [2m([22m[2m2 tests[22m[2m)[22m[32m 14[2mms[22m[39m
 [32m✓[39m tests/unit/task-ordering.test.ts [2m([22m[2m4 tests[22m[2m)[22m[32m 21[2mms[22m[39m
 [32m✓[39m tests/unit/renderer-continuation-persistence.test.ts [2m([22m[2m4 tests[22m[2m)[22m[32m 16[2mms[22m[39m
 [32m✓[39m tests/unit/m10-13-bridge-resource-context.test.ts [2m([22m[2m3 tests[22m[2m)[22m[32m 21[2mms[22m[39m
 [32m✓[39m tests/unit/source-structure-policy.test.ts [2m([22m[2m4 tests[22m[2m)[22m[32m 27[2mms[22m[39m
 [32m✓[39m tests/unit/m10-12-recovery-compensation.test.ts [2m([22m[2m3 tests[22m[2m)[22m[32m 22[2mms[22m[39m
 [32m✓[39m tests/unit/m10-13-candidate-command-ownership.test.ts [2m([22m[2m2 tests[22m[2m)[22m[32m 18[2mms[22m[39m
 [32m✓[39m tests/unit/taskctl-transaction-policy.test.ts [2m([22m[2m2 tests[22m[2m)[22m[32m 30[2mms[22m[39m
 [32m✓[39m tests/unit/checks-generation-polling.test.ts [2m([22m[2m2 tests[22m[2m)[22m[32m 19[2mms[22m[39m
 [32m✓[39m tests/unit/workspace-attention.test.ts [2m([22m[2m2 tests[22m[2m)[22m[32m 16[2mms[22m[39m
 [32m✓[39m tests/unit/electron-e2e-runner.test.ts [2m([22m[2m3 tests[22m[2m)[22m[32m 19[2mms[22m[39m
 [32m✓[39m tests/unit/task-gap-recovery.test.ts [2m([22m[2m3 tests[22m[2m)[22m[32m 15[2mms[22m[39m
 [32m✓[39m tests/integration/candidate-apply-diff.test.ts [2m([22m[2m2 tests[22m[2m)[22m[32m 20[2mms[22m[39m
 [32m✓[39m tests/unit/ar13-search-index-boundaries.test.ts [2m([22m[2m2 tests[22m[2m)[22m[32m 23[2mms[22m[39m
 [32m✓[39m tests/unit/ar14-workspace-alignment-contract.test.ts [2m([22m[2m1 test[22m[2m)[22m[32m 19[2mms[22m[39m
 [32m✓[39m tests/unit/capability-runtime-provider.test.ts [2m([22m[2m1 test[22m[2m)[22m[32m 13[2mms[22m[39m
 [32m✓[39m tests/unit/gitignore.test.ts [2m([22m[2m1 test[22m[2m)[22m[32m 21[2mms[22m[39m
 [32m✓[39m tests/unit/boundaries.test.ts [2m([22m[2m2 tests[22m[2m)[22m[32m 25[2mms[22m[39m
 [32m✓[39m tests/integration/database-boundaries.test.ts [2m([22m[2m1 test[22m[2m)[22m[32m 21[2mms[22m[39m
 [32m✓[39m tests/unit/writing-save-context-contract.test.ts [2m([22m[2m1 test[22m[2m)[22m[32m 13[2mms[22m[39m
 [32m✓[39m tests/unit/author-error-message.test.ts [2m([22m[2m1 test[22m[2m)[22m[32m 19[2mms[22m[39m
 [32m✓[39m tests/integration/m2-03-core-boundary.test.ts [2m([22m[2m1 test[22m[2m)[22m[32m 14[2mms[22m[39m
 [32m✓[39m tests/unit/packaged-product-readiness.test.ts [2m([22m[2m1 test[22m[2m)[22m[32m 13[2mms[22m[39m

[2m Test Files [22m [1m[32m317 passed[39m[22m[90m (317)[39m
[2m      Tests [22m [1m[32m1304 passed[39m[22m[90m (1304)[39m
[2m   Start at [22m 09:54:12
[2m   Duration [22m 90.53s[2m (transform 7.33s, setup 6.98s, import 95.68s, tests 82.99s, environment 43ms)[22m

[34m % [39m[2mCoverage report from [22m[33mv8[39m
-------------------|---------|----------|---------|---------|-------------------
File               | % Stmts | % Branch | % Funcs | % Lines | Uncovered Line #s 
-------------------|---------|----------|---------|---------|-------------------
All files          |   73.11 |    61.27 |   67.61 |   75.21 |                   
 ...sktop/main/src |   81.81 |    74.02 |   91.66 |   87.74 |                   
  ...c-handlers.ts |   71.96 |     55.4 |   86.66 |   85.84 | ...15,218,236-244 
  ...review-ipc.ts |   84.81 |    79.16 |   93.33 |   87.67 | ...02,220,228-233 
  ...c-handlers.ts |      30 |        0 |      50 |    37.5 | 39-43             
  ...inuity-ipc.ts |   94.11 |     87.5 |     100 |   93.75 | 111               
  ...pc-channel.ts |   89.28 |     62.5 |     100 |      96 | 65                
  ...ial-broker.ts |   89.38 |    75.51 |     100 |      98 | 50,74             
  ...tic-export.ts |      72 |    66.66 |     100 |      75 | 54,68-70,76-77    
  fuse-policy.ts   |     100 |      100 |     100 |     100 |                   
  handler-guard.ts |   92.59 |    84.37 |     100 |   93.87 | 81-82,123         
  index.ts         |       0 |      100 |     100 |       0 | 8                 
  ...-semantics.ts |     100 |      100 |     100 |     100 |                   
  ...anning-ipc.ts |   94.44 |     87.5 |     100 |   94.11 | 381               
  ...ion-policy.ts |   84.21 |    83.33 |   85.71 |   93.75 | 25                
  ...c-handlers.ts |   70.27 |       50 |      80 |   82.75 | 59-63             
  ...acy-logger.ts |     100 |    88.88 |     100 |     100 | 40                
  ...c-handlers.ts |    87.5 |    78.94 |     100 |   96.72 | 68,127            
  ...c-handlers.ts |   84.35 |    76.86 |     100 |   88.53 | ...28,446,466,484 
  ...oordinator.ts |   72.97 |    76.92 |   66.66 |   75.75 | ...43,55,63,74-76 
  ...c-handlers.ts |   65.92 |     60.6 |   73.33 |   70.58 | ...92-196,203-214 
  ...r-protocol.ts |      90 |    94.44 |     100 |   92.59 | 34,42             
  ...utdown-ipc.ts |     100 |      100 |     100 |     100 |                   
  ...ity-policy.ts |     100 |      100 |     100 |     100 |                   
  ...c-handlers.ts |   97.95 |    95.83 |     100 |     100 | 35,198            
  ...c-handlers.ts |   75.67 |    71.42 |   83.33 |   82.75 | 24-28             
  window-state.ts  |     100 |      100 |     100 |     100 |                   
  ...c-handlers.ts |    60.6 |    46.42 |    62.5 |    67.3 | ...05,122,141-146 
 ...op/preload/src |   39.35 |     87.5 |   20.34 |    37.5 |                   
  ...ge-factory.ts |      28 |      100 |      28 |      28 | ...93-179,209-217 
  ...ge-runtime.ts |      60 |       75 |   66.66 |      60 | 48-51             
  ...ity-bridge.ts |       0 |      100 |       0 |       0 | 32-87             
  ...uity-entry.ts |       0 |        0 |       0 |       0 |                   
  index.ts         |     100 |      100 |     100 |     100 |                   
  ...cle-bridge.ts |     100 |      100 |     100 |     100 |                   
  ...ing-bridge.ts |       0 |      100 |       0 |       0 | 30-78             
  ...ge-factory.ts |    4.87 |      100 |    4.87 |    4.87 | 68-316            
  ...ge-factory.ts |   31.25 |      100 |   31.25 |   31.25 | ...,84-90,102-138 
  ...ge-factory.ts |      20 |      100 |      20 |      20 | 38-50,64-110,124  
  rhythm-bridge.ts |       0 |      100 |       0 |       0 | 15-32             
  ...ols-bridge.ts |       0 |      100 |       0 |       0 | 36-106            
  ...sal-bridge.ts |       0 |      100 |       0 |       0 | 36-94             
  ...ge-factory.ts |   97.77 |    94.44 |   88.88 |   97.61 | 51                
  ...p-recovery.ts |   95.45 |    92.85 |     100 |     100 | 22                
  ...ion-bridge.ts |       0 |      100 |       0 |       0 | 32-87             
  ...ge-factory.ts |    7.69 |        0 |    7.69 |    7.69 | 57-138            
 ...p/renderer/src |   43.47 |    83.33 |   28.57 |   33.33 |                   
  index.ts         |       0 |        0 |       0 |       0 |                   
  layout-model.ts  |     100 |      100 |     100 |     100 |                   
  react-entry.tsx  |       0 |        0 |       0 |       0 | 14-62             
  types.ts         |       0 |        0 |       0 |       0 |                   
 ...nderer/src/app |   35.52 |    32.24 |   16.48 |   36.52 |                   
  ...ll-helpers.ts |   71.42 |       75 |    62.5 |   68.75 | 19-27             
  ...ll-layout.tsx |       0 |        0 |       0 |       0 | 60-274            
  app-shell-m3.tsx |       0 |        0 |       0 |       0 | 34-300            
  ...ell-pages.tsx |       0 |        0 |       0 |       0 | 83-207            
  ...ell-status.ts |     100 |    96.15 |     100 |     100 | 40,103            
  app-shell.tsx    |       0 |      100 |       0 |       0 | 8-28              
  ...transition.ts |     100 |       75 |     100 |     100 | 30-32             
  ...controller.ts |     100 |       50 |     100 |     100 | 22-33             
  ...ation-app.tsx |       0 |        0 |       0 |       0 | 30-79             
 ...rer/src/bridge |   75.13 |    65.85 |   86.66 |   77.16 |                   
  ...-lifecycle.ts |   75.13 |    65.85 |   86.66 |   77.16 | ...91,394,397-398 
 ...src/components |   33.33 |    58.62 |    42.1 |   32.65 |                   
  ...or-notice.tsx |     100 |    66.66 |     100 |     100 | 17                
  context-help.tsx |     100 |      100 |     100 |     100 |                   
  ...re-dialog.tsx |       0 |        0 |       0 |       0 | 7-70              
  ...ty-banner.tsx |     100 |       50 |     100 |     100 | 14-21             
  task-bar.tsx     |     100 |      100 |     100 |     100 |                   
 ...features/canon |     9.8 |     8.06 |    6.13 |    8.72 |                   
  ...or-fields.tsx |   64.13 |    68.11 |   44.44 |   63.15 | 75-201            
  ...workbench.tsx |       0 |        0 |       0 |       0 | 29-113            
  ...el-shared.tsx |       0 |        0 |       0 |       0 | 10-44             
  ...workbench.tsx |       0 |        0 |       0 |       0 | 35-195            
  ...y-editors.tsx |       0 |        0 |       0 |       0 | 36-334            
  ...ity-panel.tsx |       0 |        0 |       0 |       0 | 23-84             
  ...ip-editor.tsx |       0 |        0 |       0 |       0 | 25-362            
  ...y-results.tsx |       0 |        0 |       0 |       0 | 22-54             
  ...non-panel.tsx |       0 |        0 |       0 |       0 | 18-317            
  ...g-editors.tsx |       0 |        0 |       0 |       0 | 36-280            
  ...ing-panel.tsx |       0 |        0 |       0 |       0 | 23-74             
  ...g-results.tsx |       0 |        0 |       0 |       0 | 22-53             
  ...ip-editor.tsx |       0 |        0 |       0 |       0 | 19-328            
  ...sal-panel.tsx |       0 |        0 |       0 |       0 | 36-418            
 ...eatures/checks |    7.59 |        7 |    3.92 |    9.02 |                   
  ...workbench.tsx |       0 |        0 |       0 |       0 | 30-541            
  ...ing-policy.ts |     100 |      100 |     100 |     100 |                   
  rhythm-panel.tsx |       0 |        0 |       0 |       0 | 17-173            
  search-panel.tsx |   14.61 |    14.79 |    4.76 |   17.48 | ...78-299,307-452 
 ...res/data-tools |   14.28 |    18.12 |   15.73 |   14.06 |                   
  ...workbench.tsx |       0 |        0 |       0 |       0 | 37-702            
  ...view-gate.tsx |     100 |      100 |     100 |     100 |                   
  ...view-state.ts |     100 |      100 |     100 |     100 |                   
  ...-selection.ts |     100 |      100 |     100 |     100 |                   
 .../features/home |       0 |        0 |       0 |       0 |                   
  home-page.tsx    |       0 |        0 |       0 |       0 | 56-769            
 ...tures/planning |   20.77 |    13.15 |   31.57 |   22.22 |                   
  ...ext-panel.tsx |       0 |        0 |       0 |       0 | 16-52             
  ...orm-values.ts |     100 |       80 |     100 |     100 | 11,30             
  ...ine-error.tsx |     100 |      100 |     100 |     100 |                   
  ...workbench.tsx |     100 |      100 |     100 |     100 |                   
  ...workbench.tsx |       0 |        0 |       0 |       0 | 31-66             
  ...workbench.tsx |       0 |        0 |       0 |       0 | 28-200            
 ...planning/brief |       0 |        0 |       0 |       0 |                   
  ...questions.tsx |       0 |        0 |       0 |       0 | 22-131            
  ...ef-editor.tsx |       0 |        0 |       0 |       0 | 27-64             
 ...anning/outline |       0 |        0 |       0 |       0 |                   
  ...de-dialog.tsx |       0 |        0 |       0 |       0 | 23-82             
  plot-tree.tsx    |       0 |        0 |       0 |       0 | 29-154            
 ...lanning/scenes |       0 |        0 |       0 |       0 |                   
  ...at-dialog.tsx |       0 |        0 |       0 |       0 | 32-150            
  ...eat-panel.tsx |       0 |        0 |       0 |       0 | 27-270            
 ...tures/provider |      96 |     87.5 |     100 |     100 |                   
  ...controller.ts |      96 |     87.5 |     100 |     100 | 32-36,61          
 ...tures/settings |   19.09 |     7.85 |   11.26 |   19.67 |                   
  ...er-presets.ts |   83.33 |       70 |     100 |   92.85 | 116               
  ...-settings.tsx |    21.9 |     6.25 |    9.37 |      23 | ...56-171,203-404 
  ...ings-page.tsx |       0 |        0 |       0 |       0 | 46-561            
 ...ures/structure |    3.25 |      6.8 |    5.12 |     3.7 |                   
  ...or-dialog.tsx |       0 |        0 |       0 |       0 | 29-92             
  ...formatters.ts |     100 |      100 |     100 |     100 |                   
  ...navigator.tsx |       0 |        0 |       0 |       0 | 43-172            
  ...on-dialog.tsx |       0 |        0 |       0 |       0 | 37-214            
  ...ture-tree.tsx |       0 |        0 |       0 |       0 | 52-202            
  trash-panel.tsx  |       0 |        0 |       0 |       0 | 24-109            
  ...or-dialog.tsx |       0 |        0 |       0 |       0 | 25-62             
 ...atures/writing |   61.92 |    56.69 |   54.14 |   62.28 |                   
  ...-conflicts.ts |     100 |      100 |     100 |     100 |                   
  ...on-refresh.ts |     100 |      100 |     100 |     100 |                   
  ...ew-actions.ts |    83.5 |    71.42 |     100 |   90.24 | ...36-138,224-226 
  ...w-display.tsx |    9.52 |    18.75 |    5.26 |    9.52 | 118-327           
  ...iew-loader.ts |   90.81 |    78.94 |     100 |   97.64 | 148,215           
  ...iew-panel.tsx |   48.38 |        0 |   23.33 |   50.86 | ...05,322,356-378 
  ...-selection.ts |   82.35 |    54.54 |   66.66 |   78.57 | 11-14,37          
  ...on-review.tsx |     100 |    66.66 |     100 |     100 | 43-91             
  ...sion-state.ts |     100 |      100 |     100 |     100 |                   
  ...ion-anchor.ts |   95.65 |    91.66 |     100 |   94.73 | 26                
  ...ersistence.ts |   98.11 |    90.47 |     100 |     100 | 102,115-117,127   
  draft-blocks.ts  |     100 |      100 |     100 |     100 |                   
  ...e-feedback.ts |    90.9 |       85 |     100 |     100 | 26,45-47          
  ...ve-context.ts |     100 |    83.33 |     100 |     100 | 34                
  ...e-toolbar.tsx |     100 |       70 |     100 |     100 | 48                
  ...ces-loader.ts |     100 |       80 |     100 |     100 | 22-24             
  ...tion-start.ts |   96.29 |    93.54 |     100 |   98.92 | 292               
  ...on-studio.tsx |    8.69 |    42.46 |    4.54 |    8.69 | 105-355           
  ...bscription.ts |   86.11 |    71.87 |    87.5 |      90 | 61,88-89          
  ...on-notice.tsx |       0 |        0 |       0 |       0 | 18-47             
  review-diff.ts   |   72.19 |    59.66 |   71.87 |   71.42 | ...85,431,499-516 
  ...un-actions.ts |   83.33 |    79.16 |     100 |   88.46 | 35-36,39          
  ...ion-panel.tsx |       0 |        0 |       0 |       0 | 35-269            
  ...nce-panel.tsx |       0 |        0 |       0 |       0 | 30-249            
  ...assistance.ts |     100 |    92.45 |     100 |     100 | 85,115            
  ...workbench.tsx |       0 |      100 |       0 |       0 | 56-193            
  ...ch-header.tsx |     100 |       50 |     100 |     100 | 40-101            
  ...ench-types.ts |       0 |        0 |       0 |       0 |                   
  ...ench-view.tsx |       0 |        0 |       0 |       0 | 112-333           
  ...workbench.tsx |       0 |        0 |       0 |       0 | 37-244            
 ...c/presentation |   96.15 |    82.35 |     100 |   97.87 |                   
  ...or-message.ts |     100 |      100 |     100 |     100 |                   
  ...tus-labels.ts |     100 |      100 |     100 |     100 |                   
  author-terms.ts  |     100 |      100 |     100 |     100 |                   
  ...lue-format.ts |   91.66 |    67.85 |     100 |   94.73 | 82                
 ...er/src/runtime |   89.45 |       80 |   87.89 |   93.59 |                   
  ai-readiness.ts  |     100 |      100 |     100 |     100 |                   
  ...ity-matrix.ts |     100 |      100 |     100 |     100 |                   
  ...ty-runtime.ts |     100 |     92.5 |     100 |     100 | 108,116           
  ...oordinator.ts |   95.71 |       96 |   95.23 |   96.92 | 110-111           
  ...supervisor.ts |   93.17 |    86.52 |   88.23 |   99.52 | 85                
  ...h-registry.ts |     100 |      100 |     100 |     100 |                   
  ...r-boundary.ts |     100 |      100 |     100 |     100 |                   
  ...e-registry.ts |   83.33 |     62.5 |   85.71 |   82.14 | 17,39,41,52,54    
  ...on-runtime.ts |   82.14 |    64.58 |    87.5 |   88.88 | ...65,167,198,205 
  ...generation.ts |   92.85 |      100 |    90.9 |      92 | 43-44             
  ...ht-polling.ts |   78.78 |    69.23 |    87.5 |      92 | 14,22             
  ...iagnostics.ts |     100 |      100 |     100 |     100 |                   
  ...arbitrator.ts |   94.44 |    85.71 |   83.33 |   93.33 | 42                
  ...-attention.ts |      30 |       25 |   46.15 |   30.43 | 73-110            
 ...erer/src/shell |   96.07 |    93.04 |     100 |   95.78 |                   
  ...hell-model.ts |    97.5 |    95.65 |     100 |   97.36 | 186               
  ...oard-model.ts |   91.66 |    83.33 |     100 |    90.9 | 71                
  ...ion-target.ts |     100 |    97.29 |     100 |     100 | 141               
  ...tion-model.ts |   94.44 |    92.85 |     100 |   94.11 | 118               
  ...-bar-model.ts |   92.85 |       75 |     100 |   91.66 | 60                
 ...erer/src/state |   96.25 |    97.75 |   93.75 |   97.14 |                   
  ...e-boundary.ts |   97.26 |    97.72 |     100 |   98.46 | 253               
  ui-store.ts      |   85.71 |      100 |      80 |      80 | 39                
 .../contracts/src |    96.2 |    71.26 |   95.45 |   96.36 |                   
  ...t-protocol.ts |   91.93 |    73.68 |     100 |   93.44 | 107,114,144,297   
  app-data.ts      |     100 |    84.61 |     100 |     100 | 144-145           
  ...-contracts.ts |     100 |      100 |     100 |     100 |                   
  ...date-apply.ts |     100 |      100 |     100 |     100 |                   
  candidate.ts     |   95.34 |     62.5 |     100 |   95.34 | 46,49             
  ...nt-package.ts |     100 |      100 |     100 |     100 |                   
  ...ty-control.ts |     100 |      100 |     100 |     100 |                   
  continuity.ts    |     100 |      100 |     100 |     100 |                   
  draft.ts         |   92.15 |    71.42 |     100 |   92.15 | 42,45,113,122     
  entity-canon.ts  |   97.95 |      100 |      75 |   97.95 | 109               
  error-codes.ts   |     100 |      100 |     100 |     100 |                   
  generation.ts    |   88.67 |       20 |      60 |   88.67 | 108,121-128,196   
  import-export.ts |     100 |    83.33 |     100 |     100 | 104               
  index.ts         |       0 |        0 |       0 |       0 |                   
  ...e-planning.ts |   90.56 |    68.75 |     100 |   90.38 | ...55,191,214,223 
  ...t-planning.ts |     100 |      100 |     100 |     100 |                   
  ...-structure.ts |   96.62 |    72.72 |     100 |   96.62 | 157,250,253       
  ...-workspace.ts |   95.74 |    64.28 |     100 |   95.74 | 97,119            
  ...l-registry.ts |     100 |      100 |     100 |     100 |                   
  provider.ts      |     100 |      100 |     100 |     100 |                   
  public-index.ts  |       0 |        0 |       0 |       0 |                   
  recovery.ts      |     100 |      100 |     100 |     100 |                   
  ...r-shutdown.ts |     100 |      100 |     100 |     100 |                   
  rhythm.ts        |     100 |      100 |     100 |     100 |                   
  scene-beat.ts    |     100 |      100 |     100 |     100 |                   
  search-index.ts  |    91.3 |    83.33 |     100 |    91.3 | 121,128           
  search-tools.ts  |     100 |      100 |     100 |     100 |                   
  ...oposal-ipc.ts |     100 |      100 |     100 |     100 |                   
  ...e-proposal.ts |   87.87 |    74.19 |     100 |   87.87 | ...47,169,268,275 
  task-protocol.ts |   91.48 |    77.77 |     100 |   93.18 | 295-297           
  validation.ts    |    97.5 |      100 |   66.66 |    97.5 | 43                
  version.ts       |     100 |      100 |     100 |     100 |                   
  ...rge-bridge.ts |     100 |      100 |     100 |     100 |                   
 ...re-service/src |   84.09 |    74.53 |   89.64 |   86.38 |                   
  ...-structure.ts |      75 |      100 |      75 |      75 | 65                
  ...ata-errors.ts |     100 |      100 |     100 |     100 |                   
  app-runtime.ts   |    87.5 |    77.77 |     100 |    87.5 | 42                
  app-settings.ts  |   93.75 |    93.33 |      90 |   96.66 | 41                
  ...mise-cache.ts |   91.66 |    76.47 |     100 |   96.55 | 24                
  ...apply-diff.ts |   96.86 |    85.71 |     100 |     100 | ...80,399-416,444 
  ...-plan-core.ts |    85.4 |    63.02 |    92.5 |   85.71 | ...78,394-395,423 
  ...apply-plan.ts |       0 |        0 |       0 |       0 |                   
  ...date-apply.ts |   92.02 |    83.87 |   95.23 |   92.48 | ...91,502,523,544 
  ...-integrity.ts |     100 |      100 |     100 |     100 |                   
  ...date-state.ts |   88.57 |    84.61 |     100 |   87.87 | ...53,678,699,703 
  candidate.ts     |   84.55 |    71.91 |      96 |   86.15 | ...97,611,647,678 
  ...e-recovery.ts |    79.8 |    65.51 |   93.33 |   87.64 | ...65,205,231-233 
  ...ty-context.ts |     100 |      100 |     100 |     100 |                   
  ...-authority.ts |   73.07 |    46.73 |   89.47 |   77.87 | ...44-152,246-269 
  ...-hardening.ts |   88.37 |    65.38 |     100 |   94.87 | 96,114            
  ...nt-package.ts |   92.26 |    88.13 |   97.72 |   91.76 | ...75,692-693,778 
  ...uity-model.ts |   82.35 |    66.66 |    87.5 |    87.5 | 112,124           
  ...nuity-read.ts |     100 |    91.66 |     100 |     100 | 143               
  ...uity-state.ts |   91.93 |    78.57 |     100 |   91.52 | ...46,169,191,254 
  ...y-timeline.ts |   90.47 |    83.33 |     100 |   91.52 | 44,55,64,87,185   
  ...validation.ts |   88.46 |    81.57 |     100 |   89.36 | ...34,145,170,177 
  continuity.ts    |     100 |      100 |     100 |     100 |                   
  ...ort-export.ts |   87.87 |    65.85 |      90 |   91.93 | 49,56,70,139,182  
  docx-transfer.ts |   85.71 |    72.41 |   93.33 |    87.8 | ...95,337,344,387 
  ...lock-guard.ts |     100 |      100 |     100 |     100 |                   
  draft.ts         |       0 |        0 |       0 |       0 |                   
  entity-canon.ts  |   79.03 |    52.54 |   90.62 |   79.83 | ...40,449,490,499 
  ...ete-policy.ts |   92.68 |    76.92 |     100 |   94.11 | 20,94             
  ...tion-guard.ts |     100 |      100 |     100 |     100 |                   
  ...ration-run.ts |       0 |        0 |       0 |       0 |                   
  ...on-runtime.ts |   75.38 |     56.8 |    93.1 |      80 | ...25,431,477-482 
  ...e-resolver.ts |   57.21 |    53.14 |   62.29 |   58.37 | ...63,768,782-823 
  import-export.ts |       0 |        0 |       0 |       0 |                   
  index.ts         |     100 |      100 |     100 |     100 |                   
  ...n-recovery.ts |   76.47 |    66.66 |      60 |   75.75 | ...40,52,60,73-74 
  ...e-planning.ts |       0 |        0 |       0 |       0 |                   
  ...ntinuation.ts |   79.59 |    71.42 |   88.88 |   88.63 | 59,87,95,126,176  
  ...-preflight.ts |     100 |      100 |     100 |     100 |                   
  ...t-planning.ts |      80 |    70.88 |   88.88 |   83.06 | ...27,537,548-555 
  ...-structure.ts |   78.97 |    69.23 |      88 |   79.88 | ...96,601,615,633 
  ...k-protocol.ts |   83.72 |    77.14 |   77.77 |   82.92 | ...-67,77,114,121 
  ...-workspace.ts |       0 |        0 |       0 |       0 |                   
  ...ort-signal.ts |      92 |       75 |     100 |   94.73 | 12                
  ...er-runtime.ts |   80.76 |    76.59 |   66.66 |   85.91 | ...20-124,178-179 
  ...r-adapters.ts |   79.22 |    70.58 |    91.3 |   81.96 | ...53,703,735,755 
  ...er-configs.ts |      60 |    42.85 |   58.33 |    62.5 | 51-54,100-105     
  ...connection.ts |     100 |      100 |     100 |     100 |                   
  ...r-endpoint.ts |   84.89 |    76.92 |     100 |   94.54 | ...38,195,202,235 
  ...der-errors.ts |     100 |      100 |     100 |     100 |                   
  ...nned-fetch.ts |   75.32 |    64.93 |     100 |   80.59 | ...26,144,156,175 
  ...t-projects.ts |   88.88 |    65.21 |   94.73 |   90.16 | ...78,145,155,164 
  recovery.ts      |       0 |        0 |       0 |       0 |                   
  ...operations.ts |     100 |      100 |     100 |     100 |                   
  rhythm.ts        |   95.45 |    83.33 |   95.23 |   98.36 | 97                
  scene-beat.ts    |   83.82 |    69.82 |   96.55 |   84.65 | ...27,533,626,711 
  ...-hardening.ts |      88 |    74.19 |   94.11 |   92.68 | 82-85,129         
  search-index.ts  |       0 |        0 |       0 |       0 |                   
  search-tools.ts  |       0 |        0 |       0 |       0 |                   
  stable-json.ts   |     100 |      100 |     100 |     100 |                   
  ...e-proposal.ts |       0 |        0 |       0 |       0 |                   
  ...operations.ts |       0 |        0 |       0 |       0 |                   
  task-protocol.ts |   81.85 |    83.87 |   89.23 |   87.39 | ...55,667,678-680 
  ...ata-router.ts |     100 |      100 |     100 |     100 |                   
  ...ol-context.ts |      88 |      100 |    87.5 |      88 | 79,88-93          
  ...-lifecycle.ts |   86.66 |    95.23 |    90.9 |   86.04 | 36-40,99,131      
  ...operations.ts |   52.77 |       60 |   66.66 |   52.77 | 44-69,87-93       
  ...ol-results.ts |   41.66 |      100 |   41.66 |   41.66 | ...,64,77-127,145 
  ...rol-router.ts |     100 |      100 |     100 |     100 |                   
  ...sk-command.ts |      40 |    10.52 |      20 |      40 | 14-21,38-66       
  utility-entry.ts |     100 |      100 |     100 |     100 |                   
  ...ity-errors.ts |   87.97 |    86.77 |     100 |   90.32 | ...,89-91,132-136 
  ...-container.ts |     100 |      100 |     100 |     100 |                   
  ...ent-router.ts |   94.73 |    94.28 |     100 |   94.73 | 50,166            
  ...ive-router.ts |     100 |      100 |     100 |     100 |                   
  ...ary-router.ts |     100 |      100 |     100 |     100 |                   
  ...ect-router.ts |     100 |      100 |     100 |     100 |                   
  ...-container.ts |     100 |      100 |     100 |     100 |                   
  ...t-services.ts |       0 |        0 |       0 |       0 |                   
  ...ure-router.ts |     100 |      100 |     100 |     100 |                   
  ...der-router.ts |     100 |      100 |     100 |     100 |                   
  ...me-context.ts |   89.65 |      100 |   85.71 |   86.36 | 50-58             
  ...-container.ts |    87.5 |      100 |      50 |    87.5 | 40                
  validation.ts    |       0 |        0 |       0 |       0 |                   
  version.ts       |    87.7 |    75.64 |   93.54 |   89.56 | ...71,494,530,571 
  ...references.ts |   93.33 |    85.71 |   85.71 |     100 | 81                
  ...ng-metrics.ts |   86.36 |    66.66 |     100 |      95 | 25                
 ...e/src/database |   88.12 |    76.92 |   96.15 |    89.3 |                   
  database.ts      |   86.06 |    74.33 |     100 |   86.45 | ...03,417,459,517 
  index.ts         |       0 |        0 |       0 |       0 |                   
  migrations.ts    |    93.5 |    83.33 |     100 |    97.1 | 97,143            
  types.ts         |     100 |      100 |     100 |     100 |                   
  write-queue.ts   |   81.25 |       50 |   71.42 |   81.25 | 9-13,18           
 ...vice/src/draft |   85.71 |    76.07 |   95.52 |   87.41 |                   
  draft-model.ts   |   73.17 |       50 |   92.85 |   77.77 | ...17,126,134,165 
  ...en-service.ts |   52.38 |    47.05 |      75 |      50 | 47-58             
  ...ion-policy.ts |   95.31 |     92.3 |     100 |   95.08 | 13,64,159         
  ...tch-replay.ts |   80.76 |    81.81 |     100 |    90.9 | 32,81             
  ...ch-service.ts |   92.85 |    86.48 |     100 |   92.59 | 60,83,131,137     
  ...ord-reader.ts |   80.55 |    65.62 |      90 |   82.35 | ...30,153,160,177 
  ...ord-writer.ts |   92.85 |    81.81 |     100 |   95.83 | 88                
  draft-service.ts |     100 |      100 |     100 |     100 |                   
  ...ot-service.ts |    93.1 |    84.61 |     100 |   92.85 | 44,58             
 ...src/generation |   74.55 |    62.36 |   81.52 |   75.15 |                   
  ...ersistence.ts |   69.69 |    50.57 |   91.66 |   70.52 | ...97-399,442,453 
  ...un-service.ts |   85.45 |    68.96 |   80.76 |   84.31 | ...79,194-201,245 
  ...repository.ts |    92.3 |    85.71 |     100 |    92.3 | 52                
  ...lt-service.ts |   47.05 |    38.88 |      50 |   48.48 | ...,65,76,118-132 
  ...d-identity.ts |   85.18 |    81.39 |      90 |    87.5 | 39,61,179         
  ...repository.ts |   77.35 |    63.75 |   81.25 |   78.43 | ...56,594,616-627 
 .../import-export |    86.5 |    73.36 |   96.87 |   87.24 |                   
  ...ile-policy.ts |      80 |    62.96 |     100 |      80 | 19,40-45,54,61    
  ...t-renderer.ts |     100 |      100 |     100 |     100 |                   
  ...on-service.ts |   81.25 |    72.72 |     100 |   84.09 | ...40,149,159-161 
  ...it-service.ts |   94.94 |    83.33 |     100 |   95.65 | 67,114,158,172    
  ...port-model.ts |   92.85 |      100 |    87.5 |     100 |                   
  ...rt-service.ts |     100 |      100 |     100 |     100 |                   
  ...ile-policy.ts |    62.5 |       60 |     100 |    62.5 | 8,15,21           
  ...ew-service.ts |   80.95 |    72.34 |   66.66 |   80.95 | ...93,100,106,120 
  ...rce-parser.ts |   83.33 |    71.64 |     100 |   83.33 | ...,64,82,154-161 
 ...ative-planning |   90.93 |    80.12 |   98.63 |   92.44 |                   
  ...one-policy.ts |     100 |      100 |     100 |     100 |                   
  ...operations.ts |    90.8 |       84 |     100 |   91.76 | ...26,263,276,296 
  ...operations.ts |   97.33 |    93.75 |     100 |     100 | 97,112            
  ...ng-catalog.ts |   91.02 |    78.84 |     100 |   91.17 | ...16,182-183,237 
  ...ning-model.ts |      75 |    59.25 |   92.85 |   78.37 | ...32,155,171,193 
  ...ng-service.ts |     100 |       80 |     100 |     100 | 27                
 ...ject-workspace |   86.07 |    71.12 |   97.22 |   87.78 |                   
  ...ect-create.ts |   84.81 |       60 |     100 |   89.04 | 204,227,289-300   
  project-move.ts  |   87.95 |     64.7 |     100 |   88.46 | ...96,103,149,155 
  project-open.ts  |     100 |      100 |     100 |     100 |                   
  ...ce-service.ts |   94.17 |    85.71 |   97.29 |   94.79 | 191,204,329-336   
  ...e-manifest.ts |   77.77 |      100 |   66.66 |   77.77 | 19,49             
  ...ath-policy.ts |   75.43 |    69.38 |     100 |   75.47 | ...53-155,162-166 
  ...e-verifier.ts |   81.39 |    70.68 |     100 |   84.61 | ...40-241,264,274 
 ...e/src/recovery |   76.43 |    69.11 |   80.47 |   80.55 |                   
  ...up-cleanup.ts |   35.57 |    34.37 |   30.95 |   36.95 | ...37-354,382-445 
  backup-create.ts |   85.48 |    86.25 |    87.5 |   88.03 | ...47,384,461-469 
  ...p-manifest.ts |   85.04 |    73.91 |   89.28 |   88.77 | ...27,234,369-370 
  ...up-restore.ts |   84.09 |    78.57 |   85.71 |    87.6 | ...93-294,318,385 
  ...ease-types.ts |       0 |        0 |       0 |       0 |                   
  file-lease.ts    |   72.06 |    68.14 |   75.75 |      82 | ...74,286,342-343 
  ...nt-cleanup.ts |   82.26 |    66.66 |    92.5 |   85.93 | ...52,367,380-388 
  path-name.ts     |   89.18 |       70 |     100 |   96.77 | 41                
  ...one-policy.ts |   97.82 |       85 |     100 |     100 | 87-94,112         
  ...mpensation.ts |   92.85 |       80 |     100 |   91.66 | 54                
  ...ry-service.ts |   87.82 |    62.16 |   97.22 |   90.38 | ...58-366,388-390 
  ...ion-export.ts |   76.47 |       40 |     100 |   83.87 | 45,66,97-99       
 ...ice/src/search |   86.95 |    74.57 |      82 |      88 |                   
  replace-apply.ts |   92.04 |    75.86 |     100 |   91.56 | ...97,208,258,281 
  ...repository.ts |   85.71 |       50 |     100 |   85.71 | 58                
  ...ce-preview.ts |    90.9 |     62.5 |     100 |      90 | 32,66             
  ...operations.ts |      25 |      100 |      25 |      25 | 17-25             
  ...operations.ts |      75 |      100 |      75 |      75 | 17                
  search-model.ts  |   89.47 |    69.23 |     100 |     100 | 85-116            
  ...ls-service.ts |   70.58 |      100 |      50 |      75 | 55,63-71          
 ...c/search-index |   88.46 |    73.09 |   88.88 |   89.55 |                   
  ...ndex-model.ts |   90.69 |     70.9 |   96.42 |    92.5 | ...04,157,164,245 
  ...ndex-query.ts |   98.03 |    73.07 |     100 |     100 | ...52,157-183,304 
  ...ex-service.ts |    80.2 |    73.07 |   72.72 |      80 | ...19,342,381-392 
  ...dex-writer.ts |   92.59 |    83.33 |     100 |   96.15 | 128               
 ...vice/src/state |    85.5 |    70.54 |   93.84 |   85.93 |                   
  ...on-service.ts |   96.55 |    91.66 |     100 |      96 | 30                
  ...ot-service.ts |   87.14 |       75 |   85.71 |   88.05 | ...59-261,293,321 
  ...repository.ts |   82.05 |    64.83 |     100 |   82.11 | ...27,667,675,724 
  ...al-service.ts |      90 |      100 |   88.88 |     100 |                   
  ...ow-mappers.ts |    90.9 |    66.66 |     100 |    90.9 | 122               
 ...ure-operations |   89.32 |    73.78 |   90.42 |   90.78 |                   
  ...on-service.ts |   98.85 |      100 |     100 |     100 |                   
  ...tion-model.ts |   86.04 |    65.21 |   94.73 |   89.74 | 46,83,118,170     
  ...ew-service.ts |   82.71 |    72.41 |   83.33 |   82.05 | ...96,201,264-274 
  ...on-service.ts |   88.23 |      100 |   84.61 |   88.23 | 64-68             
  ...on-service.ts |   87.65 |       75 |   88.88 |   90.66 | ...,85-91,168,301 
 ...src/validation |   78.27 |    66.66 |   88.57 |   81.48 |                   
  ...on-catalog.ts |   82.53 |    80.82 |     100 |   94.44 | 170,178,239       
  ...operations.ts |   59.09 |       50 |      60 |   59.09 | 42,51,77-90       
  ...operations.ts |   80.76 |    54.54 |     100 |    87.5 | 34,46-53          
  ...tion-model.ts |   71.11 |    61.53 |   88.88 |   72.72 | ...41,344-355,371 
  ...operations.ts |    80.3 |    61.11 |     100 |   81.66 | ...09,217-223,309 
  ...tion-rules.ts |   69.69 |    33.33 |   57.14 |   67.74 | ...,88,90,104-109 
  ...on-service.ts |   95.23 |    82.35 |    92.3 |   95.23 | 92                
  ...operations.ts |   92.85 |       70 |     100 |   92.85 | 45                
 ...ges/domain/src |   98.46 |    95.16 |     100 |    98.8 |                   
  canon.ts         |     100 |    95.23 |     100 |     100 | 27                
  ...nt-package.ts |   98.03 |    93.54 |     100 |   97.82 | 124               
  continuity.ts    |     100 |    98.43 |     100 |     100 | 14                
  ...t-semantic.ts |   93.33 |    94.44 |     100 |   93.33 | 30                
  index.ts         |     100 |      100 |     100 |     100 |                   
  order-key.ts     |   97.61 |    92.85 |     100 |     100 | 32,54,60          
 ...ditor-core/src |   87.34 |    76.41 |   84.61 |   89.92 |                   
  autosave.ts      |    98.7 |    93.75 |     100 |     100 | 63,73,108         
  ...idate-diff.ts |   94.64 |    83.33 |     100 |   98.63 | 181,248           
  ...acter-diff.ts |   74.65 |    76.59 |     100 |    79.2 | ...37,175-179,190 
  ...t-document.ts |   87.73 |    74.59 |      75 |   87.11 | ...58,339,394,405 
  draft-patch.ts   |    90.1 |       80 |   95.23 |   91.25 | ...89,105,138,157 
  index.ts         |     100 |      100 |     100 |     100 |                   
  ...adata-sync.ts |   75.36 |    53.65 |   66.66 |   84.21 | 12-23,44-45,113   
  writing-tools.ts |   96.15 |       95 |     100 |     100 | 39                
 ...es/prompts/src |   96.29 |    93.33 |   95.65 |   95.68 |                   
  cleaners.ts      |     100 |      100 |     100 |     100 |                   
  ...serializer.ts |   84.21 |     87.5 |     100 |   84.21 | 38-40             
  index.ts         |     100 |      100 |     100 |     100 |                   
  mode-policy.ts   |     100 |      100 |     100 |     100 |                   
  parsers.ts       |     100 |      100 |     100 |     100 |                   
  registry.ts      |   96.29 |    85.71 |      90 |   95.55 | 163-164           
  types.ts         |       0 |        0 |       0 |       0 |                   
-------------------|---------|----------|---------|---------|-------------------
$ pnpm build
$ pnpm -r --if-present build
Scope: 10 of 11 workspace projects
packages/contracts build$ tsc -p tsconfig.json
packages/domain build$ tsc -p tsconfig.json
packages/editor-core build$ tsc -p tsconfig.json
packages/domain build: Done
packages/editor-core build: Done
packages/contracts build: Done
apps/desktop/main build$ tsc -p tsconfig.json
apps/desktop/preload build$ tsc -p tsconfig.json && esbuild src/continuity-entry.ts --bundle --platform=node --format=cjs --target=node22 --external:electron --outfile=dist/index.cjs
apps/desktop/renderer build$ tsc -p tsconfig.json && node ./build-assets.mjs
packages/prompts build$ tsc -p tsconfig.json
packages/prompts build: Done
apps/desktop/preload build:   dist/index.cjs  852.2kb
apps/desktop/preload build: ⚡ Done in 80ms
apps/desktop/preload build: Done
apps/desktop/main build: Done
apps/desktop/renderer build: Done
packages/core-service build$ tsc -p tsconfig.json
packages/core-service build: Done
packages/testkit build$ tsc -p tsconfig.json
packages/testkit build: Done
$ pnpm test:e2e
$ pnpm build && node scripts/run-electron-e2e.mjs
$ pnpm -r --if-present build
Scope: 10 of 11 workspace projects
packages/contracts build$ tsc -p tsconfig.json
packages/domain build$ tsc -p tsconfig.json
packages/editor-core build$ tsc -p tsconfig.json
packages/domain build: Done
packages/editor-core build: Done
packages/contracts build: Done
apps/desktop/main build$ tsc -p tsconfig.json
apps/desktop/preload build$ tsc -p tsconfig.json && esbuild src/continuity-entry.ts --bundle --platform=node --format=cjs --target=node22 --external:electron --outfile=dist/index.cjs
apps/desktop/renderer build$ tsc -p tsconfig.json && node ./build-assets.mjs
packages/prompts build$ tsc -p tsconfig.json
packages/prompts build: Done
apps/desktop/preload build:   dist/index.cjs  852.2kb
apps/desktop/preload build: ⚡ Done in 60ms
apps/desktop/preload build: Done
apps/desktop/main build: Done
apps/desktop/renderer build: Done
packages/core-service build$ tsc -p tsconfig.json
packages/core-service build: Done
packages/testkit build$ tsc -p tsconfig.json
packages/testkit build: Done

Running 33 tests using 1 worker

[1/33] tests/e2e/candidate-action.spec.ts:62:1 › commits selected Candidate content through the desktop transaction
[2/33] tests/e2e/candidate-preview.spec.ts:65:1 › previews a Fixture Candidate through the real desktop chain without writing Draft state
[3/33] tests/e2e/candidate-preview.spec.ts:192:1 › cancels an oversized Candidate Diff through the desktop boundary
[4/33] tests/e2e/candidate-protection.spec.ts:60:1 › preserves the newer Draft when Candidate base state is stale
[5/33] tests/e2e/candidate-undo.spec.ts:62:1 › reopens a persisted ApplyRecord and safely restores its checkpoint
[6/33] tests/e2e/continuation-panel-race.spec.ts:68:1 › persists the final editor panel after a rapid versions round trip and restart
[7/33] tests/e2e/continuity-ledger.spec.ts:55:1 › writes, displays and edits continuity data through the real Electron process boundary
[8/33] tests/e2e/electron-shell.spec.ts:127:1 › runs a sandboxed Renderer against a healthy supervised Core
[9/33] tests/e2e/electron-shell.spec.ts:199:1 › completes atomic onboarding and exports only the confirmed diagnostic allowlist
[10/33] tests/e2e/electron-shell.spec.ts:296:1 › renders only persisted recent projects and restores general settings after restart
[11/33] tests/e2e/electron-shell.spec.ts:399:1 › creates, reopens, moves, and protects a future-schema project through the desktop UI
[12/33] tests/e2e/electron-shell.spec.ts:527:1 › creates an explicit professional blank project and exposes the first structure action
[13/33] tests/e2e/electron-shell.spec.ts:556:1 › edits, sanitizes, saves, and rebuilds a four-block Draft through the desktop UI
[14/33] tests/e2e/electron-shell.spec.ts:798:1 › persists DIP bounds and independent appearance preferences only in app.sqlite
[15/33] tests/e2e/electron-shell.spec.ts:879:1 › keeps the React shell viewport matrix scroll-free and overlays visible
[16/33] tests/e2e/electron-shell.spec.ts:1003:1 › uses real Chromium device scaling for the 2560×1440 DPI matrix
[17/33] tests/e2e/electron-shell.spec.ts:1058:1 › creates immutable Versions, finalizes one, and restores it as a new Draft
[18/33] tests/e2e/electron-shell.spec.ts:1137:1 › creates a verified recovery point, restores a new project and exports a Version
[19/33] tests/e2e/electron-shell.spec.ts:1197:1 › records Renderer animation-frame budget during sustained writing scroll
[20/33] tests/e2e/m1-09-import-export.spec.ts:73:1 › previews, restructures, imports and atomically exports selected Versions
[21/33] tests/e2e/m1-deferred-acceptance.spec.ts:75:1 › completes the M1-01 through M1-08 evidence-backed UI acceptance chain
[22/33] tests/e2e/m8-04-author-experience.spec.ts:38:1 › 快速开始只填写作品名称并直接进入正文
[23/33] tests/e2e/m8-04-author-experience.spec.ts:70:1 › 写作辅助精准跳转场景节拍并恢复来源位置与焦点
[24/33] tests/e2e/m8-07-chinese-experience.spec.ts:170:1 › M8-07中文作者体验视觉与1280×800布局矩阵
[25/33] tests/e2e/narrative-planning-ledger.spec.ts:71:1 › writes and displays foreshadowing and character arcs across the real Electron boundary
[26/33] tests/e2e/project-planning.spec.ts:38:1 › skips and completes ProjectBrief, drags PlotNodes, and leaves Draft unchanged
[27/33] tests/e2e/provider-settings.spec.ts:33:1 › configures a local keyless Provider and keeps offline writing healthy after a safe connection failure
[28/33] tests/e2e/scene-beat.spec.ts:40:1 › creates and deletes a SceneBeat with entity selectors while preserving Draft content
[29/33] tests/e2e/state-proposal-valid-until.spec.ts:40:1 › preserves a finite EntityState interval across the real Electron boundary
[30/33] tests/e2e/state-proposal-workflow.spec.ts:40:1 › keeps a proposal pending until the author accepts it and then exposes the ending snapshot
[31/33] tests/e2e/structure-recovery.spec.ts:41:1 › previews split and permanent delete, blocks current chapter references, and keeps Draft writes atomic
[32/33] tests/e2e/unreadable-project-recovery.spec.ts:43:1 › browses and exports a Version from a verified checkpoint when project.sqlite is physically unreadable
[33/33] tests/e2e/writing-focus-assistance.spec.ts:37:1 › 写作辅助读取真实数据，沉浸写作不重建编辑器或丢失选区
  Slow test file: tests/e2e/electron-shell.spec.ts (6.1m)
  Consider running tests from slow files in parallel. See: https://playwright.dev/docs/test-parallel
  33 passed (13.9m)
$ pnpm package
$ node scripts/package-desktop.mjs
Packaged WorldForge-v1.0.0-linux-x64.tar.gz (129460645 bytes).
$ pnpm release:check
$ node scripts/release-tool.mjs check
Release tooling is configured. Publishing gate: BLOCKED (Current release commit must have main-verification=success).
== record verification ==
[15580:0810/101044.470844:FATAL:sandbox/linux/suid/client/setuid_sandbox_host.cc:166] The SUID sandbox helper binary was found, but is not configured correctly. Rather than run without sandboxing I'm aborting now. You need to make sure that /home/runner/work/666/666/node_modules/.pnpm/electron@43.2.0_supports-color@7.2.0/node_modules/electron/dist/chrome-sandbox is owned by root and has mode 4755.
/home/runner/work/666/666/node_modules/.pnpm/electron@43.2.0_supports-color@7.2.0/node_modules/electron/dist/electron exited with signal SIGTRAP
node:internal/errors:985
  const err = new Error(message);
              ^

Error: Command failed: pnpm exec electron --version
[15580:0810/101044.470844:FATAL:sandbox/linux/suid/client/setuid_sandbox_host.cc:166] The SUID sandbox helper binary was found, but is not configured correctly. Rather than run without sandboxing I'm aborting now. You need to make sure that /home/runner/work/666/666/node_modules/.pnpm/electron@43.2.0_supports-color@7.2.0/node_modules/electron/dist/chrome-sandbox is owned by root and has mode 4755.
/home/runner/work/666/666/node_modules/.pnpm/electron@43.2.0_supports-color@7.2.0/node_modules/electron/dist/electron exited with signal SIGTRAP

    at genericNodeError (node:internal/errors:985:15)
    at wrappedFn (node:internal/errors:539:14)
    at checkExecSyncError (node:child_process:925:11)
    at execFileSync (node:child_process:961:15)
    at capture (file:///home/runner/work/666/666/scripts/toolchain-governance-upgrade-runner.mjs:18:3)
    at file:///home/runner/work/666/666/scripts/toolchain-governance-upgrade-runner.mjs:218:13
    at ModuleJob.run (node:internal/modules/esm/module_job:439:25)
    at async node:internal/modules/esm/loader:643:26
    at async asyncRunEntryPointWithESMLoader (node:internal/modules/run_main:101:5) {
  status: 1,
  signal: null,
  output: [
    null,
    '',
    "[15580:0810/101044.470844:FATAL:sandbox/linux/suid/client/setuid_sandbox_host.cc:166] The SUID sandbox helper binary was found, but is not configured correctly. Rather than run without sandboxing I'm aborting now. You need to make sure that /home/runner/work/666/666/node_modules/.pnpm/electron@43.2.0_supports-color@7.2.0/node_modules/electron/dist/chrome-sandbox is owned by root and has mode 4755.\n" +
      '/home/runner/work/666/666/node_modules/.pnpm/electron@43.2.0_supports-color@7.2.0/node_modules/electron/dist/electron exited with signal SIGTRAP\n'
  ],
  pid: 15556,
  stdout: '',
  stderr: "[15580:0810/101044.470844:FATAL:sandbox/linux/suid/client/setuid_sandbox_host.cc:166] The SUID sandbox helper binary was found, but is not configured correctly. Rather than run without sandboxing I'm aborting now. You need to make sure that /home/runner/work/666/666/node_modules/.pnpm/electron@43.2.0_supports-color@7.2.0/node_modules/electron/dist/chrome-sandbox is owned by root and has mode 4755.\n" +
    '/home/runner/work/666/666/node_modules/.pnpm/electron@43.2.0_supports-color@7.2.0/node_modules/electron/dist/electron exited with signal SIGTRAP\n'
}

Node.js v24.18.1
