$ pnpm test:prepare && vitest run tests/unit
$ pnpm --filter @worldforge/domain build && pnpm --filter @worldforge/contracts build && pnpm --filter @worldforge/prompts build && pnpm --filter @worldforge/editor-core build && pnpm --filter @worldforge/core-service build
$ tsc -p tsconfig.json
$ tsc -p tsconfig.json
$ tsc -p tsconfig.json
$ tsc -p tsconfig.json
$ tsc -p tsconfig.json

[1m[30m[46m RUN [49m[39m[22m [36mv4.1.10 [39m[90m/home/runner/work/666/666[39m

 [32m✓[39m tests/unit/electron-main-bootstrap-coverage.test.ts [2m([22m[2m6 tests[22m[2m)[22m[32m 79[2mms[22m[39m
 [32m✓[39m tests/unit/core-project-routers-coverage.test.ts [2m([22m[2m9 tests[22m[2m)[22m[32m 26[2mms[22m[39m
 [32m✓[39m tests/unit/ipc-handlers-branch-coverage.test.ts [2m([22m[2m8 tests[22m[2m)[22m[32m 43[2mms[22m[39m
 [32m✓[39m tests/unit/task-control.test.ts [2m([22m[2m21 tests[22m[2m)[22m[32m 25[2mms[22m[39m
 [32m✓[39m tests/unit/core-recovery-supervisor-branch-coverage.test.ts [2m([22m[2m16 tests[22m[2m)[22m[32m 25[2mms[22m[39m
 [32m✓[39m tests/unit/core-utility-entry-coverage.test.ts [2m([22m[2m6 tests[22m[2m)[22m[33m 1031[2mms[22m[39m
     [33m[2m✓[22m[39m requires a parent port and all absolute startup arguments [33m 955[2mms[22m[39m
 [32m✓[39m tests/unit/editor-document.test.ts [2m([22m[2m8 tests[22m[2m)[22m[32m 29[2mms[22m[39m
 [32m✓[39m tests/unit/prompts-coverage.test.ts [2m([22m[2m21 tests[22m[2m)[22m[32m 46[2mms[22m[39m
 [32m✓[39m tests/unit/editor-core-draft-document-coverage.test.ts [2m([22m[2m12 tests[22m[2m)[22m[32m 22[2mms[22m[39m
 [32m✓[39m tests/unit/writing-assistance.test.ts [2m([22m[2m5 tests[22m[2m)[22m[32m 19[2mms[22m[39m
 [32m✓[39m tests/unit/core-utility-router-coverage.test.ts [2m([22m[2m15 tests[22m[2m)[22m[32m 34[2mms[22m[39m
 [32m✓[39m tests/unit/preload-bridge-coverage.test.ts [2m([22m[2m5 tests[22m[2m)[22m[33m 1028[2mms[22m[39m
 [32m✓[39m tests/unit/core-utility-errors-coverage.test.ts [2m([22m[2m84 tests[22m[2m)[22m[32m 44[2mms[22m[39m
 [32m✓[39m tests/unit/domain-invariants-coverage.test.ts [2m([22m[2m11 tests[22m[2m)[22m[32m 29[2mms[22m[39m
 [32m✓[39m tests/unit/ipc-handlers-real-surface-coverage.test.ts [2m([22m[2m3 tests[22m[2m)[22m[32m 33[2mms[22m[39m
 [32m✓[39m tests/unit/core-candidate-diff-coverage.test.ts [2m([22m[2m12 tests[22m[2m)[22m[32m 36[2mms[22m[39m
 [32m✓[39m tests/unit/release-tool.test.ts [2m([22m[2m9 tests[22m[2m)[22m[32m 24[2mms[22m[39m
 [32m✓[39m tests/unit/capability-runtime-navigation.test.ts [2m([22m[2m4 tests[22m[2m)[22m[32m 10[2mms[22m[39m
 [32m✓[39m tests/unit/renderer-continuation-request-coordination.test.ts [2m([22m[2m6 tests[22m[2m)[22m[32m 172[2mms[22m[39m
 [32m✓[39m tests/unit/core-recovery-supervisor.test.ts [2m([22m[2m5 tests[22m[2m)[22m[32m 19[2mms[22m[39m
 [32m✓[39m tests/unit/author-review-delivery.test.ts [2m([22m[2m12 tests[22m[2m)[22m[32m 25[2mms[22m[39m
 [32m✓[39m tests/unit/editor-core-diff-coverage.test.ts [2m([22m[2m14 tests[22m[2m)[22m[32m 23[2mms[22m[39m
 [32m✓[39m tests/unit/core-narrative-router-coverage.test.ts [2m([22m[2m24 tests[22m[2m)[22m[32m 22[2mms[22m[39m
 [32m✓[39m tests/unit/renderer-react-foundation.test.ts [2m([22m[2m10 tests[22m[2m)[22m[32m 19[2mms[22m[39m
 [32m✓[39m tests/unit/autosave-writing-tools.test.ts [2m([22m[2m10 tests[22m[2m)[22m[32m 43[2mms[22m[39m
 [32m✓[39m tests/unit/renderer-ui-state-boundary.test.ts [2m([22m[2m19 tests[22m[2m)[22m[32m 21[2mms[22m[39m
 [32m✓[39m tests/unit/renderer-react-runtime-root.test.ts [2m([22m[2m6 tests[22m[2m)[22m[32m 19[2mms[22m[39m
 [32m✓[39m tests/unit/renderer-home-settings-taskbar.test.ts [2m([22m[2m7 tests[22m[2m)[22m[32m 14[2mms[22m[39m
 [32m✓[39m tests/unit/editor-core-lock-guard-coverage.test.ts [2m([22m[2m8 tests[22m[2m)[22m[32m 27[2mms[22m[39m
 [32m✓[39m tests/unit/renderer-m3-09-workbenches.test.ts [2m([22m[2m3 tests[22m[2m)[22m[32m 22[2mms[22m[39m
 [32m✓[39m tests/unit/package-desktop.test.ts [2m([22m[2m12 tests[22m[2m)[22m[32m 21[2mms[22m[39m
 [32m✓[39m tests/unit/core-recovery-supervisor-dom.test.ts [2m([22m[2m2 tests[22m[2m)[22m[32m 119[2mms[22m[39m
[90mstdout[2m | tests/unit/evidence-policy.test.ts[2m > [22m[2mevidence policy[2m > [22m[2mverifies documentation bytes, hashes and complete file registration
[22m[39mEvidence document gate passed for M9-99.

hint: Using 'master' as the name for the initial branch. This default branch name
hint: will change to "main" in Git 3.0. To configure the initial branch name
hint: to use in all of your new repositories, which will suppress this warning,
hint: call:
hint:
hint: 	git config --global init.defaultBranch <name>
hint:
hint: Names commonly chosen instead of 'master' are 'main', 'trunk' and
hint: 'development'. The just-created branch can be renamed via this command:
hint:
hint: 	git branch -m <name>
hint:
hint: Disable this message with "git config set advice.defaultBranchName false"
 [32m✓[39m tests/unit/evidence-policy.test.ts [2m([22m[2m7 tests[22m[2m)[22m[32m 158[2mms[22m[39m
 [32m✓[39m tests/unit/renderer-navigation-target.test.ts [2m([22m[2m6 tests[22m[2m)[22m[32m 10[2mms[22m[39m
 [32m✓[39m tests/unit/renderer-foundation-runtime.test.ts [2m([22m[2m4 tests[22m[2m)[22m[32m 11[2mms[22m[39m
 [32m✓[39m tests/unit/renderer-app-shell-model.test.ts [2m([22m[2m8 tests[22m[2m)[22m[32m 13[2mms[22m[39m
 [32m✓[39m tests/unit/provider-integrated-hardening.test.ts [2m([22m[2m3 tests[22m[2m)[22m[32m 52[2mms[22m[39m
 [32m✓[39m tests/unit/atomic-file-transaction.test.ts [2m([22m[2m5 tests[22m[2m)[22m[32m 51[2mms[22m[39m
 [31m❯[39m tests/unit/author-language.test.ts [2m([22m[2m10 tests[22m[2m | [22m[31m1 failed[39m[2m)[22m[32m 18[2mms[22m[39m
     [32m✓[39m 为核心写作概念提供唯一中文名称[32m 2[2mms[22m[39m
     [32m✓[39m 技术详情保持中文名称在前并保留内部标识[32m 1[2mms[22m[39m
     [32m✓[39m 正式名称不存在空值或重复值[32m 1[2mms[22m[39m
     [32m✓[39m 将内部状态转换为作者可理解的名称[32m 1[2mms[22m[39m
     [32m✓[39m 未知状态使用安全回退，不向普通界面泄漏内部枚举[32m 1[2mms[22m[39m
     [32m✓[39m 将设定类型、规划类型和状态转换为正式中文名称[32m 1[2mms[22m[39m
     [32m✓[39m 普通视图不直接显示原始结构化数据[32m 1[2mms[22m[39m
[31m     [31m×[31m 保存冲突时明确说明系统没有覆盖正文[39m[32m 7[2mms[22m[39m
     [32m✓[39m 未知错误摘要不把桥接消息和错误码带入普通提示[32m 1[2mms[22m[39m
     [32m✓[39m 未知错误使用安全回退说明[32m 1[2mms[22m[39m
 [32m✓[39m tests/unit/testkit-fixtures-evidence.test.ts [2m([22m[2m6 tests[22m[2m)[22m[32m 263[2mms[22m[39m
 [32m✓[39m tests/unit/editor-persisted-metadata-sync.test.ts [2m([22m[2m4 tests[22m[2m)[22m[32m 9[2mms[22m[39m
 [32m✓[39m tests/unit/testkit-determinism-provider.test.ts [2m([22m[2m4 tests[22m[2m)[22m[32m 16[2mms[22m[39m
 [32m✓[39m tests/unit/canon-author-fields.test.ts [2m([22m[2m5 tests[22m[2m)[22m[32m 15[2mms[22m[39m
 [32m✓[39m tests/unit/structured-candidate-contracts.test.ts [2m([22m[2m3 tests[22m[2m)[22m[32m 19[2mms[22m[39m
 [32m✓[39m tests/unit/capability-matrix.test.ts [2m([22m[2m6 tests[22m[2m)[22m[32m 10[2mms[22m[39m
 [32m✓[39m tests/unit/editor-draft-patch.test.ts [2m([22m[2m4 tests[22m[2m)[22m[32m 9[2mms[22m[39m
 [32m✓[39m tests/unit/ui-acceptance-gate.test.ts [2m([22m[2m5 tests[22m[2m)[22m[32m 15[2mms[22m[39m
 [32m✓[39m tests/unit/electron-window-state-coverage.test.ts [2m([22m[2m7 tests[22m[2m)[22m[32m 17[2mms[22m[39m
 [32m✓[39m tests/unit/tooling-hardening.test.ts [2m([22m[2m6 tests[22m[2m)[22m[32m 41[2mms[22m[39m
 [32m✓[39m tests/unit/renderer-shell-bridge-adapter.test.ts [2m([22m[2m1 test[22m[2m)[22m[32m 10[2mms[22m[39m
 [32m✓[39m tests/unit/generation-contracts.test.ts [2m([22m[2m4 tests[22m[2m)[22m[32m 21[2mms[22m[39m
 [32m✓[39m tests/unit/test-quality-audit.test.ts [2m([22m[2m4 tests[22m[2m)[22m[32m 153[2mms[22m[39m
 [32m✓[39m tests/unit/audit-remediation-manifest-discovery.test.ts [2m([22m[2m3 tests[22m[2m)[22m[32m 24[2mms[22m[39m
 [32m✓[39m tests/unit/bridge-request-detachment.test.ts [2m([22m[2m4 tests[22m[2m)[22m[32m 16[2mms[22m[39m
 [32m✓[39m tests/unit/renderer-startup-compatibility.test.ts [2m([22m[2m4 tests[22m[2m)[22m[32m 15[2mms[22m[39m
 [32m✓[39m tests/unit/squash-provenance.test.ts [2m([22m[2m2 tests[22m[2m)[22m[33m 336[2mms[22m[39m
 [32m✓[39m tests/unit/renderer-continuation-persistence.test.ts [2m([22m[2m4 tests[22m[2m)[22m[32m 7[2mms[22m[39m
 [32m✓[39m tests/unit/credential-broker.test.ts [2m([22m[2m3 tests[22m[2m)[22m[32m 58[2mms[22m[39m
 [32m✓[39m tests/unit/editor-persisted-metadata-isolation.test.ts [2m([22m[2m2 tests[22m[2m)[22m[32m 10[2mms[22m[39m
 [32m✓[39m tests/unit/renderer-shutdown-ipc.test.ts [2m([22m[2m2 tests[22m[2m)[22m[32m 12[2mms[22m[39m
 [32m✓[39m tests/unit/strict-testkit.test.ts [2m([22m[2m9 tests[22m[2m)[22m[32m 15[2mms[22m[39m
 [31m❯[39m tests/unit/v1-stability-remediation.test.ts [2m([22m[2m4 tests[22m[2m | [22m[31m1 failed[39m[2m)[22m[32m 49[2mms[22m[39m
     [32m✓[39m 为全部正式错误码提供作者语义且不泄漏英文fallback[32m 14[2mms[22m[39m
     [32m✓[39m 保持章节和当前稿在读取成功后原子切换[32m 18[2mms[22m[39m
     [32m✓[39m 最近作品辅助写入失败不会删除已提交作品目录[32m 2[2mms[22m[39m
[31m     [31m×[31m 启动重开、跨作品隔离和退出重试具有代码级守卫[39m[32m 12[2mms[22m[39m
 [32m✓[39m tests/unit/renderer-c3-generation-workbench.test.ts [2m([22m[2m2 tests[22m[2m)[22m[32m 14[2mms[22m[39m
 [32m✓[39m tests/unit/task-ordering.test.ts [2m([22m[2m4 tests[22m[2m)[22m[32m 8[2mms[22m[39m
 [32m✓[39m tests/unit/draft-semantic.test.ts [2m([22m[2m3 tests[22m[2m)[22m[32m 9[2mms[22m[39m
 [32m✓[39m tests/unit/scan-secrets.test.ts [2m([22m[2m5 tests[22m[2m)[22m[32m 12[2mms[22m[39m
 [32m✓[39m tests/unit/draft-flush-registry.test.ts [2m([22m[2m4 tests[22m[2m)[22m[32m 12[2mms[22m[39m
 [32m✓[39m tests/unit/request-generation.test.ts [2m([22m[2m4 tests[22m[2m)[22m[32m 9[2mms[22m[39m
 [32m✓[39m tests/unit/bounded-idempotent-promise-cache.test.ts [2m([22m[2m2 tests[22m[2m)[22m[32m 8[2mms[22m[39m
 [32m✓[39m tests/unit/provider-contracts.test.ts [2m([22m[2m2 tests[22m[2m)[22m[32m 16[2mms[22m[39m
 [32m✓[39m tests/unit/branch-hygiene.test.ts [2m([22m[2m4 tests[22m[2m)[22m[32m 11[2mms[22m[39m
 [32m✓[39m tests/unit/capability-runtime-provider.test.ts [2m([22m[2m1 test[22m[2m)[22m[32m 6[2mms[22m[39m
 [32m✓[39m tests/unit/electron-e2e-runner.test.ts [2m([22m[2m3 tests[22m[2m)[22m[32m 8[2mms[22m[39m
 [32m✓[39m tests/unit/constraint-package-domain.test.ts [2m([22m[2m3 tests[22m[2m)[22m[32m 20[2mms[22m[39m
 [32m✓[39m tests/unit/taskctl-transaction-policy.test.ts [2m([22m[2m2 tests[22m[2m)[22m[32m 10[2mms[22m[39m
 [32m✓[39m tests/unit/editor-lock-patch.test.ts [2m([22m[2m2 tests[22m[2m)[22m[32m 7[2mms[22m[39m
 [32m✓[39m tests/unit/search-panel-request-lanes.test.ts [2m([22m[2m2 tests[22m[2m)[22m[32m 8[2mms[22m[39m
 [32m✓[39m tests/unit/workspace-attention.test.ts [2m([22m[2m2 tests[22m[2m)[22m[32m 8[2mms[22m[39m
 [31m❯[39m tests/unit/app-shell-capability-actions.test.ts [2m([22m[2m2 tests[22m[2m | [22m[31m1 failed[39m[2m)[22m[32m 21[2mms[22m[39m
[31m     [31m×[31m uses the shared capability matrix for navigation and project actions[39m[32m 18[2mms[22m[39m
     [32m✓[39m flushes the active draft before a settings-triggered Core restart[32m 1[2mms[22m[39m
 [32m✓[39m tests/unit/renderer-layout-model-coverage.test.ts [2m([22m[2m22 tests[22m[2m)[22m[32m 18[2mms[22m[39m
 [32m✓[39m tests/unit/workflow-structure-policy.test.ts [2m([22m[2m2 tests[22m[2m)[22m[32m 30[2mms[22m[39m
 [32m✓[39m tests/unit/checks-generation-polling.test.ts [2m([22m[2m2 tests[22m[2m)[22m[32m 6[2mms[22m[39m
 [32m✓[39m tests/unit/ai-readiness.test.ts [2m([22m[2m2 tests[22m[2m)[22m[32m 12[2mms[22m[39m
 [32m✓[39m tests/unit/ipc-error-semantics.test.ts [2m([22m[2m3 tests[22m[2m)[22m[32m 7[2mms[22m[39m
 [32m✓[39m tests/unit/validation-trigger-error-mapping.test.ts [2m([22m[2m7 tests[22m[2m)[22m[32m 8[2mms[22m[39m
 [32m✓[39m tests/unit/bridge-request-sharing.test.ts [2m([22m[2m1 test[22m[2m)[22m[32m 8[2mms[22m[39m
 [32m✓[39m tests/unit/export-selection-guard.test.ts [2m([22m[2m3 tests[22m[2m)[22m[32m 5[2mms[22m[39m
 [32m✓[39m tests/unit/generation-polling-policy.test.ts [2m([22m[2m2 tests[22m[2m)[22m[32m 7[2mms[22m[39m
 [32m✓[39m tests/unit/boundaries.test.ts [2m([22m[2m2 tests[22m[2m)[22m[32m 6[2mms[22m[39m
 [32m✓[39m tests/unit/editor-persisted-metadata-missing-client-id.test.ts [2m([22m[2m2 tests[22m[2m)[22m[32m 7[2mms[22m[39m
 [32m✓[39m tests/unit/draft-flush-recovery-safety.test.ts [2m([22m[2m1 test[22m[2m)[22m[32m 6[2mms[22m[39m
 [32m✓[39m tests/unit/verified-evidence-scan.test.ts [2m([22m[2m2 tests[22m[2m)[22m[32m 13[2mms[22m[39m
 [32m✓[39m tests/unit/writing-save-context-contract.test.ts [2m([22m[2m1 test[22m[2m)[22m[32m 7[2mms[22m[39m
 [32m✓[39m tests/unit/author-error-message.test.ts [2m([22m[2m1 test[22m[2m)[22m[32m 6[2mms[22m[39m
 [32m✓[39m tests/unit/gitignore.test.ts [2m([22m[2m1 test[22m[2m)[22m[32m 10[2mms[22m[39m
 [32m✓[39m tests/unit/packaged-product-readiness.test.ts [2m([22m[2m1 test[22m[2m)[22m[32m 5[2mms[22m[39m

[31m⎯⎯⎯⎯⎯⎯⎯[39m[1m[41m Failed Tests 3 [49m[22m[31m⎯⎯⎯⎯⎯⎯⎯[39m

[41m[1m FAIL [22m[49m tests/unit/app-shell-capability-actions.test.ts[2m > [22mapplication shell capability actions[2m > [22muses the shared capability matrix for navigation and project actions
[31m[1mAssertionError[22m: expected 'import { useCallback, useEffect, useM…' to contain 'availability,\n      disclosureMode'[39m

[32m- Expected[39m
[31m+ Received[39m

[32m- availability,[39m
[32m-       disclosureMode[39m
[31m+ import { useCallback, useEffect, useMemo, useRef, useState } from 'react';[39m
[31m+[39m
[31m+ import {[39m
[31m+   DEFAULT_APPEARANCE_PREFERENCES,[39m
[31m+   DEFAULT_APP_SETTINGS,[39m
[31m+   type AppSettings,[39m
[31m+   type AppSettingsUpdate,[39m
[31m+   type AppearancePreferences,[39m
[31m+   type CoreStatus,[39m
[31m+   type ProjectCreateInput,[39m
[31m+   type ProjectContinuationSnapshot,[39m
[31m+   type ProjectWorkspaceSummary,[39m
[31m+   type ProviderConnectionTestResult,[39m
[31m+   type ProviderSummary,[39m
[31m+   type RecentProject,[39m
[31m+   type TaskSnapshot,[39m
[31m+ } from '@worldforge/contracts';[39m
[31m+[39m
[31m+ import type { RendererBridgeAdapter } from '../bridge/renderer-bridge-adapter.js';[39m
[31m+ import type { BridgeRequestOutcome } from '../bridge/request-lifecycle.js';[39m
[31m+ import { ContextHelp } from '../components/context-help.js';[39m
[31m+ import { SafetyBanner } from '../components/safety-banner.js';[39m
[31m+ import { TaskBar } from '../components/task-bar.js';[39m
[31m+ import { CanonWorkbench, type CanonSection } from '../features/canon/canon-workbench.js';[39m
[31m+ import { ChecksWorkbench } from '../features/checks/checks-workbench.js';[39m
[31m+ import {[39m
[31m+   DataToolsWorkbench,[39m
[31m+   type DataToolsSection,[39m
[31m+ } from '../features/data-tools/data-tools-workbench.js';[39m
[31m+ import { HomePage, type OnboardingProjectPlan } from '../features/home/home-page.js';[39m
[31m+ import { PlanningWorkbench } from '../features/planning/planning-workbench.js';[39m
[31m+ import { SettingsPage } from '../features/settings/settings-page.js';[39m
[31m+ import { WritingWorkbench, type WritingPanel } from '../features/writing/writing-workbench.js';[39m
[31m+ import {[39m
[31m+   createPrimaryNavigationItems,[39m
[31m+   resolvePrimaryNavigationIntent,[39m
[31m+   restoreAppShellRoute,[39m
[31m+   type AppDisclosureMode,[39m
[31m+   type PrimaryNavigationId,[39m
[31m+ } from '../shell/app-shell-model.js';[39m
[31m+ import {[39m
[31m+   resolveAuthorNavigationTarget,[39m
[31m+   type AuthorNavigationTarget,[39m
[31m+ } from '../shell/navigation-target.js';[39m
[31m+ import type { HomeHealthSignal } from '../shell/home-dashboard-model.js';[39m
[31m+ import { resolveAiReadiness } from '../runtime/ai-readiness.js';[39m
[31m+ import { deriveCapabilityMatrix } from '../runtime/capability-matrix.js';[39m
[31m+ import { flushRegisteredDraft } from '../runtime/draft-flush-registry.js';[39m
[31m+ import { RendererStatusArbitrator } from '../runtime/status-arbitrator.js';[39m
[31m+ import {[39m
[31m+   EMPTY_WORKSPACE_ATTENTION,[39m
[31m+   loadWorkspaceAttention,[39m
[31m+   type WorkspaceAttention,[39m
[31m+ } from '../runtime/workspace-attention.js';[39m
[31m+ import type { RendererReturnLocation, RendererRouteId } from '../state/ui-state-boundary.js';[39m
[31m+ import { useRendererUiStore } from '../state/ui-store.js';[39m
[31m+[39m
[31m+ import { authorErrorSummary } from '../presentation/author-error-message.js';[39m
[31m+ export interface AppShellProps {[39m
[31m+   readonly bridge: RendererBridgeAdapter;[39m
[31m+   readonly legacySurface?: unknown;[39m
[31m+ }[39m
[31m+[39m
[31m+ export function AppShell({ bridge }: AppShellProps) {[39m
[31m+   const route = useRendererUiStore((state) => state.route);[39m
[31m+   const selection = useRendererUiStore((state) => state.selection);[39m
[31m+   const filters = useRendererUiStore((state) => state.filters);[39m
[31m+   const returnLocation = useRendererUiStore((state) => state.returnLocation);[39m
[31m+   const navigationQuery = useRendererUiStore((state) => state.filters['navigation.query'] ?? null);[39m
[31m+   const foregroundTaskId = useRendererUiStore((state) => state.foregroundRequestKey);[39m
[31m+   const dispatch = useRendererUiStore((state) => state.dispatch);[39m
[31m+   const [navOpen, setNavOpen] = useState(false);[39m
[31m+   const navToggle = useRef<HTMLButtonElement>(null);[39m
[31m+   const settingsTrigger = useRef<HTMLButtonElement>(null);[39m
[31m+   const settingsReturnRoute = useRef<RendererRouteId>('home');[39m
[31m+   const helpTrigger = useRef<HTMLButtonElement>(null);[39m
[31m+   const mainContent = useRef<HTMLElement>(null);[39m
[31m+   const initialWorkspaceResolved = useRef(false);[39m
[31m+   const workspaceAttentionGeneration = useRef(0);[39m
[31m+   const settingsWriteQueue = useRef<Promise<void>>(Promise.resolve());[39m
[31m+   const confirmedSettings = useRef<AppSettings>(DEFAULT_APP_SETTINGS);[39m
[31m+   const [activeProject, setActiveProject] = useState<ProjectWorkspaceSummary | null>(null);[39m
[31m+   const [continuation, setContinuation] = useState<ProjectContinuationSnapshot | null>(null);[39m
[31m+   const [recentProjects, setRecentProjects] = useState<readonly RecentProject[]>([]);[39m
[31m+   const [settings, setSettings] = useState<AppSettings>(DEFAULT_APP_SETTINGS);[39m
[31m+   const [appearance, setAppearance] = useState<AppearancePreferences>([39m
[31m+     DEFAULT_APPEARANCE_PREFERENCES,[39m
[31m+   );[39m
[31m+   const [coreStatus, setCoreStatus] = useState<CoreStatus | null>(null);[39m
[31m+   const [tasks, setTasks] = useState<readonly TaskSnapshot[]>([]);[39m
[31m+   const [providers, setProviders] = useState<readonly ProviderSummary[]>([]);[39m
[31m+   const [verifiedProviderIds, setVerifiedProviderIds] = useState<ReadonlySet<string>>([39m
[31m+     () => new Set(),[39m
[31m+   );[39m
[31m+   const [workspaceAttention, setWorkspaceAttention] =[39m
[31m+     useState<WorkspaceAttention>(EMPTY_WORKSPACE_ATTENTION);[39m
[31m+   const [onboardingRequest, setOnboardingRequest] = useState(0);[39m
[31m+   const [helpOpen, setHelpOpen] = useState(false);[39m
[31m+   const [pendingKey, setPendingKey] = useState<string | null>(null);[39m
[31m+   const [hydrated, setHydrated] = useState(false);[39m
[31m+   const [message, setMessage] = useState<string | null>('正在读取本地工作区…');[39m
[31m+   const [failure, setFailure] = useState<FailureView | null>(null);[39m
[31m+   const [canonSection, setCanonSection] = useState<CanonSection>('entities');[39m
[31m+   const [dataToolsSection, setDataToolsSection] = useState<DataToolsSection>('recovery');[39m
[31m+[39m
[31m+   useEffect(() => {[39m
[31m+     const onUnexpectedRendererError = (): void => {[39m
[31m+       setFailure({[39m
[31m+         title: '界面操作发生意外错误',[39m
[31m+         message: '系统已经阻止异常继续扩散，当前作品内容保持不变。请重新执行刚才的操作。',[39m
[31m+         retryable: true,[39m
[31m+         diagnosticId: null,[39m
[31m+       });[39m
[31m+       setMessage(null);[39m
[31m+     };[39m
[31m+     window.addEventListener('worldforge:unexpected-renderer-error', onUnexpectedRendererError);[39m
[31m+     return () =>[39m
[31m+       window.removeEventListener('worldforge:unexpected-renderer-error', onUnexpectedRendererError);[39m
[31m+   }, []);[39m
[31m+[39m
[31m+   const disclosureMode: AppDisclosureMode = settings.defaultMode;[39m
[31m+   const writingPanel: WritingPanel =[39m
[31m+     route === 'versions' ? 'versions' : route === 'candidates' ? 'candidates' : 'editor';[39m
[31m+   const aiReadiness = useMemo([39m
[31m+     () => resolveAiReadiness(providers, verifiedProviderIds),[39m
[31m+     [providers, verifiedProviderIds],[39m
[31m+   );[39m
[31m+   const capabilities = useMemo([39m
[31m+     () =>[39m
[31m+       deriveCapabilityMatrix({[39m
[31m+         hydrated,[39m
[31m+         coreStatus,[39m
[31m+         project: activeProject,[39m
[31m+         providerCount: providers.length,[39m
[31m+         verifiedProviderCount: verifiedProviderIds.size,[39m
[31m+       }),[39m
[31m+     [activeProject, coreStatus, hydrated, providers.length, verifiedProviderIds],[39m
[31m+   );[39m
[31m+[39m
[31m+   const applyProviders = useCallback((nextProviders: readonly ProviderSummary[]): void => {[39m
[31m+     setProviders(nextProviders);[39m
[31m+     const currentIds = new Set(nextProviders.map((provider) => provider.id));[39m
[31m+     setVerifiedProviderIds([39m
[31m+       (current) => new Set([...current].filter((providerId) => currentIds.has(providerId))),[39m
[31m+     );[39m
[31m+   }, []);[39m
[31m+[39m
[31m+   const refreshTasks = useCallback(async (): Promise<void> => {[39m
[31m+     const outcome = await bridge.task.listActive(undefined, { mode: 'replace' });[39m
[31m+     if (outcome.state === 'success') setTasks(outcome.data.tasks);[39m
[31m+   }, [bridge]);[39m
[31m+[39m
[31m+   const refreshWorkspace = useCallback(async (): Promise<void> => {[39m
[31m+     const [core, applicationSettings, windowPreferences, project, recent, activeTasks, providers] =[39m
[31m+       await Promise.all([[39m
[31m+         bridge.app.getCoreStatus({ mode: 'replace' }),[39m
[31m+         bridge.settings.get({ mode: 'replace' }),[39m
[31m+         bridge.app.getWindowPreferences({ mode: 'replace' }),[39m
[31m+         bridge.project.getActive({ mode: 'replace' }),[39m
[31m+         bridge.project.listRecent({ mode: 'replace' }),[39m
[31m+         bridge.task.listActive(undefined, { mode: 'replace' }),[39m
[31m+         bridge.providers.list({ mode: 'replace' }),[39m
[31m+       ]);[39m
[31m+[39m
[31m+     let nextFailure: FailureView | null = null;[39m
[31m+     if (core.state === 'success') setCoreStatus(core.data);[39m
[31m+     else nextFailure = failureFromOutcome('本地服务状态读取失败', core);[39m
[31m+[39m
[31m+     const resolvedSettings =[39m
[31m+       applicationSettings.state === 'success'[39m
[31m+         ? applicationSettings.data.settings[39m
[31m+         : DEFAULT_APP_SETTINGS;[39m
[31m+     if (applicationSettings.state === 'success') {[39m
[31m+       confirmedSettings.current = resolvedSettings;[39m
[31m+       setSettings(resolvedSettings);[39m
[31m+     } else nextFailure ??= failureFromOutcome('应用设置读取失败', applicationSettings);[39m
[31m+[39m
[31m+     if (windowPreferences.state === 'success') {[39m
[31m+       setAppearance({[39m
[31m+         workspaceAlignment: windowPreferences.data.workspaceAlignment,[39m
[31m+         uiScalePercent: windowPreferences.data.uiScalePercent,[39m
[31m+         bodyFontSize: windowPreferences.data.bodyFontSize,[39m
[31m+         contentWidth: windowPreferences.data.contentWidth,[39m
[31m+       });[39m
[31m+     } else nextFailure ??= failureFromOutcome('显示设置读取失败', windowPreferences);[39m
[31m+[39m
[31m+     if (recent.state === 'success') setRecentProjects(recent.data.projects);[39m
[31m+     else nextFailure ??= failureFromOutcome('最近作品读取失败', recent);[39m
[31m+[39m
[31m+     let resolvedProject: ProjectWorkspaceSummary | null = null;[39m
[31m+     if (project.state === 'success') resolvedProject = project.data;[39m
[31m+     else nextFailure ??= failureFromOutcome('项目状态读取失败', project);[39m
[31m+[39m
[31m+     const initialResolution = !initialWorkspaceResolved.current;[39m
[31m+     if ([39m
[31m+       initialResolution &&[39m
[31m+       project.state === 'success' &&[39m
[31m+       !resolvedProject &&[39m
[31m+       resolvedSettings.startupBehavior === 'reopen-last' &&[39m
[31m+       recent.state === 'success'[39m
[31m+     ) {[39m
[31m+       const candidate = recent.data.projects.find((entry) => entry.missingSince === null);[39m
[31m+       if (candidate) {[39m
[31m+         const reopened = await bridge.project.openRecent(candidate.projectId, { mode: 'replace' });[39m
[31m+         if (reopened.state === 'success') {[39m
[31m+           resolvedProject = reopened.data;[39m
[31m+         } else if (reopened.state === 'failure') {[39m
[31m+           nextFailure ??= failureFromOutcome('最近作品自动打开失败', reopened);[39m
[31m+         }[39m
[31m+       }[39m
[31m+     }[39m
[31m+[39m
[31m+     setActiveProject(resolvedProject);[39m
[31m+     let nextContinuation: ProjectContinuationSnapshot | null = null;[39m
[31m+     if (resolvedProject) {[39m
[31m+       const continuationOutcome = await bridge.project.getContinuation(resolvedProject.projectId, {[39m
[31m+         mode: 'replace',[39m
[31m+       });[39m
[31m+       if (continuationOutcome.state === 'success') {[39m
[31m+         nextContinuation = continuationOutcome.data;[39m
[31m+       } else if (continuationOutcome.state === 'failure') {[39m
[31m+         nextFailure ??= failureFromOutcome('上次写作位置读取失败', continuationOutcome);[39m
[31m+       }[39m
[31m+     }[39m
[31m+     setContinuation(nextContinuation);[39m
[31m+[39m
[31m+     if (initialResolution) {[39m
[31m+       initialWorkspaceResolved.current = true;[39m
[31m+       const restoredRoute = resolvedProject ? continuationRoute(nextContinuation) : 'home';[39m
[31m+       dispatch({[39m
[31m+         type: 'navigate',[39m
[31m+         route: restoreAppShellRoute(restoredRoute, {[39m
[31m+           activeProjectId: resolvedProject?.projectId ?? null,[39m
[31m+           disclosureMode: resolvedSettings.defaultMode,[39m
[31m+         }),[39m
[31m+       });[39m
[31m+     }[39m
[31m+[39m
[31m+     if (activeTasks.state === 'success') setTasks(activeTasks.data.tasks);[39m
[31m+     if (providers.state === 'success') applyProviders(providers.data.providers);[39m
[31m+     setFailure(nextFailure);[39m
[31m+     setMessage(null);[39m
[31m+     setHydrated(true);[39m
[31m+   }, [applyProviders, bridge, dispatch]);[39m
[31m+[39m
[31m+   useEffect(() => {[39m
[31m+     void refreshWorkspace();[39m
[31m+   }, [refreshWorkspace]);[39m
[31m+[39m
[31m+   useEffect(() => {[39m
[31m+     if (hydrated) document.body.dataset.rendererReady = 'true';[39m
[31m+   }, [hydrated]);[39m
[31m+[39m
[31m+   useEffect(() => {[39m
[31m+     const unsubscribe = bridge.task.subscribe(() => void refreshTasks());[39m
[31m+     return unsubscribe;[39m
[31m+   }, [bridge, refreshTasks]);[39m
[31m+[39m
[31m+   const refreshWorkspaceAttention = useCallback(async (): Promise<void> => {[39m
[31m+     const generation = workspaceAttentionGeneration.current + 1;[39m
[31m+     workspaceAttentionGeneration.current = generation;[39m
[31m+     const projectId = activeProject?.projectId ?? null;[39m
[31m+     if (!projectId) {[39m
[31m+       setWorkspaceAttention(EMPTY_WORKSPACE_ATTENTION);[39m
[31m+       return;[39m
[31m+     }[39m
[31m+     const next = await loadWorkspaceAttention(bridge, projectId);[39m
[31m+     if ([39m
[31m+       workspaceAttentionGeneration.current === generation &&[39m
[31m+       activeProject?.projectId === projectId[39m
[31m+     ) {[39m
[31m+       setWorkspaceAttention(next);[39m
[31m+     }[39m
[31m+   }, [activeProject, bridge]);[39m
[31m+[39m
[31m+   useEffect(() => {[39m
[31m+     void refreshWorkspaceAttention();[39m
[31m+     return () => {[39m
[31m+       workspaceAttentionGeneration.current += 1;[39m
[31m+     };[39m
[31m+   }, [refreshWorkspaceAttention, route, tasks]);[39m
[31m+[39m
[31m+   useEffect(() => {[39m
[31m+     document.body.dataset.theme = settings.themeId;[39m
[31m+     document.body.dataset.visualThemeVariant = settings.themeVariant;[39m
[31m+     document.body.dataset.motionPreference = settings.reduceMotion ? 'reduced' : 'full';[39m
[31m+     document.body.dataset.authorMode = settings.defaultMode;[39m
[31m+     document.body.dataset.projectState = activeProject[39m
[31m+       ? activeProject.databaseMode === 'read-only'[39m
[31m+         ? 'read-only'[39m
[31m+         : 'open'[39m
[31m+       : 'closed';[39m
[31m+     document.documentElement.style.setProperty([39m
[31m+       '--ui-scale',[39m
[31m+       String(appearance.uiScalePercent / 100),[39m
[31m+     );[39m
[31m+     document.documentElement.style.setProperty('--body-font-size', `${appearance.bodyFontSize}px`);[39m
[31m+     document.documentElement.style.setProperty([39m
[31m+       '--content-width',[39m
[31m+       `${contentWidthPixels(appearance.contentWidth, window.innerWidth)}px`,[39m
[31m+     );[39m
[31m+     document.body.dataset.workspaceAlignment = appearance.workspaceAlignment;[39m
[31m+   }, [activeProject, appearance, settings]);[39m
[31m+[39m
[31m+   useEffect(() => {[39m
[31m+     const onKeyDown = (event: KeyboardEvent): void => {[39m
[31m+       if (event.key === 'Escape' && navOpen) {[39m
[31m+         setNavOpen(false);[39m
[31m+         navToggle.current?.focus();[39m
[31m+       }[39m
[31m+     };[39m
[31m+     window.addEventListener('keydown', onKeyDown);[39m
[31m+     return () => window.removeEventListener('keydown', onKeyDown);[39m
[31m+   }, [navOpen]);[39m
[31m+[39m
[31m+   useEffect(() => {[39m
[31m+     dispatch({[39m
[31m+       type: 'select',[39m
[31m+       selection: { projectId: activeProject?.projectId ?? null },[39m
[31m+     });[39m
[31m+   }, [activeProject, dispatch]);[39m
[31m+[39m
[31m+   const availability = capabilities.navigation;[39m
[31m+[39m
[31m+   const navigation = createPrimaryNavigationItems({[39m
[31m+     activeProjectId: activeProject?.projectId ?? null,[39m
[31m+     currentRoute: route,[39m
[31m+     disclosureMode,[39m
[31m+     availability,[39m
[31m+   });[39m
[31m+[39m
[31m+   const flushWriting = useCallback(async (): Promise<boolean> => {[39m
[31m+     return flushRegisteredDraft();[39m
[31m+   }, []);[39m
[31m+[39m
[31m+   const transitionToRoute = useCallback([39m
[31m+     async (nextRoute: RendererRouteId): Promise<boolean> => {[39m
[31m+       if (route === nextRoute) return true;[39m
[31m+       if (isWritingRoute(route) && !(await flushWriting())) {[39m
[31m+         setMessage('自动保存失败，已阻止离开当前写作会话。');[39m
[31m+         return false;[39m
[31m+       }[39m
[31m+       setFailure(null);[39m
[31m+       setMessage(null);[39m
[31m+       dispatch({ type: 'navigate', route: nextRoute });[39m
[31m+       return true;[39m
[31m+     },[39m
[31m+     [dispatch, flushWriting, route],[39m
[31m+   );[39m
[31m+[39m
[31m+   const navigate = useCallback([39m
[31m+     (navigationId: PrimaryNavigationId): void => {[39m
[31m+       const resolution = resolvePrimaryNavigationIntent(navigationId, {[39m
[31m+         activeProjectId: activeProject?.projectId ?? null,[39m
[31m+         currentRoute: route,[39m
[31m+         disclosureMode,[39m
[31m+         availability,[39m
[31m+       });[39m
[31m+       if (!resolution.accepted) {[39m
[31m+         setMessage(resolution.reason);[39m
[31m+         return;[39m
[31m+       }[39m
[31m+       setNavOpen(false);[39m
[31m+       if (resolution.route === 'settings' && route !== 'settings') {[39m
[31m+         settingsReturnRoute.current = route;[39m
[31m+       }[39m
[31m+       void transitionToRoute(resolution.route).then((changed) => {[39m
[31m+         if (changed && navigationId === 'home') void refreshWorkspace();[39m
[31m+       });[39m
[31m+     },[39m
[31m+     [activeProject, availability, disclosureMode, refreshWorkspace, route, transitionToRoute],[39m
[31m+   );[39m
[31m+[39m
[31m+   const navigateToAuthorTarget = useCallback([39m
[31m+     (target: AuthorNavigationTarget): void => {[39m
[31m+       const resolution = resolveAuthorNavigationTarget(target);[39m
[31m+       void (async () => {[39m
[31m+         if (route !== resolution.route && isWritingRoute(route) && !(await flushWriting())) {[39m
[31m+           setMessage('自动保存失败，已阻止离开当前写作会话。');[39m
[31m+           return;[39m
[31m+         }[39m
[31m+         setFailure(null);[39m
[31m+         setMessage(null);[39m
[31m+         const sourceLocation: RendererReturnLocation = {[39m
[31m+           route,[39m
[31m+           selection: { ...selection },[39m
[31m+           filters: { ...filters },[39m
[31m+           scrollTop: Math.max(0, Math.round(mainContent.current?.scrollTop ?? 0)),[39m
[31m+           focusKey: authorReturnFocusKey(document.activeElement),[39m
[31m+         };[39m
[31m+         if (target.type === 'entity') setCanonSection('entities');[39m
[31m+         dispatch({ type: 'select', selection: resolution.selection });[39m
[31m+         for (const [key, value] of Object.entries(resolution.filters)) {[39m
[31m+           dispatch({ type: 'set-filter', key, value });[39m
[31m+         }[39m
[31m+         dispatch({[39m
[31m+           type: 'navigate',[39m
[31m+           route: resolution.route,[39m
[31m+           returnLocation: sourceLocation,[39m
[31m+         });[39m
[31m+       })();[39m
[31m+     },[39m
[31m+     [dispatch, filters, flushWriting, route, selection],[39m
[31m+   );[39m
[31m+[39m
[31m+   const returnToAuthorSource = useCallback(async (): Promise<void> => {[39m
[31m+     if (!returnLocation) return;[39m
[31m+     if (isWritingRoute(route) && !(await flushWriting())) {[39m
[31m+       setMessage('自动保存失败，已阻止返回来源页面。');[39m
[31m+       return;[39m
[31m+     }[39m
[31m+     const location = returnLocation;[39m
[31m+     dispatch({ type: 'return-to-source' });[39m
[31m+     window.requestAnimationFrame(() => {[39m
[31m+       window.requestAnimationFrame(() => {[39m
[31m+         if (mainContent.current) mainContent.current.scrollTop = location.scrollTop;[39m
[31m+         focusAuthorReturnTarget(location.focusKey);[39m
[31m+       });[39m
[31m+     });[39m
[31m+   }, [dispatch, flushWriting, returnLocation, route]);[39m
[31m+[39m
[31m+   const projectChanged = useCallback([39m
[31m+     async ([39m
[31m+       project: ProjectWorkspaceSummary | null,[39m
[31m+       resultMessage: string,[39m
[31m+     ): Promise<ProjectContinuationSnapshot | null> => {[39m
[31m+       setActiveProject(project);[39m
[31m+       let nextContinuation: ProjectContinuationSnapshot | null = null;[39m
[31m+       if (project) {[39m
[31m+         const outcome = await bridge.project.getContinuation(project.projectId, {[39m
[31m+           mode: 'replace',[39m
[31m+         });[39m
[31m+         if (outcome.state === 'success') nextContinuation = outcome.data;[39m
[31m+       }[39m
[31m+       setContinuation(nextContinuation);[39m
[31m+       const recent = await bridge.project.listRecent({ mode: 'replace' });[39m
[31m+       if (recent.state === 'success') setRecentProjects(recent.data.projects);[39m
[31m+       setMessage(resultMessage);[39m
[31m+       return nextContinuation;[39m
[31m+     },[39m
[31m+     [bridge],[39m
[31m+   );[39m
[31m+[39m
[31m+   const healthSignals = useMemo<readonly HomeHealthSignal[]>(() => {[39m
[31m+     const signals: HomeHealthSignal[] = [];[39m
[31m+     if (coreStatus && coreStatus.status !== 'healthy') {[39m
[31m+       signals.push({[39m
[31m+         id: 'core-health',[39m
[31m+         severity: 'data-risk',[39m
[31m+         title: '本地服务需要处理',[39m
[31m+         message: `当前状态：${coreStatus.status}。写入保持阻断，直到本地服务恢复正常。`,[39m
[31m+         intent: 'settings',[39m
[31m+       });[39m
[31m+     }[39m
[31m+     if (activeProject?.databaseMode === 'read-only') {[39m
[31m+       signals.push({[39m
[31m+         id: 'project-readonly',[39m
[31m+         severity: 'data-risk',[39m
[31m+         title: '作品处于只读保护',[39m
[31m+         message: `原因：${activeProject.readOnlyReason ?? '兼容性保护'}。可以浏览并安全导出。`,[39m
[31m+         intent: 'recovery',[39m
[31m+       });[39m
[31m+     }[39m
[31m+     const missingCount = recentProjects.filter((project) => project.missingSince !== null).length;[39m
[31m+     if (missingCount > 0) {[39m
[31m+       signals.push({[39m
[31m+         id: 'recent-missing',[39m
[31m+         severity: 'high',[39m
[31m+         title: `${missingCount}个最近作品路径失效`,[39m
[31m+         message: '重新定位后即可恢复入口，作品文件不会被删除。',[39m
[31m+         intent: 'recovery',[39m
[31m+       });[39m
[31m+     }[39m
[31m+     return signals;[39m
[31m+   }, [activeProject, coreStatus, recentProjects]);[39m
[31m+[39m
[31m+   const globalStatus = useMemo(() => {[39m
[31m+     const arbitrator = new RendererStatusArbitrator();[39m
[31m+     if (failure) {[39m
[31m+       arbitrator.publish({[39m
[31m+         id: 'failure',[39m
[31m+         priority: 'P0',[39m
[31m+         message: failure.message,[39m
[31m+         persistence: 'sticky',[39m
[31m+         createdAt: 5,[39m
[31m+       });[39m
[31m+     }[39m
[31m+     if (coreStatus && coreStatus.status !== 'healthy') {[39m
[31m+       arbitrator.publish({[39m
[31m+         id: 'core',[39m
[31m+         priority: 'P0',[39m
[31m+         message: `本地服务当前为${coreStatus.status}状态，写入保持阻断。`,[39m
[31m+         persistence: 'sticky',[39m
[31m+         createdAt: 4,[39m
[31m+       });[39m
[31m+     }[39m
[31m+     if (activeProject?.databaseMode === 'read-only') {[39m
[31m+       arbitrator.publish({[39m
[31m+         id: 'read-only',[39m
[31m+         priority: 'P0',[39m
[31m+         message: `作品处于只读保护：${activeProject.readOnlyReason ?? '兼容性保护'}。`,[39m
[31m+         persistence: 'sticky',[39m
[31m+         createdAt: 3,[39m
[31m+       });[39m
[31m+     }[39m
[31m+     if (tasks.length > 0) {[39m
[31m+       arbitrator.publish({[39m
[31m+         id: 'tasks',[39m
[31m+         priority: 'P1',[39m
[31m+         message: `${tasks.length}个后台任务正在运行，可在底部任务栏查看真实阶段或取消。`,[39m
[31m+         persistence: 'transient',[39m
[31m+         createdAt: 70,[39m
[31m+       });[39m
[31m+     }[39m
[31m+     if (workspaceAttention.searchStatus === 'rebuilding') {[39m
[31m+       arbitrator.publish({[39m
[31m+         id: 'search-rebuilding',[39m
[31m+         priority: 'P1',[39m
[31m+         message: '全文索引正在重建；写作保持可用，搜索结果将在完成后恢复完整。',[39m
[31m+         persistence: 'transient',[39m
[31m+         createdAt: 69,[39m
[31m+       });[39m
[31m+     }[39m
[31m+     if (workspaceAttention.partialCandidateCount > 0) {[39m
[31m+       arbitrator.publish({[39m
[31m+         id: 'candidate-partial',[39m
[31m+         priority: 'P2',[39m
[31m+         message: `当前章节有${workspaceAttention.partialCandidateCount}份未完成建议稿待处理，不能直接定稿。`,[39m
[31m+         persistence: 'sticky',[39m
[31m+         createdAt: 60,[39m
[31m+       });[39m
[31m+     } else if (workspaceAttention.pendingCandidateCount > 0) {[39m
[31m+       arbitrator.publish({[39m
[31m+         id: 'candidate-pending',[39m
[31m+         priority: 'P2',[39m
[31m+         message: `当前章节有${workspaceAttention.pendingCandidateCount}份建议稿待作者审阅。`,[39m
[31m+         persistence: 'sticky',[39m
[31m+         createdAt: 59,[39m
[31m+       });[39m
[31m+     }[39m
[31m+     if (workspaceAttention.pendingProposalCount > 0) {[39m
[31m+       arbitrator.publish({[39m
[31m+         id: 'proposal-pending',[39m
[31m+         priority: 'P2',[39m
[31m+         message: `有${workspaceAttention.pendingProposalCount}条设定更新建议等待作者裁决；尚未写入权威状态。`,[39m
[31m+         persistence: 'sticky',[39m
[31m+         createdAt: 58,[39m
[31m+       });[39m
[31m+     }[39m
[31m+     if (workspaceAttention.openValidationCount > 0) {[39m
[31m+       arbitrator.publish({[39m
[31m+         id: 'validation-open',[39m
[31m+         priority: 'P2',[39m
[31m+         message: workspaceAttention.highValidationCount[39m
[31m+           ? `有${workspaceAttention.openValidationCount}项检查问题待处理，其中${workspaceAttention.highValidationCount}项为高优先级。`[39m
[31m+           : `有${workspaceAttention.openValidationCount}项检查问题待处理。`,[39m
[31m+         persistence: 'sticky',[39m
[31m+         createdAt: 57,[39m
[31m+       });[39m
[31m+     }[39m
[31m+     if (workspaceAttention.backupFailureCount > 0) {[39m
[31m+       arbitrator.publish({[39m
[31m+         id: 'backup-failed',[39m
[31m+         priority: 'P2',[39m
[31m+         message: `有${workspaceAttention.backupFailureCount}次备份失败尚未由后续成功备份解除。`,[39m
[31m+         persistence: 'sticky',[39m
[31m+         createdAt: 57,[39m
[31m+       });[39m
[31m+     }[39m
[31m+     if (workspaceAttention.searchFailedCount > 0) {[39m
[31m+       arbitrator.publish({[39m
[31m+         id: 'search-failed',[39m
[31m+         priority: 'P2',[39m
[31m+         message: `全文索引有${workspaceAttention.searchFailedCount}项失败；权威数据未受影响，可重建索引。`,[39m
[31m+         persistence: 'sticky',[39m
[31m+         createdAt: 56,[39m
[31m+       });[39m
[31m+     } else if (workspaceAttention.searchStatus === 'stale') {[39m
[31m+       arbitrator.publish({[39m
[31m+         id: 'search-stale',[39m
[31m+         priority: 'P2',[39m
[31m+         message: '全文索引已过期；搜索可降级读取权威数据，建议重建索引。',[39m
[31m+         persistence: 'sticky',[39m
[31m+         createdAt: 55,[39m
[31m+       });[39m
[31m+     }[39m
[31m+     if (settings.creativePath === 'ai-first' && aiReadiness.status !== 'ready') {[39m
[31m+       arbitrator.publish({[39m
[31m+         id: 'ai-readiness',[39m
[31m+         priority: 'P2',[39m
[31m+         message: aiReadiness.message,[39m
[31m+         persistence: 'sticky',[39m
[31m+         createdAt: 54,[39m
[31m+       });[39m
[31m+     }[39m
[31m+     if (workspaceAttention.unavailableSources.length > 0) {[39m
[31m+       arbitrator.publish({[39m
[31m+         id: 'attention-unavailable',[39m
[31m+         priority: 'P3',[39m
[31m+         message: '部分工作区状态暂不可读取；未将失败查询误报为空状态。',[39m
[31m+         persistence: 'transient',[39m
[31m+         createdAt: 10,[39m
[31m+       });[39m
[31m+     }[39m
[31m+     const missing = recentProjects.filter((project) => project.missingSince !== null).length;[39m
[31m+     if (missing > 0) {[39m
[31m+       arbitrator.publish({[39m
[31m+         id: 'missing',[39m
[31m+         priority: 'P2',[39m
[31m+         message: `${missing}个最近作品路径失效，可重新定位恢复入口。`,[39m
[31m+         persistence: 'sticky',[39m
[31m+         createdAt: 53,[39m
[31m+       });[39m
[31m+     }[39m
[31m+     if (message) {[39m
[31m+       arbitrator.publish({[39m
[31m+         id: 'operation',[39m
[31m+         priority: 'P3',[39m
[31m+         message,[39m
[31m+         persistence: 'transient',[39m
[31m+         createdAt: 0,[39m
[31m+       });[39m
[31m+     }[39m
[31m+     return arbitrator.current();[39m
[31m+   }, [[39m
[31m+     activeProject,[39m
[31m+     aiReadiness,[39m
[31m+     coreStatus,[39m
[31m+     failure,[39m
[31m+     message,[39m
[31m+     recentProjects,[39m
[31m+     settings.creativePath,[39m
[31m+     tasks,[39m
[31m+     workspaceAttention,[39m
[31m+   ]);[39m
[31m+[39m
[31m+   const globalStatusAction = useMemo(() => {[39m
[31m+     if (!globalStatus) return undefined;[39m
[31m+     if (globalStatus.id === 'failure' && failure?.retryable) {[39m
[31m+       return { label: '重新读取', run: () => void refreshWorkspace() };[39m
[31m+     }[39m
[31m+     if (globalStatus.id === 'read-only') {[39m
[31m+       return { label: '恢复与导出', run: () => void transitionToRoute('recovery') };[39m
[31m+     }[39m
[31m+     if (globalStatus.id === 'missing') {[39m
[31m+       return { label: '查看最近作品', run: () => navigate('home') };[39m
[31m+     }[39m
[31m+     if (globalStatus.id === 'candidate-partial' || globalStatus.id === 'candidate-pending') {[39m
[31m+       return { label: '审阅建议稿', run: () => void transitionToRoute('candidates') };[39m
[31m+     }[39m
[31m+     if (globalStatus.id === 'proposal-pending') {[39m
[31m+       return {[39m
[31m+         label: '处理设定更新建议',[39m
[31m+         run: () => {[39m
[31m+           setCanonSection('continuity');[39m
[31m+           void transitionToRoute('canon');[39m
[31m+         },[39m
[31m+       };[39m
[31m+     }[39m
[31m+     if ([39m
[31m+       globalStatus.id === 'validation-open' ||[39m
[31m+       globalStatus.id === 'search-failed' ||[39m
[31m+       globalStatus.id === 'search-stale' ||[39m
[31m+       globalStatus.id === 'backup-failed'[39m
[31m+     ) {[39m
[31m+       return globalStatus.id === 'backup-failed'[39m
[31m+         ? { label: '打开恢复中心', run: () => void transitionToRoute('recovery') }[39m
[31m+         : { label: '打开检查', run: () => void transitionToRoute('checks') };[39m
[31m+     }[39m
[31m+     if (globalStatus.id === 'ai-readiness') {[39m
[31m+       return { label: '检查AI连接', run: () => navigate('settings') };[39m
[31m+     }[39m
[31m+     return undefined;[39m
[31m+   }, [failure, globalStatus, navigate, refreshWorkspace, transitionToRoute]);[39m
[31m+[39m
[31m+   const createProject = async (input: ProjectCreateInput): Promise<boolean> => {[39m
[31m+     setPendingKey('project.create');[39m
[31m+     setMessage('请选择保存位置…');[39m
[31m+     const outcome = await bridge.project.create(input);[39m
[31m+     setPendingKey(null);[39m
[31m+     if (isCancelledOutcome(outcome)) {[39m
[31m+       setMessage('已取消创建项目。');[39m
[31m+       return false;[39m
[31m+     }[39m
[31m+     if (outcome.state !== 'success') {[39m
[31m+       setFailure(failureFromOutcome('作品创建失败', outcome));[39m
[31m+       setMessage(null);[39m
[31m+       return false;[39m
[31m+     }[39m
[31m+     await projectChanged(outcome.data, '项目已创建，路径和数据库完整性校验通过。');[39m
[31m+     dispatch({ type: 'navigate', route: 'writing' });[39m
[31m+     return true;[39m
[31m+   };[39m
[31m+[39m
[31m+   const openSelected = async (recover: boolean): Promise<void> => {[39m
[31m+     setPendingKey('project.openSelected');[39m
[31m+     setMessage('请选择作品目录…');[39m
[31m+     const outcome = await bridge.project.openSelected();[39m
[31m+     setPendingKey(null);[39m
[31m+     if (isCancelledOutcome(outcome)) {[39m
[31m+       setMessage('已取消打开项目。');[39m
[31m+       return;[39m
[31m+     }[39m
[31m+     if (outcome.state !== 'success') {[39m
[31m+       setFailure(failureFromOutcome('作品打开失败', outcome));[39m
[31m+       setMessage(null);[39m
[31m+       return;[39m
[31m+     }[39m
[31m+     const nextContinuation = await projectChanged(outcome.data, '项目已安全打开。');[39m
[31m+     dispatch({[39m
[31m+       type: 'navigate',[39m
[31m+       route: recover ? 'recovery' : continuationRoute(nextContinuation),[39m
[31m+     });[39m
[31m+   };[39m
[31m+[39m
[31m+   const openRecent = async (projectId: string): Promise<void> => {[39m
[31m+     setPendingKey(`project.openRecent:${projectId}`);[39m
[31m+     const outcome = await bridge.project.openRecent(projectId);[39m
[31m+     setPendingKey(null);[39m
[31m+     if (outcome.state !== 'success') {[39m
[31m+       setFailure(failureFromOutcome('最近作品打开失败', outcome));[39m
[31m+       return;[39m
[31m+     }[39m
[31m+     const nextContinuation = await projectChanged(outcome.data, '最近作品已安全打开。');[39m
[31m+     dispatch({ type: 'navigate', route: continuationRoute(nextContinuation) });[39m
[31m+   };[39m
[31m+[39m
[31m+   const closeProject = async (projectId: string): Promise<void> => {[39m
[31m+     if (!(await flushWriting())) {[39m
[31m+       setMessage('自动保存失败，已阻止关闭项目。');[39m
[31m+       return;[39m
[31m+     }[39m
[31m+     setPendingKey(`project.close:${projectId}`);[39m
[31m+     try {[39m
[31m+       const outcome = await bridge.project.close(projectId);[39m
[31m+       if (outcome.state !== 'success') {[39m
[31m+         setFailure(failureFromOutcome('作品关闭失败', outcome));[39m
[31m+         return;[39m
[31m+       }[39m
[31m+       await projectChanged(null, '项目已安全关闭。');[39m
[31m+       dispatch({ type: 'reset-project-context' });[39m
[31m+       dispatch({ type: 'navigate', route: 'home' });[39m
[31m+     } finally {[39m
[31m+       setPendingKey(null);[39m
[31m+     }[39m
[31m+   };[39m
[31m+[39m
[31m+   const moveProject = async (projectId: string): Promise<void> => {[39m
[31m+     if (!(await flushWriting())) {[39m
[31m+       setMessage('自动保存失败，已阻止移动项目。');[39m
[31m+       return;[39m
[31m+     }[39m
[31m+     setPendingKey(`project.move:${projectId}`);[39m
[31m+     setMessage('请选择新位置；本地服务将复制、校验后再切换。');[39m
[31m+     const outcome = await bridge.project.move(projectId);[39m
[31m+     setPendingKey(null);[39m
[31m+     if (isCancelledOutcome(outcome)) {[39m
[31m+       setMessage('已取消移动。');[39m
[31m+       return;[39m
[31m+     }[39m
[31m+     if (outcome.state !== 'success') {[39m
[31m+       setFailure(failureFromOutcome('作品移动失败，原项目保持可用', outcome));[39m
[31m+       return;[39m
[31m+     }[39m
[31m+     await projectChanged([39m
[31m+       outcome.data,[39m
[31m+       outcome.data.sourceRetained[39m
[31m+         ? '移动已完成；原位置未能清理，请确认后手动处理。'[39m
[31m+         : '移动已完成，哈希与数据库完整性校验通过。',[39m
[31m+     );[39m
[31m+   };[39m
[31m+[39m
[31m+   const relocateRecent = async (projectId: string): Promise<void> => {[39m
[31m+     setPendingKey(`project.relocateRecent:${projectId}`);[39m
[31m+     const outcome = await bridge.project.relocateRecent(projectId);[39m
[31m+     setPendingKey(null);[39m
[31m+     if (isCancelledOutcome(outcome)) return;[39m
[31m+     if (outcome.state !== 'success') {[39m
[31m+       setFailure(failureFromOutcome('作品重新定位失败', outcome));[39m
[31m+       return;[39m
[31m+     }[39m
[31m+     await refreshWorkspace();[39m
[31m+     setMessage('作品路径已重新定位。');[39m
[31m+   };[39m
[31m+[39m
[31m+   const removeRecent = async (projectId: string): Promise<void> => {[39m
[31m+     setPendingKey(`project.removeRecent:${projectId}`);[39m
[31m+     const outcome = await bridge.project.removeRecent(projectId);[39m
[31m+     setPendingKey(null);[39m
[31m+     if (outcome.state !== 'success') {[39m
[31m+       setFailure(failureFromOutcome('最近作品记录移除失败', outcome));[39m
[31m+       return;[39m
[31m+     }[39m
[31m+     setRecentProjects((projects) => projects.filter((project) => project.projectId !== projectId));[39m
[31m+     setMessage('最近作品记录已移除，作品文件保持不变。');[39m
[31m+   };[39m
[31m+[39m
[31m+   const saveSettings = (update: AppSettingsUpdate): Promise<boolean> => {[39m
[31m+     if (update.creativePath === 'ai-first' && aiReadiness.status !== 'ready') {[39m
[31m+       setMessage('AI优先需要先在本次会话完成真实连接测试；离线创作功能保持可用。');[39m
[31m+       return Promise.resolve(false);[39m
[31m+     }[39m
[31m+     const write = settingsWriteQueue.current.then(async () => {[39m
[31m+       setPendingKey('settings.set');[39m
[31m+       try {[39m
[31m+         const current = confirmedSettings.current;[39m
[31m+         const outcome = await bridge.settings.set({[39m
[31m+           language: update.language ?? current.language,[39m
[31m+           startupBehavior: update.startupBehavior ?? current.startupBehavior,[39m
[31m+           defaultMode: update.defaultMode ?? current.defaultMode,[39m
[31m+           creativePath: update.creativePath ?? current.creativePath,[39m
[31m+           onboardingCompleted: update.onboardingCompleted ?? current.onboardingCompleted,[39m
[31m+           onboardingTipsSeen: update.onboardingTipsSeen ?? current.onboardingTipsSeen,[39m
[31m+           onboardingScaffoldDismissed:[39m
[31m+             update.onboardingScaffoldDismissed ?? current.onboardingScaffoldDismissed,[39m
[31m+           themeId: update.themeId ?? current.themeId,[39m
[31m+           themeVariant: update.themeVariant ?? current.themeVariant,[39m
[31m+           reduceMotion: update.reduceMotion ?? current.reduceMotion,[39m
[31m+         });[39m
[31m+         if (outcome.state !== 'success') {[39m
[31m+           setFailure(failureFromOutcome('设置保存失败', outcome));[39m
[31m+           return false;[39m
[31m+         }[39m
[31m+         confirmedSettings.current = outcome.data.settings;[39m
[31m+         setSettings(outcome.data.settings);[39m
[31m+         setMessage('设置已保存到应用数据库。');[39m
[31m+         return true;[39m
[31m+       } finally {[39m
[31m+         setPendingKey(null);[39m
[31m+       }[39m
[31m+     });[39m
[31m+     settingsWriteQueue.current = write.then([39m
[31m+       () => undefined,[39m
[31m+       () => undefined,[39m
[31m+     );[39m
[31m+     return write;[39m
[31m+   };[39m
[31m+[39m
[31m+   const createFromOnboarding = async (plan: OnboardingProjectPlan): Promise<boolean> => {[39m
[31m+     const created = await createProject(plan.project);[39m
[31m+     if (!created) return false;[39m
[31m+[39m
[31m+     const settingsSaved = await saveSettings({[39m
[31m+       creativePath: plan.creativePath,[39m
[31m+       onboardingCompleted: true,[39m
[31m+       onboardingScaffoldDismissed: plan.project.initialStructure === 'blank',[39m
[31m+     });[39m
[31m+     if (plan.destination === 'import-export') {[39m
[31m+       setDataToolsSection('import-export');[39m
[31m+       dispatch({ type: 'navigate', route: 'recovery' });[39m
[31m+     } else {[39m
[31m+       dispatch({ type: 'navigate', route: plan.destination });[39m
[31m+     }[39m
[31m+     if (!settingsSaved) {[39m
[31m+       setMessage('项目已安全创建；创作路径偏好未保存，可稍后在设置中重试。');[39m
[31m+     }[39m
[31m+     return true;[39m
[31m+   };[39m
[31m+[39m
[31m+   const saveAppearance = async (next: AppearancePreferences): Promise<boolean> => {[39m
[31m+     setPendingKey('app.setAppearancePreferences');[39m
[31m+     const outcome = await bridge.app.setAppearancePreferences(next);[39m
[31m+     setPendingKey(null);[39m
[31m+     if (outcome.state !== 'success') {[39m
[31m+       setFailure(failureFromOutcome('显示设置保存失败', outcome));[39m
[31m+       return false;[39m
[31m+     }[39m
[31m+     setAppearance({[39m
[31m+       workspaceAlignment: outcome.data.workspaceAlignment,[39m
[31m+       uiScalePercent: outcome.data.uiScalePercent,[39m
[31m+       bodyFontSize: outcome.data.bodyFontSize,[39m
[31m+       contentWidth: outcome.data.contentWidth,[39m
[31m+     });[39m
[31m+     setMessage('显示设置已保存到应用数据库。');[39m
[31m+     return true;[39m
[31m+   };[39m
[31m+[39m
[31m+   const restartCore = async (): Promise<void> => {[39m
[31m+     if (!(await flushWriting())) {[39m
[31m+       setMessage('当前稿尚未安全保存，已阻止重启本地服务。');[39m
[31m+       return;[39m
[31m+     }[39m
[31m+     setPendingKey('app.restartCore');[39m
[31m+     const outcome = await bridge.app.restartCore();[39m
[31m+     setPendingKey(null);[39m
[31m+     if (outcome.state !== 'success') {[39m
[31m+       setFailure(failureFromOutcome('本地服务重启失败', outcome));[39m
[31m+       return;[39m
[31m+     }[39m
[31m+     setCoreStatus(outcome.data.status);[39m
[31m+     setMessage(`本地服务已进入${outcome.data.status.status}状态。`);[39m
[31m+     await refreshWorkspace();[39m
[31m+   };[39m
[31m+[39m
[31m+   const cancelTask = async (taskId: string, projectId: string | null): Promise<void> => {[39m
[31m+     const outcome = await bridge.task.cancel(taskId, projectId ?? undefined);[39m
[31m+     if (outcome.state !== 'success') setFailure(failureFromOutcome('任务取消失败', outcome));[39m
[31m+     await refreshTasks();[39m
[31m+   };[39m
[31m+[39m
[31m+   return ([39m
[31m+     <div className="react-app-shell" data-react-runtime="running" data-react-shell>[39m
[31m+       <header className="react-top-bar">[39m
[31m+         <button[39m
[31m+           aria-expanded={navOpen}[39m
[31m+           aria-label="打开一级导航"[39m
[31m+           className="icon-button react-nav-toggle"[39m
[31m+           ref={navToggle}[39m
[31m+           type="button"[39m
[31m+           onClick={() => setNavOpen((open) => !open)}[39m
[31m+         >[39m
[31m+           ☰[39m
[31m+         </button>[39m
[31m+         <button className="react-brand" type="button" onClick={() => navigate('home')}>[39m
[31m+           <strong>WorldForge</strong>[39m
[31m+           <span>{activeProject?.name ?? '本地写作工作台'}</span>[39m
[31m+         </button>[39m
[31m+         <div className="react-top-bar__status" aria-live="polite">[39m
[31m+           <span data-status={coreStatus?.status ?? 'starting'}>[39m
[31m+             本地服务 · {coreStatus?.status ?? '正在连接'}[39m
[31m+           </span>[39m
[31m+           <span>{activeProject?.databaseMode === 'read-only' ? '只读' : '本地'}</span>[39m
[31m+           <span>任务 {tasks.length}</span>[39m
[31m+         </div>[39m
[31m+         <button[39m
[31m+           aria-expanded={helpOpen}[39m
[31m+           className="quiet-button"[39m
[31m+           data-open-context-help[39m
[31m+           ref={helpTrigger}[39m
[31m+           type="button"[39m
[31m+           onClick={() => setHelpOpen((open) => !open)}[39m
[31m+         >[39m
[31m+           帮助[39m
[31m+         </button>[39m
[31m+         <button[39m
[31m+           className="quiet-button"[39m
[31m+           data-open-settings[39m
[31m+           ref={settingsTrigger}[39m
[31m+           type="button"[39m
[31m+           onClick={() => navigate('settings')}[39m
[31m+         >[39m
[31m+           设置[39m
[31m+         </button>[39m
[31m+       </header>[39m
[31m+[39m
[31m+       {activeProject ? ([39m
[31m+         <section className="react-project-context" data-active-project data-react-project-context>[39m
[31m+           <div>[39m
[31m+             <strong data-active-project-name>{activeProject.name}</strong>[39m
[31m+             <span data-active-project-path title={activeProject.workspacePath}>[39m
[31m+               {activeProject.workspacePath}[39m
[31m+             </span>[39m
[31m+           </div>[39m
[31m+           <span data-active-project-mode>[39m
[31m+             {activeProject.databaseMode === 'read-only' ? '只读兼容模式' : '可写 · 本地数据库'}[39m
[31m+           </span>[39m
[31m+           {activeProject.databaseMode === 'read-only' ? ([39m
[31m+             <span data-active-project-readonly>{activeProject.readOnlyReason ?? '兼容性保护'}</span>[39m
[31m+           ) : null}[39m
[31m+           {message ? ([39m
[31m+             <span data-project-operation-status role="status">[39m
[31m+               {message}[39m
[31m+             </span>[39m
[31m+           ) : null}[39m
[31m+           <div className="react-project-context__actions">[39m
[31m+             <button[39m
[31m+               className="quiet-button"[39m
[31m+               data-open-continuity[39m
[31m+               disabled={!capabilities.project.canonReadable || Boolean(pendingKey)}[39m
[31m+               title={[39m
[31m+                 capabilities.project.canonReadable[39m
[31m+                   ? undefined[39m
[31m+                   : '当前作品处于恢复保护状态，连续性账本暂不可读取。'[39m
[31m+               }[39m
[31m+               type="button"[39m
[31m+               onClick={() => {[39m
[31m+                 setCanonSection('continuity');[39m
[31m+                 void transitionToRoute('canon');[39m
[31m+               }}[39m
[31m+             >[39m
[31m+               连续性账本[39m
[31m+             </button>[39m
[31m+             <button[39m
[31m+               className="quiet-button"[39m
[31m+               data-open-narrative-planning[39m
[31m+               disabled={!capabilities.project.canonReadable || Boolean(pendingKey)}[39m
[31m+               title={[39m
[31m+                 capabilities.project.canonReadable[39m
[31m+                   ? undefined[39m
[31m+                   : '当前作品处于恢复保护状态，伏笔与弧光暂不可读取。'[39m
[31m+               }[39m
[31m+               type="button"[39m
[31m+               onClick={() => {[39m
[31m+                 setCanonSection('narrative');[39m
[31m+                 void transitionToRoute('canon');[39m
[31m+               }}[39m
[31m+             >[39m
[31m+               伏笔与弧光[39m
[31m+             </button>[39m
[31m+             <button[39m
[31m+               className="quiet-button"[39m
[31m+               data-open-state-proposals[39m
[31m+               disabled={!capabilities.project.canonReadable || Boolean(pendingKey)}[39m
[31m+               title={[39m
[31m+                 capabilities.project.canonReadable[39m
[31m+                   ? undefined[39m
[31m+                   : '当前作品处于恢复保护状态，设定更新建议暂不可读取。'[39m
[31m+               }[39m
[31m+               type="button"[39m
[31m+               onClick={() => {[39m
[31m+                 setCanonSection('proposals');[39m
[31m+                 void transitionToRoute('canon');[39m
[31m+               }}[39m
[31m+             >[39m
[31m+               设定更新建议[39m
[31m+             </button>[39m
[31m+             <button[39m
[31m+               className="quiet-button"[39m
[31m+               data-open-recovery[39m
[31m+               disabled={[39m
[31m+                 (!capabilities.project.restoreAvailable && !capabilities.project.exportAvailable) ||[39m
[31m+                 Boolean(pendingKey)[39m
[31m+               }[39m
[31m+               type="button"[39m
[31m+               onClick={() => {[39m
[31m+                 setDataToolsSection('recovery');[39m
[31m+                 void transitionToRoute('recovery');[39m
[31m+               }}[39m
[31m+             >[39m
[31m+               恢复与导出[39m
[31m+             </button>[39m
[31m+             <button[39m
[31m+               className="quiet-button"[39m
[31m+               data-open-text-io[39m
[31m+               disabled={!capabilities.project.exportAvailable || Boolean(pendingKey)}[39m
[31m+               title={[39m
[31m+                 capabilities.project.exportAvailable ? undefined : '当前作品无法安全导入或导出。'[39m
[31m+               }[39m
[31m+               type="button"[39m
[31m+               onClick={() => {[39m
[31m+                 setDataToolsSection('import-export');[39m
[31m+                 void transitionToRoute('recovery');[39m
[31m+               }}[39m
[31m+             >[39m
[31m+               导入导出[39m
[31m+             </button>[39m
[31m+             <button[39m
[31m+               className="quiet-button"[39m
[31m+               data-move-project[39m
[31m+               disabled={!capabilities.project.moveAvailable || Boolean(pendingKey)}[39m
[31m+               type="button"[39m
[31m+               onClick={() => void moveProject(activeProject.projectId)}[39m
[31m+             >[39m
[31m+               移动项目[39m
[31m+             </button>[39m
[31m+             <button[39m
[31m+               className="quiet-button"[39m
[31m+               data-close-project[39m
[31m+               disabled={Boolean(pendingKey)}[39m
[31m+               type="button"[39m
[31m+               onClick={() => void closeProject(activeProject.projectId)}[39m
[31m+             >[39m
[31m+               关闭项目[39m
[31m+             </button>[39m
[31m+           </div>[39m
[31m+         </section>[39m
[31m+       ) : null}[39m
[31m+[39m
[31m+       <div className="react-shell-grid" data-nav-open={navOpen}>[39m
[31m+         <nav className="react-primary-nav" aria-label="一级导航">[39m
[31m+           {navigation.map((item) => ([39m
[31m+             <button[39m
[31m+               aria-current={item.current ? 'page' : undefined}[39m
[31m+               className="react-primary-nav__item"[39m
[31m+               data-current={item.current}[39m
[31m+               data-open-canon={item.id === 'canon' ? '' : undefined}[39m
[31m+               data-open-planning={item.id === 'planning' ? '' : undefined}[39m
[31m+               data-primary-navigation={item.id}[39m
[31m+               disabled={item.disabled}[39m
[31m+               key={item.id}[39m
[31m+               title={item.disabledReason ?? undefined}[39m
[31m+               type="button"[39m
[31m+               onClick={() => navigate(item.id)}[39m
[31m+             >[39m
[31m+               <strong>{item.label}</strong>[39m
[31m+               <span>{item.description}</span>[39m
[31m+             </button>[39m
[31m+           ))}[39m
[31m+         </nav>[39m
[31m+         {navOpen ? ([39m
[31m+           <button[39m
[31m+             aria-label="关闭一级导航"[39m
[31m+             className="react-nav-scrim"[39m
[31m+             type="button"[39m
[31m+             onClick={() => setNavOpen(false)}[39m
[31m+           />[39m
[31m+         ) : null}[39m
[31m+[39m
[31m+         <main className="react-main" ref={mainContent}>[39m
[31m+           {globalStatus ? ([39m
[31m+             <SafetyBanner[39m
[31m+               action={globalStatusAction}[39m
[31m+               diagnosticId={globalStatus.id === 'failure' ? (failure?.diagnosticId ?? null) : null}[39m
[31m+               kind={[39m
[31m+                 globalStatus.id === 'failure' || globalStatus.id === 'core'[39m
[31m+                   ? 'danger'[39m
[31m+                   : globalStatus.priority === 'P0' || globalStatus.priority === 'P2'[39m
[31m+                     ? 'warning'[39m
[31m+                     : 'info'[39m
[31m+               }[39m
[31m+               message={globalStatus.message}[39m
[31m+               title={[39m
[31m+                 globalStatus.id === 'failure'[39m
[31m+                   ? (failure?.title ?? '操作失败')[39m
[31m+                   : globalStatus.priority === 'P0'[39m
[31m+                     ? '保护状态'[39m
[31m+                     : '工作区状态'[39m
[31m+               }[39m
[31m+             />[39m
[31m+           ) : null}[39m
[31m+           {helpOpen ? ([39m
[31m+             <ContextHelp[39m
[31m+               disclosureMode={disclosureMode}[39m
[31m+               route={route}[39m
[31m+               seenTips={settings.onboardingTipsSeen}[39m
[31m+               onClose={() => {[39m
[31m+                 setHelpOpen(false);[39m
[31m+                 window.requestAnimationFrame(() => helpTrigger.current?.focus());[39m
[31m+               }}[39m
[31m+               onDismissTip={(tip) =>[39m
[31m+                 void saveSettings({[39m
[31m+                   onboardingTipsSeen: [...new Set([...settings.onboardingTipsSeen, tip])],[39m
[31m+                 })[39m
[31m+               }[39m
[31m+               onOpenOnboarding={() => {[39m
[31m+                 setHelpOpen(false);[39m
[31m+                 if (activeProject) {[39m
[31m+                   void saveSettings({ onboardingScaffoldDismissed: false });[39m
[31m+                   setMessage('已在首页重新显示项目引导建议。');[39m
[31m+                 } else {[39m
[31m+                   setOnboardingRequest((request) => request + 1);[39m
[31m+                 }[39m
[31m+                 navigate('home');[39m
[31m+               }}[39m
[31m+             />[39m
[31m+           ) : null}[39m
[31m+[39m
[31m+           {route === 'home' || route === 'project' ? ([39m
[31m+             <HomePage[39m
[31m+               activeProject={activeProject}[39m
[31m+               activeTaskCount={tasks.length}[39m
[31m+               continuation={continuation}[39m
[31m+               disclosureMode={disclosureMode}[39m
[31m+               healthSignals={healthSignals}[39m
[31m+               message={message}[39m
[31m+               onboardingRequest={onboardingRequest}[39m
[31m+               pendingKey={pendingKey}[39m
[31m+               projectCapabilities={capabilities.project}[39m
[31m+               providerAvailable={aiReadiness.status === 'ready'}[39m
[31m+               recentProjects={recentProjects}[39m
[31m+               settings={settings}[39m
[31m+               onCloseProject={(projectId) => void closeProject(projectId)}[39m
[31m+               onCreate={createFromOnboarding}[39m
[31m+               onContinue={() => {[39m
[31m+                 if (activeProject) {[39m
[31m+                   void transitionToRoute(continuationRoute(continuation));[39m
[31m+                   return;[39m
[31m+                 }[39m
[31m+                 const recent = [...recentProjects][39m
[31m+                   .filter((project) => project.missingSince === null)[39m
[31m+                   .sort([39m
[31m+                     (left, right) => Date.parse(right.lastOpenedAt) - Date.parse(left.lastOpenedAt),[39m
[31m+                   )[0];[39m
[31m+                 if (recent) void openRecent(recent.projectId);[39m
[31m+               }}[39m
[31m+               onMoveProject={(projectId) => void moveProject(projectId)}[39m
[31m+               onNavigate={navigate}[39m
[31m+               onOpenRecent={(projectId) => void openRecent(projectId)}[39m
[31m+               onOpenRecovery={() => void transitionToRoute('recovery')}[39m
[31m+               onOpenSelected={(recover) => void openSelected(recover)}[39m
[31m+               onRelocateRecent={(projectId) => void relocateRecent(projectId)}[39m
[31m+               onRemoveRecent={(projectId) => void removeRecent(projectId)}[39m
[31m+               onSaveSettings={saveSettings}[39m
[31m+             />[39m
[31m+           ) : null}[39m
[31m+[39m
[31m+           {route === 'settings' ? ([39m
[31m+             <SettingsPage[39m
[31m+               appearance={appearance}[39m
[31m+               bridge={bridge}[39m
[31m+               coreStatus={coreStatus}[39m
[31m+               disclosureMode={disclosureMode}[39m
[31m+               message={message}[39m
[31m+               pendingKey={pendingKey}[39m
[31m+               settings={settings}[39m
[31m+               aiReady={aiReadiness.status === 'ready'}[39m
[31m+               onProvidersChanged={applyProviders}[39m
[31m+               onProviderConnectionVerified={(result: ProviderConnectionTestResult) => {[39m
[31m+                 setVerifiedProviderIds((current) => new Set([...current, result.providerId]));[39m
[31m+               }}[39m
[31m+               onProviderInvalidated={(providerId) => {[39m
[31m+                 setVerifiedProviderIds((current) => {[39m
[31m+                   const next = new Set(current);[39m
[31m+                   next.delete(providerId);[39m
[31m+                   return next;[39m
[31m+                 });[39m
[31m+               }}[39m
[31m+               onClose={() => {[39m
[31m+                 const target = restoreAppShellRoute(settingsReturnRoute.current, {[39m
[31m+                   activeProjectId: activeProject?.projectId ?? null,[39m
[31m+                   disclosureMode,[39m
[31m+                 });[39m
[31m+                 void transitionToRoute(target).then((changed) => {[39m
[31m+                   if (changed) window.requestAnimationFrame(() => settingsTrigger.current?.focus());[39m
[31m+                 });[39m
[31m+               }}[39m
[31m+               onResetSettings={() => {[39m
[31m+                 void bridge.settings.reset().then((outcome) => {[39m
[31m+                   if (outcome.state === 'success') {[39m
[31m+                     confirmedSettings.current = outcome.data.settings;[39m
[31m+                     setSettings(outcome.data.settings);[39m
[31m+                     setMessage('已恢复默认设置。');[39m
[31m+                   } else setFailure(failureFromOutcome('恢复默认设置失败', outcome));[39m
[31m+                 });[39m
[31m+               }}[39m
[31m+               onRestartCore={() => void restartCore()}[39m
[31m+               onSaveAppearance={saveAppearance}[39m
[31m+               onSaveSettings={saveSettings}[39m
[31m+               onOpenOnboarding={() => {[39m
[31m+                 if (activeProject) {[39m
[31m+                   void saveSettings({ onboardingScaffoldDismissed: false });[39m
[31m+                   setMessage('已在首页重新显示项目引导建议。');[39m
[31m+                 } else {[39m
[31m+                   setOnboardingRequest((request) => request + 1);[39m
[31m+                 }[39m
[31m+                 navigate('home');[39m
[31m+               }}[39m
[31m+             />[39m
[31m+           ) : null}[39m
[31m+[39m
[31m+           {route === 'planning' && activeProject ? ([39m
[31m+             <PlanningWorkbench[39m
[31m+               bridge={bridge}[39m
[31m+               projectId={activeProject.projectId}[39m
[31m+               readOnly={activeProject.databaseMode === 'read-only'}[39m
[31m+               onClose={() => void transitionToRoute('writing')}[39m
[31m+               onReturn={() => void returnToAuthorSource()}[39m
[31m+             />[39m
[31m+           ) : null}[39m
[31m+[39m
[31m+           {route === 'canon' && activeProject ? ([39m
[31m+             <CanonWorkbench[39m
[31m+               bridge={bridge}[39m
[31m+               projectId={activeProject.projectId}[39m
[31m+               projectName={activeProject.name}[39m
[31m+               readOnly={activeProject.databaseMode === 'read-only'}[39m
[31m+               section={canonSection}[39m
[31m+               selectedEntityId={selection.entityId}[39m
[31m+               onSectionChange={setCanonSection}[39m
[31m+               onReturn={() => void returnToAuthorSource()}[39m
[31m+             />[39m
[31m+           ) : null}[39m
[31m+[39m
[31m+           {route === 'recovery' && activeProject ? ([39m
[31m+             <DataToolsWorkbench[39m
[31m+               bridge={bridge}[39m
[31m+               projectId={activeProject.projectId}[39m
[31m+               readOnly={activeProject.databaseMode === 'read-only'}[39m
[31m+               section={dataToolsSection}[39m
[31m+               onClose={() => void transitionToRoute('writing')}[39m
[31m+               onProjectRestored={refreshWorkspace}[39m
[31m+               onSectionChange={setDataToolsSection}[39m
[31m+             />[39m
[31m+           ) : null}[39m
[31m+[39m
[31m+           {isWritingRoute(route) && activeProject ? ([39m
[31m+             <WritingWorkbench[39m
[31m+               bridge={bridge}[39m
[31m+               disclosureMode={disclosureMode}[39m
[31m+               initialContinuation={continuation}[39m
[31m+               panel={writingPanel}[39m
[31m+               project={activeProject}[39m
[31m+               navigationChapterId={selection.chapterId}[39m
[31m+               navigationLogicalBlockId={selection.logicalBlockId}[39m
[31m+               navigationVersionId={selection.versionId}[39m
[31m+               navigationQuery={navigationQuery}[39m
[31m+               onNavigate={navigateToAuthorTarget}[39m
[3
[2m Test Files [22m [1m[31m3 failed[39m[22m[2m | [22m[1m[32m93 passed[39m[22m[90m (96)[39m
[2m      Tests [22m [1m[31m3 failed[39m[22m[2m | [22m[1m[32m631 passed[39m[22m[90m (634)[39m
[2m   Start at [22m 16:15:40
[2m   Duration [22m 12.58s[2m (transform 4.30s, setup 1.29s, import 14.98s, tests 4.95s, environment 12ms)[22m


::error file=/home/runner/work/666/666/tests/unit/app-shell-capability-actions.test.ts,title=tests/unit/app-shell-capability-actions.test.ts > application shell capability actions > uses the shared capability matrix for navigation and project actions,line=13,column=19::AssertionError: expected 'import { useCallback, useEffect, useM…' to contain 'availability,\n      disclosureMode'%0A%0A- Expected%0A+ Received%0A%0A- availability,%0A-       disclosureMode%0A+ import { useCallback, useEffect, useMemo, useRef, useState } from 'react';%0A+%0A+ import {%0A+   DEFAULT_APPEARANCE_PREFERENCES,%0A+   DEFAULT_APP_SETTINGS,%0A+   type AppSettings,%0A+   type AppSettingsUpdate,%0A+   type AppearancePreferences,%0A+   type CoreStatus,%0A+   type ProjectCreateInput,%0A+   type ProjectContinuationSnapshot,%0A+   type ProjectWorkspaceSummary,%0A+   type ProviderConnectionTestResult,%0A+   type ProviderSummary,%0A+   type RecentProject,%0A+   type TaskSnapshot,%0A+ } from '@worldforge/contracts';%0A+%0A+ import type { RendererBridgeAdapter } from '../bridge/renderer-bridge-adapter.js';%0A+ import type { BridgeRequestOutcome } from '../bridge/request-lifecycle.js';%0A+ import { ContextHelp } from '../components/context-help.js';%0A+ import { SafetyBanner } from '../components/safety-banner.js';%0A+ import { TaskBar } from '../components/task-bar.js';%0A+ import { CanonWorkbench, type CanonSection } from '../features/canon/canon-workbench.js';%0A+ import { ChecksWorkbench } from '../features/checks/checks-workbench.js';%0A+ import {%0A+   DataToolsWorkbench,%0A+   type DataToolsSection,%0A+ } from '../features/data-tools/data-tools-workbench.js';%0A+ import { HomePage, type OnboardingProjectPlan } from '../features/home/home-page.js';%0A+ import { PlanningWorkbench } from '../features/planning/planning-workbench.js';%0A+ import { SettingsPage } from '../features/settings/settings-page.js';%0A+ import { WritingWorkbench, type WritingPanel } from '../features/writing/writing-workbench.js';%0A+ import {%0A+   createPrimaryNavigationItems,%0A+   resolvePrimaryNavigationIntent,%0A+   restoreAppShellRoute,%0A+   type AppDisclosureMode,%0A+   type PrimaryNavigationId,%0A+ } from '../shell/app-shell-model.js';%0A+ import {%0A+   resolveAuthorNavigationTarget,%0A+   type AuthorNavigationTarget,%0A+ } from '../shell/navigation-target.js';%0A+ import type { HomeHealthSignal } from '../shell/home-dashboard-model.js';%0A+ import { resolveAiReadiness } from '../runtime/ai-readiness.js';%0A+ import { deriveCapabilityMatrix } from '../runtime/capability-matrix.js';%0A+ import { flushRegisteredDraft } from '../runtime/draft-flush-registry.js';%0A+ import { RendererStatusArbitrator } from '../runtime/status-arbitrator.js';%0A+ import {%0A+   EMPTY_WORKSPACE_ATTENTION,%0A+   loadWorkspaceAttention,%0A+   type WorkspaceAttention,%0A+ } from '../runtime/workspace-attention.js';%0A+ import type { RendererReturnLocation, RendererRouteId } from '../state/ui-state-boundary.js';%0A+ import { useRendererUiStore } from '../state/ui-store.js';%0A+%0A+ import { authorErrorSummary } from '../presentation/author-error-message.js';%0A+ export interface AppShellProps {%0A+   readonly bridge: RendererBridgeAdapter;%0A+   readonly legacySurface?: unknown;%0A+ }%0A+%0A+ export function AppShell({ bridge }: AppShellProps) {%0A+   const route = useRendererUiStore((state) => state.route);%0A+   const selection = useRendererUiStore((state) => state.selection);%0A+   const filters = useRendererUiStore((state) => state.filters);%0A+   const returnLocation = useRendererUiStore((state) => state.returnLocation);%0A+   const navigationQuery = useRendererUiStore((state) => state.filters['navigation.query'] ?? null);%0A+   const foregroundTaskId = useRendererUiStore((state) => state.foregroundRequestKey);%0A+   const dispatch = useRendererUiStore((state) => state.dispatch);%0A+   const [navOpen, setNavOpen] = useState(false);%0A+   const navToggle = useRef<HTMLButtonElement>(null);%0A+   const settingsTrigger = useRef<HTMLButtonElement>(null);%0A+   const settingsReturnRoute = useRef<RendererRouteId>('home');%0A+   const helpTrigger = useRef<HTMLButtonElement>(null);%0A+   const mainContent = useRef<HTMLElement>(null);%0A+   const initialWorkspaceResolved = useRef(false);%0A+   const workspaceAttentionGeneration = useRef(0);%0A+   const settingsWriteQueue = useRef<Promise<void>>(Promise.resolve());%0A+   const confirmedSettings = useRef<AppSettings>(DEFAULT_APP_SETTINGS);%0A+   const [activeProject, setActiveProject] = useState<ProjectWorkspaceSummary | null>(null);%0A+   const [continuation, setContinuation] = useState<ProjectContinuationSnapshot | null>(null);%0A+   const [recentProjects, setRecentProjects] = useState<readonly RecentProject[]>([]);%0A+   const [settings, setSettings] = useState<AppSettings>(DEFAULT_APP_SETTINGS);%0A+   const [appearance, setAppearance] = useState<AppearancePreferences>(%0A+     DEFAULT_APPEARANCE_PREFERENCES,%0A+   );%0A+   const [coreStatus, setCoreStatus] = useState<CoreStatus | null>(null);%0A+   const [tasks, setTasks] = useState<readonly TaskSnapshot[]>([]);%0A+   const [providers, setProviders] = useState<readonly ProviderSummary[]>([]);%0A+   const [verifiedProviderIds, setVerifiedProviderIds] = useState<ReadonlySet<string>>(%0A+     () => new Set(),%0A+   );%0A+   const [workspaceAttention, setWorkspaceAttention] =%0A+     useState<WorkspaceAttention>(EMPTY_WORKSPACE_ATTENTION);%0A+   const [onboardingRequest, setOnboardingRequest] = useState(0);%0A+   const [helpOpen, setHelpOpen] = useState(false);%0A+   const [pendingKey, setPendingKey] = useState<string | null>(null);%0A+   const [hydrated, setHydrated] = useState(false);%0A+   const [message, setMessage] = useState<string | null>('正在读取本地工作区…');%0A+   const [failure, setFailure] = useState<FailureView | null>(null);%0A+   const [canonSection, setCanonSection] = useState<CanonSection>('entities');%0A+   const [dataToolsSection, setDataToolsSection] = useState<DataToolsSection>('recovery');%0A+%0A+   useEffect(() => {%0A+     const onUnexpectedRendererError = (): void => {%0A+       setFailure({%0A+         title: '界面操作发生意外错误',%0A+         message: '系统已经阻止异常继续扩散，当前作品内容保持不变。请重新执行刚才的操作。',%0A+         retryable: true,%0A+         diagnosticId: null,%0A+       });%0A+       setMessage(null);%0A+     };%0A+     window.addEventListener('worldforge:unexpected-renderer-error', onUnexpectedRendererError);%0A+     return () =>%0A+       window.removeEventListener('worldforge:unexpected-renderer-error', onUnexpectedRendererError);%0A+   }, []);%0A+%0A+   const disclosureMode: AppDisclosureMode = settings.defaultMode;%0A+   const writingPanel: WritingPanel =%0A+     route === 'versions' ? 'versions' : route === 'candidates' ? 'candidates' : 'editor';%0A+   const aiReadiness = useMemo(%0A+     () => resolveAiReadiness(providers, verifiedProviderIds),%0A+     [providers, verifiedProviderIds],%0A+   );%0A+   const capabilities = useMemo(%0A+     () =>%0A+       deriveCapabilityMatrix({%0A+         hydrated,%0A+         coreStatus,%0A+         project: activeProject,%0A+         providerCount: providers.length,%0A+         verifiedProviderCount: verifiedProviderIds.size,%0A+       }),%0A+     [activeProject, coreStatus, hydrated, providers.length, verifiedProviderIds],%0A+   );%0A+%0A+   const applyProviders = useCallback((nextProviders: readonly ProviderSummary[]): void => {%0A+     setProviders(nextProviders);%0A+     const currentIds = new Set(nextProviders.map((provider) => provider.id));%0A+     setVerifiedProviderIds(%0A+       (current) => new Set([...current].filter((providerId) => currentIds.has(providerId))),%0A+     );%0A+   }, []);%0A+%0A+   const refreshTasks = useCallback(async (): Promise<void> => {%0A+     const outcome = await bridge.task.listActive(undefined, { mode: 'replace' });%0A+     if (outcome.state === 'success') setTasks(outcome.data.tasks);%0A+   }, [bridge]);%0A+%0A+   const refreshWorkspace = useCallback(async (): Promise<void> => {%0A+     const [core, applicationSettings, windowPreferences, project, recent, activeTasks, providers] =%0A+       await Promise.all([%0A+         bridge.app.getCoreStatus({ mode: 'replace' }),%0A+         bridge.settings.get({ mode: 'replace' }),%0A+         bridge.app.getWindowPreferences({ mode: 'replace' }),%0A+         bridge.project.getActive({ mode: 'replace' }),%0A+         bridge.project.listRecent({ mode: 'replace' }),%0A+         bridge.task.listActive(undefined, { mode: 'replace' }),%0A+         bridge.providers.list({ mode: 'replace' }),%0A+       ]);%0A+%0A+     let nextFailure: FailureView | null = null;%0A+     if (core.state === 'success') setCoreStatus(core.data);%0A+     else nextFailure = failureFromOutcome('本地服务状态读取失败', core);%0A+%0A+     const resolvedSettings =%0A+       applicationSettings.state === 'success'%0A+         ? applicationSettings.data.settings%0A+         : DEFAULT_APP_SETTINGS;%0A+     if (applicationSettings.state === 'success') {%0A+       confirmedSettings.current = resolvedSettings;%0A+       setSettings(resolvedSettings);%0A+     } else nextFailure ??= failureFromOutcome('应用设置读取失败', applicationSettings);%0A+%0A+     if (windowPreferences.state === 'success') {%0A+       setAppearance({%0A+         workspaceAlignment: windowPreferences.data.workspaceAlignment,%0A+         uiScalePercent: windowPreferences.data.uiScalePercent,%0A+         bodyFontSize: windowPreferences.data.bodyFontSize,%0A+         contentWidth: windowPreferences.data.contentWidth,%0A+       });%0A+     } else nextFailure ??= failureFromOutcome('显示设置读取失败', windowPreferences);%0A+%0A+     if (recent.state === 'success') setRecentProjects(recent.data.projects);%0A+     else nextFailure ??= failureFromOutcome('最近作品读取失败', recent);%0A+%0A+     let resolvedProject: ProjectWorkspaceSummary | null = null;%0A+     if (project.state === 'success') resolvedProject = project.data;%0A+     else nextFailure ??= failureFromOutcome('项目状态读取失败', project);%0A+%0A+     const initialResolution = !initialWorkspaceResolved.current;%0A+     if (%0A+       initialResolution &&%0A+       project.state === 'success' &&%0A+       !resolvedProject &&%0A+       resolvedSettings.startupBehavior === 'reopen-last' &&%0A+       recent.state === 'success'%0A+     ) {%0A+       const candidate = recent.data.projects.find((entry) => entry.missingSince === null);%0A+       if (candidate) {%0A+         const reopened = await bridge.project.openRecent(candidate.projectId, { mode: 'replace' });%0A+         if (reopened.state === 'success') {%0A+           resolvedProject = reopened.data;%0A+         } else if (reopened.state === 'failure') {%0A+           nextFailure ??= failureFromOutcome('最近作品自动打开失败', reopened);%0A+         }%0A+       }%0A+     }%0A+%0A+     setActiveProject(resolvedProject);%0A+     let nextContinuation: ProjectContinuationSnapshot | null = null;%0A+     if (resolvedProject) {%0A+       const continuationOutcome = await bridge.project.getContinuation(resolvedProject.projectId, {%0A+         mode: 'replace',%0A+       });%0A+       if (continuationOutcome.state === 'success') {%0A+         nextContinuation = continuationOutcome.data;%0A+       } else if (continuationOutcome.state === 'failure') {%0A+         nextFailure ??= failureFromOutcome('上次写作位置读取失败', continuationOutcome);%0A+       }%0A+     }%0A+     setContinuation(nextContinuation);%0A+%0A+     if (initialResolution) {%0A+       initialWorkspaceResolved.current = true;%0A+       const restoredRoute = resolvedProject ? continuationRoute(nextContinuation) : 'home';%0A+       dispatch({%0A+         type: 'navigate',%0A+         route: restoreAppShellRoute(restoredRoute, {%0A+           activeProjectId: resolvedProject?.projectId ?? null,%0A+           disclosureMode: resolvedSettings.defaultMode,%0A+         }),%0A+       });%0A+     }%0A+%0A+     if (activeTasks.state === 'success') setTasks(activeTasks.data.tasks);%0A+     if (providers.state === 'success') applyProviders(providers.data.providers);%0A+     setFailure(nextFailure);%0A+     setMessage(null);%0A+     setHydrated(true);%0A+   }, [applyProviders, bridge, dispatch]);%0A+%0A+   useEffect(() => {%0A+     void refreshWorkspace();%0A+   }, [refreshWorkspace]);%0A+%0A+   useEffect(() => {%0A+     if (hydrated) document.body.dataset.rendererReady = 'true';%0A+   }, [hydrated]);%0A+%0A+   useEffect(() => {%0A+     const unsubscribe = bridge.task.subscribe(() => void refreshTasks());%0A+     return unsubscribe;%0A+   }, [bridge, refreshTasks]);%0A+%0A+   const refreshWorkspaceAttention = useCallback(async (): Promise<void> => {%0A+     const generation = workspaceAttentionGeneration.current + 1;%0A+     workspaceAttentionGeneration.current = generation;%0A+     const projectId = activeProject?.projectId ?? null;%0A+     if (!projectId) {%0A+       setWorkspaceAttention(EMPTY_WORKSPACE_ATTENTION);%0A+       return;%0A+     }%0A+     const next = await loadWorkspaceAttention(bridge, projectId);%0A+     if (%0A+       workspaceAttentionGeneration.current === generation &&%0A+       activeProject?.projectId === projectId%0A+     ) {%0A+       setWorkspaceAttention(next);%0A+     }%0A+   }, [activeProject, bridge]);%0A+%0A+   useEffect(() => {%0A+     void refreshWorkspaceAttention();%0A+     return () => {%0A+       workspaceAttentionGeneration.current += 1;%0A+     };%0A+   }, [refreshWorkspaceAttention, route, tasks]);%0A+%0A+   useEffect(() => {%0A+     document.body.dataset.theme = settings.themeId;%0A+     document.body.dataset.visualThemeVariant = settings.themeVariant;%0A+     document.body.dataset.motionPreference = settings.reduceMotion ? 'reduced' : 'full';%0A+     document.body.dataset.authorMode = settings.defaultMode;%0A+     document.body.dataset.projectState = activeProject%0A+       ? activeProject.databaseMode === 'read-only'%0A+         ? 'read-only'%0A+         : 'open'%0A+       : 'closed';%0A+     document.documentElement.style.setProperty(%0A+       '--ui-scale',%0A+       String(appearance.uiScalePercent / 100),%0A+     );%0A+     document.documentElement.style.setProperty('--body-font-size', `${appearance.bodyFontSize}px`);%0A+     document.documentElement.style.setProperty(%0A+       '--content-width',%0A+       `${contentWidthPixels(appearance.contentWidth, window.innerWidth)}px`,%0A+     );%0A+     document.body.dataset.workspaceAlignment = appearance.workspaceAlignment;%0A+   }, [activeProject, appearance, settings]);%0A+%0A+   useEffect(() => {%0A+     const onKeyDown = (event: KeyboardEvent): void => {%0A+       if (event.key === 'Escape' && navOpen) {%0A+         setNavOpen(false);%0A+         navToggle.current?.focus();%0A+       }%0A+     };%0A+     window.addEventListener('keydown', onKeyDown);%0A+     return () => window.removeEventListener('keydown', onKeyDown);%0A+   }, [navOpen]);%0A+%0A+   useEffect(() => {%0A+     dispatch({%0A+       type: 'select',%0A+       selection: { projectId: activeProject?.projectId ?? null },%0A+     });%0A+   }, [activeProject, dispatch]);%0A+%0A+   const availability = capabilities.navigation;%0A+%0A+   const navigation = createPrimaryNavigationItems({%0A+     activeProjectId: activeProject?.projectId ?? null,%0A+     currentRoute: route,%0A+     disclosureMode,%0A+     availability,%0A+   });%0A+%0A+   const flushWriting = useCallback(async (): Promise<boolean> => {%0A+     return flushRegisteredDraft();%0A+   }, []);%0A+%0A+   const transitionToRoute = useCallback(%0A+     async (nextRoute: RendererRouteId): Promise<boolean> => {%0A+       if (route === nextRoute) return true;%0A+       if (isWritingRoute(route) && !(await flushWriting())) {%0A+         setMessage('自动保存失败，已阻止离开当前写作会话。');%0A+         return false;%0A+       }%0A+       setFailure(null);%0A+       setMessage(null);%0A+       dispatch({ type: 'navigate', route: nextRoute });%0A+       return true;%0A+     },%0A+     [dispatch, flushWriting, route],%0A+   );%0A+%0A+   const navigate = useCallback(%0A+     (navigationId: PrimaryNavigationId): void => {%0A+       const resolution = resolvePrimaryNavigationIntent(navigationId, {%0A+         activeProjectId: activeProject?.projectId ?? null,%0A+         currentRoute: route,%0A+         disclosureMode,%0A+         availability,%0A+       });%0A+       if (!resolution.accepted) {%0A+         setMessage(resolution.reason);%0A+         return;%0A+       }%0A+       setNavOpen(false);%0A+       if (resolution.route === 'settings' && route !== 'settings') {%0A+         settingsReturnRoute.current = route;%0A+       }%0A+       void transitionToRoute(resolution.route).then((changed) => {%0A+         if (changed && navigationId === 'home') void refreshWorkspace();%0A+       });%0A+     },%0A+     [activeProject, availability, disclosureMode, refreshWorkspace, route, transitionToRoute],%0A+   );%0A+%0A+   const navigateToAuthorTarget = useCallback(%0A+     (target: AuthorNavigationTarget): void => {%0A+       const resolution = resolveAuthorNavigationTarget(target);%0A+       void (async () => {%0A+         if (route !== resolution.route && isWritingRoute(route) && !(await flushWriting())) {%0A+           setMessage('自动保存失败，已阻止离开当前写作会话。');%0A+           return;%0A+         }%0A+         setFailure(null);%0A+         setMessage(null);%0A+         const sourceLocation: RendererReturnLocation = {%0A+           route,%0A+           selection: { ...selection },%0A+           filters: { ...filters },%0A+           scrollTop: Math.max(0, Math.round(mainContent.current?.scrollTop ?? 0)),%0A+           focusKey: authorReturnFocusKey(document.activeElement),%0A+         };%0A+         if (target.type === 'entity') setCanonSection('entities');%0A+         dispatch({ type: 'select', selection: resolution.selection });%0A+         for (const [key, value] of Object.entries(resolution.filters)) {%0A+           dispatch({ type: 'set-filter', key, value });%0A+         }%0A+         dispatch({%0A+           type: 'navigate',%0A+           route: resolution.route,%0A+           returnLocation: sourceLocation,%0A+         });%0A+       })();%0A+     },%0A+     [dispatch, filters, flushWriting, route, selection],%0A+   );%0A+%0A+   const returnToAuthorSource = useCallback(async (): Promise<void> => {%0A+     if (!returnLocation) return;%0A+     if (isWritingRoute(route) && !(await flushWriting())) {%0A+       setMessage('自动保存失败，已阻止返回来源页面。');%0A+       return;%0A+     }%0A+     const location = returnLocation;%0A+     dispatch({ type: 'return-to-source' });%0A+     window.requestAnimationFrame(() => {%0A+       window.requestAnimationFrame(() => {%0A+         if (mainContent.current) mainContent.current.scrollTop = location.scrollTop;%0A+         focusAuthorReturnTarget(location.focusKey);%0A+       });%0A+     });%0A+   }, [dispatch, flushWriting, returnLocation, route]);%0A+%0A+   const projectChanged = useCallback(%0A+     async (%0A+       project: ProjectWorkspaceSummary | null,%0A+       resultMessage: string,%0A+     ): Promise<ProjectContinuationSnapshot | null> => {%0A+       setActiveProject(project);%0A+       let nextContinuation: ProjectContinuationSnapshot | null = null;%0A+       if (project) {%0A+         const outcome = await bridge.project.getContinuation(project.projectId, {%0A+           mode: 'replace',%0A+         });%0A+         if (outcome.state === 'success') nextContinuation = outcome.data;%0A+       }%0A+       setContinuation(nextContinuation);%0A+       const recent = await bridge.project.listRecent({ mode: 'replace' });%0A+       if (recent.state === 'success') setRecentProjects(recent.data.projects);%0A+       setMessage(resultMessage);%0A+       return nextContinuation;%0A+     },%0A+     [bridge],%0A+   );%0A+%0A+   const healthSignals = useMemo<readonly HomeHealthSignal[]>(() => {%0A+     const signals: HomeHealthSignal[] = [];%0A+     if (coreStatus && coreStatus.status !== 'healthy') {%0A+       signals.push({%0A+         id: 'core-health',%0A+         severity: 'data-risk',%0A+         title: '本地服务需要处理',%0A+         message: `当前状态：${coreStatus.status}。写入保持阻断，直到本地服务恢复正常。`,%0A+         intent: 'settings',%0A+       });%0A+     }%0A+     if (activeProject?.databaseMode === 'read-only') {%0A+       signals.push({%0A+         id: 'project-readonly',%0A+         severity: 'data-risk',%0A+         title: '作品处于只读保护',%0A+         message: `原因：${activeProject.readOnlyReason ?? '兼容性保护'}。可以浏览并安全导出。`,%0A+         intent: 'recovery',%0A+       });%0A+     }%0A+     const missingCount = recentProjects.filter((project) => project.missingSince !== null).length;%0A+     if (missingCount > 0) {%0A+       signals.push({%0A+         id: 'recent-missing',%0A+         severity: 'high',%0A+         title: `${missingCount}个最近作品路径失效`,%0A+         message: '重新定位后即可恢复入口，作品文件不会被删除。',%0A+         intent: 'recovery',%0A+       });%0A+     }%0A+     return signals;%0A+   }, [activeProject, coreStatus, recentProjects]);%0A+%0A+   const globalStatus = useMemo(() => {%0A+     const arbitrator = new RendererStatusArbitrator();%0A+     if (failure) {%0A+       arbitrator.publish({%0A+         id: 'failure',%0A+         priority: 'P0',%0A+         message: failure.message,%0A+         persistence: 'sticky',%0A+         createdAt: 5,%0A+       });%0A+     }%0A+     if (coreStatus && coreStatus.status !== 'healthy') {%0A+       arbitrator.publish({%0A+         id: 'core',%0A+         priority: 'P0',%0A+         message: `本地服务当前为${coreStatus.status}状态，写入保持阻断。`,%0A+         persistence: 'sticky',%0A+         createdAt: 4,%0A+       });%0A+     }%0A+     if (activeProject?.databaseMode === 'read-only') {%0A+       arbitrator.publish({%0A+         id: 'read-only',%0A+         priority: 'P0',%0A+         message: `作品处于只读保护：${activeProject.readOnlyReason ?? '兼容性保护'}。`,%0A+         persistence: 'sticky',%0A+         createdAt: 3,%0A+       });%0A+     }%0A+     if (tasks.length > 0) {%0A+       arbitrator.publish({%0A+         id: 'tasks',%0A+         priority: 'P1',%0A+         message: `${tasks.length}个后台任务正在运行，可在底部任务栏查看真实阶段或取消。`,%0A+         persistence: 'transient',%0A+         createdAt: 70,%0A+       });%0A+     }%0A+     if (workspaceAttention.searchStatus === 'rebuilding') {%0A+       arbitrator.publish({%0A+         id: 'search-rebuilding',%0A+         priority: 'P1',%0A+         message: '全文索引正在重建；写作保持可用，搜索结果将在完成后恢复完整。',%0A+         persistence: 'transient',%0A+         createdAt: 69,%0A+       });%0A+     }%0A+     if (workspaceAttention.partialCandidateCount > 0) {%0A+       arbitrator.publish({%0A+         id: 'candidate-partial',%0A+         priority: 'P2',%0A+         message: `当前章节有${workspaceAttention.partialCandidateCount}份未完成建议稿待处理，不能直接定稿。`,%0A+         persistence: 'sticky',%0A+         createdAt: 60,%0A+       });%0A+     } else if (workspaceAttention.pendingCandidateCount > 0) {%0A+       arbitrator.publish({%0A+         id: 'candidate-pending',%0A+         priority: 'P2',%0A+         message: `当前章节有${workspaceAttention.pendingCandidateCount}份建议稿待作者审阅。`,%0A+         persistence: 'sticky',%0A+         createdAt: 59,%0A+       });%0A+     }%0A+     if (workspaceAttention.pendingProposalCount > 0) {%0A+       arbitrator.publish({%0A+         id: 'proposal-pending',%0A+         priority: 'P2',%0A+         message: `有${workspaceAttention.pendingProposalCount}条设定更新建议等待作者裁决；尚未写入权威状态。`,%0A+         persistence: 'sticky',%0A+         createdAt: 58,%0A+       });%0A+     }%0A+     if (workspaceAttention.openValidationCount > 0) {%0A+       arbitrator.publish({%0A+         id: 'validation-open',%0A+         priority: 'P2',%0A+         message: workspaceAttention.highValidationCount%0A+           ? `有${workspaceAttention.openValidationCount}项检查问题待处理，其中${workspaceAttention.highValidationCount}项为高优先级。`%0A+           : `有${workspaceAttention.openValidationCount}项检查问题待处理。`,%0A+         persistence: 'sticky',%0A+         createdAt: 57,%0A+       });%0A+     }%0A+     if (workspaceAttention.backupFailureCount > 0) {%0A+       arbitrator.publish({%0A+         id: 'backup-failed',%0A+         priority: 'P2',%0A+         message: `有${workspaceAttention.backupFailureCount}次备份失败尚未由后续成功备份解除。`,%0A+         persistence: 'sticky',%0A+         createdAt: 57,%0A+       });%0A+     }%0A+     if (workspaceAttention.searchFailedCount > 0) {%0A+       arbitrator.publish({%0A+         id: 'search-failed',%0A+         priority: 'P2',%0A+         message: `全文索引有${workspaceAttention.searchFailedCount}项失败；权威数据未受影响，可重建索引。`,%0A+         persistence: 'sticky',%0A+         createdAt: 56,%0A+       });%0A+     } else if (workspaceAttention.searchStatus === 'stale') {%0A+       arbitrator.publish({%0A+         id: 'search-stale',%0A+         priority: 'P2',%0A+         message: '全文索引已过期；搜索可降级读取权威数据，建议重建索引。',%0A+         persistence: 'sticky',%0A+         createdAt: 55,%0A+       });%0A+     }%0A+     if (settings.creativePath === 'ai-first' && aiReadiness.status !== 'ready') {%0A+       arbitrator.publish({%0A+         id: 'ai-readiness',%0A+         priority: 'P2',%0A+         message: aiReadiness.message,%0A+         persistence: 'sticky',%0A+         createdAt: 54,%0A+       });%0A+     }%0A+     if (workspaceAttention.unavailableSources.length > 0) {%0A+       arbitrator.publish({%0A+         id: 'attention-unavailable',%0A+         priority: 'P3',%0A+         message: '部分工作区状态暂不可读取；未将失败查询误报为空状态。',%0A+         persistence: 'transient',%0A+         createdAt: 10,%0A+       });%0A+     }%0A+     const missing = recentProjects.filter((project) => project.missingSince !== null).length;%0A+     if (missing > 0) {%0A+       arbitrator.publish({%0A+         id: 'missing',%0A+         priority: 'P2',%0A+         message: `${missing}个最近作品路径失效，可重新定位恢复入口。`,%0A+         persistence: 'sticky',%0A+         createdAt: 53,%0A+       });%0A+     }%0A+     if (message) {%0A+       arbitrator.publish({%0A+         id: 'operation',%0A+         priority: 'P3',%0A+         message,%0A+         persistence: 'transient',%0A+         createdAt: 0,%0A+       });%0A+     }%0A+     return arbitrator.current();%0A+   }, [%0A+     activeProject,%0A+     aiReadiness,%0A+     coreStatus,%0A+     failure,%0A+     message,%0A+     recentProjects,%0A+     settings.creativePath,%0A+     tasks,%0A+     workspaceAttention,%0A+   ]);%0A+%0A+   const globalStatusAction = useMemo(() => {%0A+     if (!globalStatus) return undefined;%0A+     if (globalStatus.id === 'failure' && failure?.retryable) {%0A+       return { label: '重新读取', run: () => void refreshWorkspace() };%0A+     }%0A+     if (globalStatus.id === 'read-only') {%0A+       return { label: '恢复与导出', run: () => void transitionToRoute('recovery') };%0A+     }%0A+     if (globalStatus.id === 'missing') {%0A+       return { label: '查看最近作品', run: () => navigate('home') };%0A+     }%0A+     if (globalStatus.id === 'candidate-partial' || globalStatus.id === 'candidate-pending') {%0A+       return { label: '审阅建议稿', run: () => void transitionToRoute('candidates') };%0A+     }%0A+     if (globalStatus.id === 'proposal-pending') {%0A+       return {%0A+         label: '处理设定更新建议',%0A+         run: () => {%0A+           setCanonSection('continuity');%0A+           void transitionToRoute('canon');%0A+         },%0A+       };%0A+     }%0A+     if (%0A+       globalStatus.id === 'validation-open' ||%0A+       globalStatus.id === 'search-failed' ||%0A+       globalStatus.id === 'search-stale' ||%0A+       globalStatus.id === 'backup-failed'%0A+     ) {%0A+       return globalStatus.id === 'backup-failed'%0A+         ? { label: '打开恢复中心', run: () => void transitionToRoute('recovery') }%0A+         : { label: '打开检查', run: () => void transitionToRoute('checks') };%0A+     }%0A+     if (globalStatus.id === 'ai-readiness') {%0A+       return { label: '检查AI连接', run: () => navigate('settings') };%0A+     }%0A+     return undefined;%0A+   }, [failure, globalStatus, navigate, refreshWorkspace, transitionToRoute]);%0A+%0A+   const createProject = async (input: ProjectCreateInput): Promise<boolean> => {%0A+     setPendingKey('project.create');%0A+     setMessage('请选择保存位置…');%0A+     const outcome = await bridge.project.create(input);%0A+     setPendingKey(null);%0A+     if (isCancelledOutcome(outcome)) {%0A+       setMessage('已取消创建项目。');%0A+       return false;%0A+     }%0A+     if (outcome.state !== 'success') {%0A+       setFailure(failureFromOutcome('作品创建失败', outcome));%0A+       setMessage(null);%0A+       return false;%0A+     }%0A+     await projectChanged(outcome.data, '项目已创建，路径和数据库完整性校验通过。');%0A+     dispatch({ type: 'navigate', route: 'writing' });%0A+     return true;%0A+   };%0A+%0A+   const openSelected = async (recover: boolean): Promise<void> => {%0A+     setPendingKey('project.openSelected');%0A+     setMessage('请选择作品目录…');%0A+     const outcome = await bridge.project.openSelected();%0A+     setPendingKey(null);%0A+     if (isCancelledOutcome(outcome)) {%0A+       setMessage('已取消打开项目。');%0A+       return;%0A+     }%0A+     if (outcome.state !== 'success') {%0A+       setFailure(failureFromOutcome('作品打开失败', outcome));%0A+       setMessage(null);%0A+       return;%0A+     }%0A+     const nextContinuation = await projectChanged(outcome.data, '项目已安全打开。');%0A+     dispatch({%0A+       type: 'navigate',%0A+       route: recover ? 'recovery' : continuationRoute(nextContinuation),%0A+     });%0A+   };%0A+%0A+   const openRecent = async (projectId: string): Promise<void> => {%0A+     setPendingKey(`project.openRecent:${projectId}`);%0A+     const outcome = await bridge.project.openRecent(projectId);%0A+     setPendingKey(null);%0A+     if (outcome.state !== 'success') {%0A+       setFailure(failureFromOutcome('最近作品打开失败', outcome));%0A+       return;%0A+     }%0A+     const nextContinuation = await projectChanged(outcome.data, '最近作品已安全打开。');%0A+     dispatch({ type: 'navigate', route: continuationRoute(nextContinuation) });%0A+   };%0A+%0A+   const closeProject = async (projectId: string): Promise<void> => {%0A+     if (!(await flushWriting())) {%0A+       setMessage('自动保存失败，已阻止关闭项目。');%0A+       return;%0A+     }%0A+     setPendingKey(`project.close:${projectId}`);%0A+     try {%0A+       const outcome = await bridge.project.close(projectId);%0A+       if (outcome.state !== 'success') {%0A+         setFailure(failureFromOutcome('作品关闭失败', outcome));%0A+         return;%0A+       }%0A+       await projectChanged(null, '项目已安全关闭。');%0A+       dispatch({ type: 'reset-project-context' });%0A+       dispatch({ type: 'navigate', route: 'home' });%0A+     } finally {%0A+       setPendingKey(null);%0A+     }%0A+   };%0A+%0A+   const moveProject = async (projectId: string): Promise<void> => {%0A+     if (!(await flushWriting())) {%0A+       setMessage('自动保存失败，已阻止移动项目。');%0A+       return;%0A+     }%0A+     setPendingKey(`project.move:${projectId}`);%0A+     setMessage('请选择新位置；本地服务将复制、校验后再切换。');%0A+     const outcome = await bridge.project.move(projectId);%0A+     setPendingKey(null);%0A+     if (isCancelledOutcome(outcome)) {%0A+       setMessage('已取消移动。');%0A+       return;%0A+     }%0A+     if (outcome.state !== 'success') {%0A+       setFailure(failureFromOutcome('作品移动失败，原项目保持可用', outcome));%0A+       return;%0A+     }%0A+     await projectChanged(%0A+       outcome.data,%0A+       outcome.data.sourceRetained%0A+         ? '移动已完成；原位置未能清理，请确认后手动处理。'%0A+         : '移动已完成，哈希与数据库完整性校验通过。',%0A+     );%0A+   };%0A+%0A+   const relocateRecent = async (projectId: string): Promise<void> => {%0A+     setPendingKey(`project.relocateRecent:${projectId}`);%0A+     const outcome = await bridge.project.relocateRecent(projectId);%0A+     setPendingKey(null);%0A+     if (isCancelledOutcome(outcome)) return;%0A+     if (outcome.state !== 'success') {%0A+       setFailure(failureFromOutcome('作品重新定位失败', outcome));%0A+       return;%0A+     }%0A+     await refreshWorkspace();%0A+     setMessage('作品路径已重新定位。');%0A+   };%0A+%0A+   const removeRecent = async (projectId: string): Promise<void> => {%0A+     setPendingKey(`project.removeRecent:${projectId}`);%0A+     const outcome = await bridge.project.removeRecent(projectId);%0A+     setPendingKey(null);%0A+     if (outcome.state !== 'success') {%0A+       setFailure(failureFromOutcome('最近作品记录移除失败', outcome));%0A+       return;%0A+     }%0A+     setRecentProjects((projects) => projects.filter((project) => project.projectId !== projectId));%0A+     setMessage('最近作品记录已移除，作品文件保持不变。');%0A+   };%0A+%0A+   const saveSettings = (update: AppSettingsUpdate): Promise<boolean> => {%0A+     if (update.creativePath === 'ai-first' && aiReadiness.status !== 'ready') {%0A+       setMessage('AI优先需要先在本次会话完成真实连接测试；离线创作功能保持可用。');%0A+       return Promise.resolve(false);%0A+     }%0A+     const write = settingsWriteQueue.current.then(async () => {%0A+       setPendingKey('settings.set');%0A+       try {%0A+         const current = confirmedSettings.current;%0A+         const outcome = await bridge.settings.set({%0A+           language: update.language ?? current.language,%0A+           startupBehavior: update.startupBehavior ?? current.startupBehavior,%0A+           defaultMode: update.defaultMode ?? current.defaultMode,%0A+           creativePath: update.creativePath ?? current.creativePath,%0A+           onboardingCompleted: update.onboardingCompleted ?? current.onboardingCompleted,%0A+           onboardingTipsSeen: update.onboardingTipsSeen ?? current.onboardingTipsSeen,%0A+           onboardingScaffoldDismissed:%0A+             update.onboardingScaffoldDismissed ?? current.onboardingScaffoldDismissed,%0A+           themeId: update.themeId ?? current.themeId,%0A+           themeVariant: update.themeVariant ?? current.themeVariant,%0A+           reduceMotion: update.reduceMotion ?? current.reduceMotion,%0A+         });%0A+         if (outcome.state !== 'success') {%0A+           setFailure(failureFromOutcome('设置保存失败', outcome));%0A+           return false;%0A+         }%0A+         confirmedSettings.current = outcome.data.settings;%0A+         setSettings(outcome.data.settings);%0A+         setMessage('设置已保存到应用数据库。');%0A+         return true;%0A+       } finally {%0A+         setPendingKey(null);%0A+       }%0A+     });%0A+     settingsWriteQueue.current = write.then(%0A+       () => undefined,%0A+       () => undefined,%0A+     );%0A+     return write;%0A+   };%0A+%0A+   const createFromOnboarding = async (plan: OnboardingProjectPlan): Promise<boolean> => {%0A+     const created = await createProject(plan.project);%0A+     if (!created) return false;%0A+%0A+     const settingsSaved = await saveSettings({%0A+       creativePath: plan.creativePath,%0A+       onboardingCompleted: true,%0A+       onboardingScaffoldDismissed: plan.project.initialStructure === 'blank',%0A+     });%0A+     if (plan.destination === 'import-export') {%0A+       setDataToolsSection('import-export');%0A+       dispatch({ type: 'navigate', route: 'recovery' });%0A+     } else {%0A+       dispatch({ type: 'navigate', route: plan.destination });%0A+     }%0A+     if (!settingsSaved) {%0A+       setMessage('项目已安全创建；创作路径偏好未保存，可稍后在设置中重试。');%0A+     }%0A+     return true;%0A+   };%0A+%0A+   const saveAppearance = async (next: AppearancePreferences): Promise<boolean> => {%0A+     setPendingKey('app.setAppearancePreferences');%0A+     const outcome = await bridge.app.setAppearancePreferences(next);%0A+     setPendingKey(null);%0A+     if (outcome.state !== 'success') {%0A+       setFailure(failureFromOutcome('显示设置保存失败', outcome));%0A+       return false;%0A+     }%0A+     setAppearance({%0A+       workspaceAlignment: outcome.data.workspaceAlignment,%0A+       uiScalePercent: outcome.data.uiScalePercent,%0A+       bodyFontSize: outcome.data.bodyFontSize,%0A+       contentWidth: outcome.data.contentWidth,%0A+     });%0A+     setMessage('显示设置已保存到应用数据库。');%0A+     return true;%0A+   };%0A+%0A+   const restartCore = async (): Promise<void> => {%0A+     if (!(await flushWriting())) {%0A+       setMessage('当前稿尚未安全保存，已阻止重启本地服务。');%0A+       return;%0A+     }%0A+     setPendingKey('app.restartCore');%0A+     const outcome = await bridge.app.restartCore();%0A+     setPendingKey(null);%0A+     if (outcome.state !== 'success') {%0A+       setFailure(failureFromOutcome('本地服务重启失败', outcome));%0A+       return;%0A+     }%0A+     setCoreStatus(outcome.data.status);%0A+     setMessage(`本地服务已进入${outcome.data.status.status}状态。`);%0A+     await refreshWorkspace();%0A+   };%0A+%0A+   const cancelTask = async (taskId: string, projectId: string | null): Promise<void> => {%0A+     const outcome = await bridge.task.cancel(taskId, projectId ?? undefined);%0A+     if (outcome.state !== 'success') setFailure(failureFromOutcome('任务取消失败', outcome));%0A+     await refreshTasks();%0A+   };%0A+%0A+   return (%0A+     <div className="react-app-shell" data-react-runtime="running" data-react-shell>%0A+       <header className="react-top-bar">%0A+         <button%0A+           aria-expanded={navOpen}%0A+           aria-label="打开一级导航"%0A+           className="icon-button react-nav-toggle"%0A+           ref={navToggle}%0A+           type="button"%0A+           onClick={() => setNavOpen((open) => !open)}%0A+         >%0A+           ☰%0A+         </button>%0A+         <button className="react-brand" type="button" onClick={() => navigate('home')}>%0A+           <strong>WorldForge</strong>%0A+           <span>{activeProject?.name ?? '本地写作工作台'}</span>%0A+         </button>%0A+         <div className="react-top-bar__status" aria-live="polite">%0A+           <span data-status={coreStatus?.status ?? 'starting'}>%0A+             本地服务 · {coreStatus?.status ?? '正在连接'}%0A+           </span>%0A+           <span>{activeProject?.databaseMode === 'read-only' ? '只读' : '本地'}</span>%0A+           <span>任务 {tasks.length}</span>%0A+         </div>%0A+         <button%0A+           aria-expanded={helpOpen}%0A+           className="quiet-button"%0A+           data-open-context-help%0A+           ref={helpTrigger}%0A+           type="button"%0A+           onClick={() => setHelpOpen((open) => !open)}%0A+         >%0A+           帮助%0A+         </button>%0A+         <button%0A+           className="quiet-button"%0A+           data-open-settings%0A+           ref={settingsTrigger}%0A+           type="button"%0A+           onClick={() => navigate('settings')}%0A+         >%0A+           设置%0A+         </button>%0A+       </header>%0A+%0A+       {activeProject ? (%0A+         <section className="react-project-context" data-active-project data-react-project-context>%0A+           <div>%0A+             <strong data-active-project-name>{activeProject.name}</strong>%0A+             <span data-active-project-path title={activeProject.workspacePath}>%0A+               {activeProject.workspacePath}%0A+             </span>%0A+           </div>%0A+           <span data-active-project-mode>%0A+             {activeProject.databaseMode === 'read-only' ? '只读兼容模式' : '可写 · 本地数据库'}%0A+           </span>%0A+           {activeProject.databaseMode === 'read-only' ? (%0A+             <span data-active-project-readonly>{activeProject.readOnlyReason ?? '兼容性保护'}</span>%0A+           ) : null}%0A+           {message ? (%0A+             <span data-project-operation-status role="status">%0A+               {message}%0A+             </span>%0A+           ) : null}%0A+           <div className="react-project-context__actions">%0A+             <button%0A+               className="quiet-button"%0A+               data-open-continuity%0A+               disabled={!capabilities.project.canonReadable || Boolean(pendingKey)}%0A+               title={%0A+                 capabilities.project.canonReadable%0A+                   ? undefined%0A+                   : '当前作品处于恢复保护状态，连续性账本暂不可读取。'%0A+               }%0A+               type="button"%0A+               onClick={() => {%0A+                 setCanonSection('continuity');%0A+                 void transitionToRoute('canon');%0A+               }}%0A+             >%0A+               连续性账本%0A+             </button>%0A+             <button%0A+               className="quiet-button"%0A+               data-open-narrative-planning%0A+               disabled={!capabilities.project.canonReadable || Boolean(pendingKey)}%0A+               title={%0A+                 capabilities.project.canonReadable%0A+                   ? undefined%0A+                   : '当前作品处于恢复保护状态，伏笔与弧光暂不可读取。'%0A+               }%0A+               type="button"%0A+               onClick={() => {%0A+                 setCanonSection('narrative');%0A+                 void transitionToRoute('canon');%0A+               }}%0A+             >%0A+               伏笔与弧光%0A+             </button>%0A+             <button%0A+               className="quiet-button"%0A+               data-open-state-proposals%0A+               disabled={!capabilities.project.canonReadable || Boolean(pendingKey)}%0A+               title={%0A+                 capabilities.project.canonReadable%0A+                   ? undefined%0A+                   : '当前作品处于恢复保护状态，设定更新建议暂不可读取。'%0A+               }%0A+               type="button"%0A+               onClick={() => {%0A+                 setCanonSection('proposals');%0A+                 void transitionToRoute('canon');%0A+               }}%0A+             >%0A+               设定更新建议%0A+             </button>%0A+             <button%0A+               className="quiet-button"%0A+               data-open-recovery%0A+               disabled={%0A+                 (!capabilities.project.restoreAvailable && !capabilities.project.exportAvailable) ||%0A+                 Boolean(pendingKey)%0A+               }%0A+               type="button"%0A+               onClick={() => {%0A+                 setDataToolsSection('recovery');%0A+                 void transitionToRoute('recovery');%0A+               }}%0A+             >%0A+               恢复与导出%0A+             </button>%0A+             <button%0A+               className="quiet-button"%0A+               data-open-text-io%0A+               disabled={!capabilities.project.exportAvailable || Boolean(pendingKey)}%0A+               title={%0A+                 capabilities.project.exportAvailable ? undefined : '当前作品无法安全导入或导出。'%0A+               }%0A+               type="button"%0A+               onClick={() => {%0A+                 setDataToolsSection('import-export');%0A+                 void transitionToRoute('recovery');%0A+               }}%0A+             >%0A+               导入导出%0A+             </button>%0A+             <button%0A+               className="quiet-button"%0A+               data-move-project%0A+               disabled={!capabilities.project.moveAvailable || Boolean(pendingKey)}%0A+               type="button"%0A+               onClick={() => void moveProject(activeProject.projectId)}%0A+             >%0A+               移动项目%0A+             </button>%0A+             <button%0A+               className="quiet-button"%0A+               data-close-project%0A+               disabled={Boolean(pendingKey)}%0A+               type="button"%0A+               onClick={() => void closeProject(activeProject.projectId)}%0A+             >%0A+               关闭项目%0A+             </button>%0A+           </div>%0A+         </section>%0A+       ) : null}%0A+%0A+       <div className="react-shell-grid" data-nav-open={navOpen}>%0A+         <nav className="react-primary-nav" aria-label="一级导航">%0A+           {navigation.map((item) => (%0A+             <button%0A+               aria-current={item.current ? 'page' : undefined}%0A+               className="react-primary-nav__item"%0A+               data-current={item.current}%0A+               data-open-canon={item.id === 'canon' ? '' : undefined}%0A+               data-open-planning={item.id === 'planning' ? '' : undefined}%0A+               data-primary-navigation={item.id}%0A+               disabled={item.disabled}%0A+               key={item.id}%0A+               title={item.disabledReason ?? undefined}%0A+               type="button"%0A+               onClick={() => navigate(item.id)}%0A+             >%0A+               <strong>{item.label}</strong>%0A+               <span>{item.description}</span>%0A+             </button>%0A+           ))}%0A+         </nav>%0A+         {navOpen ? (%0A+           <button%0A+             aria-label="关闭一级导航"%0A+             className="react-nav-scrim"%0A+             type="button"%0A+             onClick={() => setNavOpen(false)}%0A+           />%0A+         ) : null}%0A+%0A+         <main className="react-main" ref={mainContent}>%0A+           {globalStatus ? (%0A+             <SafetyBanner%0A+               action={globalStatusAction}%0A+               diagnosticId={globalStatus.id === 'failure' ? (failure?.diagnosticId ?? null) : null}%0A+               kind={%0A+                 globalStatus.id === 'failure' || globalStatus.id === 'core'%0A+                   ? 'danger'%0A+                   : globalStatus.priority === 'P0' || globalStatus.priority === 'P2'%0A+                     ? 'warning'%0A+                     : 'info'%0A+               }%0A+               message={globalStatus.message}%0A+               title={%0A+                 globalStatus.id === 'failure'%0A+                   ? (failure?.title ?? '操作失败')%0A+                   : globalStatus.priority === 'P0'%0A+                     ? '保护状态'%0A+                     : '工作区状态'%0A+               }%0A+             />%0A+           ) : null}%0A+           {helpOpen ? (%0A+             <ContextHelp%0A+               disclosureMode={disclosureMode}%0A+               route={route}%0A+               seenTips={settings.onboardingTipsSeen}%0A+               onClose={() => {%0A+                 setHelpOpen(false);%0A+                 window.requestAnimationFrame(() => helpTrigger.current?.focus());%0A+               }}%0A+               onDismissTip={(tip) =>%0A+                 void saveSettings({%0A+                   onboardingTipsSeen: [...new Set([...settings.onboardingTipsSeen, tip])],%0A+                 })%0A+               }%0A+               onOpenOnboarding={() => {%0A+                 setHelpOpen(false);%0A+                 if (activeProject) {%0A+                   void saveSettings({ onboardingScaffoldDismissed: false });%0A+                   setMessage('已在首页重新显示项目引导建议。');%0A+                 } else {%0A+                   setOnboardingRequest((request) => request + 1);%0A+                 }%0A+                 navigate('home');%0A+               }}%0A+             />%0A+           ) : null}%0A+%0A+           {route === 'home' || route === 'project' ? (%0A+             <HomePage%0A+               activeProject={activeProject}%0A+               activeTaskCount={tasks.length}%0A+               continuation={continuation}%0A+               disclosureMode={disclosureMode}%0A+               healthSignals={healthSignals}%0A+               message={message}%0A+               onboardingRequest={onboardingRequest}%0A+               pendingKey={pendingKey}%0A+               projectCapabilities={capabilities.project}%0A+               providerAvailable={aiReadiness.status === 'ready'}%0A+               recentProjects={recentProjects}%0A+               settings={settings}%0A+               onCloseProject={(projectId) => void closeProject(projectId)}%0A+               onCreate={createFromOnboarding}%0A+               onContinue={() => {%0A+                 if (activeProject) {%0A+                   void transitionToRoute(continuationRoute(continuation));%0A+                   return;%0A+                 }%0A+                 const recent = [...recentProjects]%0A+                   .filter((project) => project.missingSince === null)%0A+                   .sort(%0A+                     (left, right) => Date.parse(right.lastOpenedAt) - Date.parse(left.lastOpenedAt),%0A+                   )[0];%0A+                 if (recent) void openRecent(recent.projectId);%0A+               }}%0A+               onMoveProject={(projectId) => void moveProject(projectId)}%0A+               onNavigate={navigate}%0A+               onOpenRecent={(projectId) => void openRecent(projectId)}%0A+               onOpenRecovery={() => void transitionToRoute('recovery')}%0A+               onOpenSelected={(recover) => void openSelected(recover)}%0A+               onRelocateRecent={(projectId) => void relocateRecent(projectId)}%0A+               onRemoveRecent={(projectId) => void removeRecent(projectId)}%0A+               onSaveSettings={saveSettings}%0A+             />%0A+           ) : null}%0A+%0A+           {route === 'settings' ? (%0A+             <SettingsPage%0A+               appearance={appearance}%0A+               bridge={bridge}%0A+               coreStatus={coreStatus}%0A+               disclosureMode={disclosureMode}%0A+               message={message}%0A+               pendingKey={pendingKey}%0A+               settings={settings}%0A+               aiReady={aiReadiness.status === 'ready'}%0A+               onProvidersChanged={applyProviders}%0A+               onProviderConnectionVerified={(result: ProviderConnectionTestResult) => {%0A+                 setVerifiedProviderIds((current) => new Set([...current, result.providerId]));%0A+               }}%0A+               onProviderInvalidated={(providerId) => {%0A+                 setVerifiedProviderIds((current) => {%0A+                   const next = new Set(current);%0A+                   next.delete(providerId);%0A+                   return next;%0A+                 });%0A+               }}%0A+               onClose={() => {%0A+                 const target = restoreAppShellRoute(settingsReturnRoute.current, {%0A+                   activeProjectId: activeProject?.projectId ?? null,%0A+                   disclosureMode,%0A+                 });%0A+                 void transitionToRoute(target).then((changed) => {%0A+                   if (changed) window.requestAnimationFrame(() => settingsTrigger.current?.focus());%0A+                 });%0A+               }}%0A+               onResetSettings={() => {%0A+                 void bridge.settings.reset().then((outcome) => {%0A+                   if (outcome.state === 'success') {%0A+                     confirmedSettings.current = outcome.data.settings;%0A+                     setSettings(outcome.data.settings);%0A+                     setMessage('已恢复默认设置。');%0A+                   } else setFailure(failureFromOutcome('恢复默认设置失败', outcome));%0A+                 });%0A+               }}%0A+               onRestartCore={() => void restartCore()}%0A+               onSaveAppearance={saveAppearance}%0A+               onSaveSettings={saveSettings}%0A+               onOpenOnboarding={() => {%0A+                 if (activeProject) {%0A+                   void saveSettings({ onboardingScaffoldDismissed: false });%0A+                   setMessage('已在首页重新显示项目引导建议。');%0A+                 } else {%0A+                   setOnboardingRequest((request) => request + 1);%0A+                 }%0A+                 navigate('home');%0A+               }}%0A+             />%0A+           ) : null}%0A+%0A+           {route === 'planning' && activeProject ? (%0A+             <PlanningWorkbench%0A+               bridge={bridge}%0A+               projectId={activeProject.projectId}%0A+               readOnly={activeProject.databaseMode === 'read-only'}%0A+               onClose={() => void transitionToRoute('writing')}%0A+               onReturn={() => void returnToAuthorSource()}%0A+             />%0A+           ) : null}%0A+%0A+           {route === 'canon' && activeProject ? (%0A+             <CanonWorkbench%0A+               bridge={bridge}%0A+               projectId={activeProject.projectId}%0A+               projectName={activeProject.name}%0A+               readOnly={activeProject.databaseMode === 'read-only'}%0A+               section={canonSection}%0A+               selectedEntityId={selection.entityId}%0A+               onSectionChange={setCanonSection}%0A+               onReturn={() => void returnToAuthorSource()}%0A+             />%0A+           ) : null}%0A+%0A+           {route === 'recovery' && activeProject ? (%0A+             <DataToolsWorkbench%0A+               bridge={bridge}%0A+               projectId={activeProject.projectId}%0A+               readOnly={activeProject.databaseMode === 'read-only'}%0A+               section={dataToolsSection}%0A+               onClose={() => void transitionToRoute('writing')}%0A+               onProjectRestored={refreshWorkspace}%0A+               onSectionChange={setDataToolsSection}%0A+             />%0A+           ) : null}%0A+%0A+           {isWritingRoute(route) && activeProject ? (%0A+             <WritingWorkbench%0A+               bridge={bridge}%0A+               disclosureMode={disclosureMode}%0A+               initialContinuation={continuation}%0A+               panel={writingPanel}%0A+               project={activeProject}%0A+               navigationChapterId={selection.chapterId}%0A+               navigationLogicalBlockId={selection.logicalBlockId}%0A+               navigationVersionId={selection.versionId}%0A+               navigationQuery={navigationQuery}%0A+               onNavigate={navigateToAuthorTarget}%0A+               onPanelChange={(panel) =>%0A+                 void transitionToRoute(%0A+                   panel === 'versions'%0A+                     ? 'versions'%0A+                     : panel === 'candidates'%0A+                       ? 'candidates'%0A+                       : 'writing',%0A+                 )%0A+               }%0A+               onStatus={(nextMessage) => {%0A+                 setMessage(nextMessage);%0A+                 void refreshWorkspaceAttention();%0A+               }}%0A+               onReturn={() => void returnToAuthorSource()}%0A+             />%0A+           ) : null}%0A+%0A+           {route === 'checks' && activeProject ? (%0A+             <ChecksWorkbench%0A+               bridge={bridge}%0A+               projectId={activeProject.projectId}%0A+               readOnly={activeProject.databaseMode === 'read-only'}%0A+               onNavigate={navigateToAuthorTarget}%0A+             />%0A+           ) : null}%0A+         </main>%0A+       </div>%0A+%0A+       <TaskBar%0A+         foregroundTaskId={foregroundTaskId}%0A+         tasks={tasks}%0A+         onCancel={(taskId, projectId) => void cancelTask(taskId, projectId)}%0A+       />%0A+     </div>%0A+   );%0A+ }%0A+%0A+ function isWritingRoute(route: RendererRouteId): boolean {%0A+   return route === 'writing' || route === 'versions' || route === 'candidates';%0A+ }%0A+%0A+ function authorReturnFocusKey(element: Element | null): string | null {%0A+   return element instanceof HTMLElement ? (element.dataset.authorReturnKey ?? null) : null;%0A+ }%0A+%0A+ function focusAuthorReturnTarget(focusKey: string | null): void {%0A+   if (!focusKey) return;%0A+   const target = Array.from(%0A+     document.querySelectorAll<HTMLElement>('[data-author-return-key]'),%0A+   ).find((element) => element.dataset.authorReturnKey === focusKey);%0A+   target?.focus();%0A+ }%0A+%0A+ function continuationRoute(%0A+   continuation: ProjectContinuationSnapshot | null,%0A+ ): 'writing' | 'versions' | 'candidates' {%0A+   if (continuation?.status !== 'ready') return 'writing';%0A+   return continuation.panel === 'editor' ? 'writing' : continuation.panel;%0A+ }%0A+%0A+ function isCancelledOutcome(outcome: BridgeRequestOutcome<unknown>): boolean {%0A+   return (%0A+     outcome.state === 'cancelled' ||%0A+     (outcome.state === 'failure' && outcome.error.code === 'COMMON_CANCELLED_004')%0A+   );%0A+ }%0A+%0A+ interface FailureView {%0A+   readonly title: string;%0A+   readonly message: string;%0A+   readonly retryable: boolean;%0A+   readonly diagnosticId: string | null;%0A+ }%0A+%0A+ function failureFromOutcome(title: string, outcome: BridgeRequestOutcome<unknown>): FailureView {%0A+   if (outcome.state === 'failure') {%0A+     return {%0A+       title,%0A+       message: authorErrorSummary(outcome.error),%0A+       retryable: outcome.error.retryable,%0A+       diagnosticId: outcome.error.diagnosticId ?? null,%0A+     };%0A+   }%0A+   return {%0A+     title,%0A+     message: outcome.state === 'cancelled' ? '操作已取消。' : '响应已被更新请求替代。',%0A+     retryable: outcome.state !== 'cancelled',%0A+     diagnosticId: null,%0A+   };%0A+ }%0A+%0A+ function contentWidthPixels(%0A+   preference: AppearancePreferences['contentWidth'],%0A+   viewportWidth: number,%0A+ ): number {%0A+   if (preference === 'narrow') return Math.min(720, viewportWidth - 48);%0A+   if (preference === 'wide') return Math.min(1280, viewportWidth - 48);%0A+   if (preference === 'adaptive') return Math.min(Math.max(720, viewportWidth * 0.72), 1440);%0A+   return Math.min(960, viewportWidth - 48);%0A+ }%0A+%0A%0A ❯ tests/unit/app-shell-capability-actions.test.ts:13:19%0A%0A

::error file=/home/runner/work/666/666/tests/unit/author-language.test.ts,title=tests/unit/author-language.test.ts > 作者错误说明 > 保存冲突时明确说明系统没有覆盖正文,line=84,column=53::AssertionError: expected { title: '操作未完成', …(2) } to deeply equal { title: '当前稿已经发生变化', …(2) }%0A%0A- Expected%0A+ Received%0A%0A  {%0A-   "message": "建议稿生成后，当前稿又有新的修改。系统没有覆盖正文。",%0A-   "suggestedAction": "请重新比较内容后再采用。",%0A-   "title": "当前稿已经发生变化",%0A+   "message": "系统未能完成本次操作，现有内容保持不变。",%0A+   "suggestedAction": "请查看技术详情后重试。",%0A+   "title": "操作未完成",%0A  }%0A%0A ❯ tests/unit/author-language.test.ts:84:53%0A%0A

::error file=/home/runner/work/666/666/tests/unit/v1-stability-remediation.test.ts,title=tests/unit/v1-stability-remediation.test.ts > M8-09 V1.0稳定性回归 > 启动重开、跨作品隔离和退出重试具有代码级守卫,line=50,column=19::AssertionError: expected 'import { useCallback, useEffect, useM…' to contain 'let active = true;'%0A%0A- Expected%0A+ Received%0A%0A- let active = true;%0A+ import { useCallback, useEffect, useMemo, useRef, useState } from 'react';%0A+%0A+ import {%0A+   DEFAULT_APPEARANCE_PREFERENCES,%0A+   DEFAULT_APP_SETTINGS,%0A+   type AppSettings,%0A+   type AppSettingsUpdate,%0A+   type AppearancePreferences,%0A+   type CoreStatus,%0A+   type ProjectCreateInput,%0A+   type ProjectContinuationSnapshot,%0A+   type ProjectWorkspaceSummary,%0A+   type ProviderConnectionTestResult,%0A+   type ProviderSummary,%0A+   type RecentProject,%0A+   type TaskSnapshot,%0A+ } from '@worldforge/contracts';%0A+%0A+ import type { RendererBridgeAdapter } from '../bridge/renderer-bridge-adapter.js';%0A+ import type { BridgeRequestOutcome } from '../bridge/request-lifecycle.js';%0A+ import { ContextHelp } from '../components/context-help.js';%0A+ import { SafetyBanner } from '../components/safety-banner.js';%0A+ import { TaskBar } from '../components/task-bar.js';%0A+ import { CanonWorkbench, type CanonSection } from '../features/canon/canon-workbench.js';%0A+ import { ChecksWorkbench } from '../features/checks/checks-workbench.js';%0A+ import {%0A+   DataToolsWorkbench,%0A+   type DataToolsSection,%0A+ } from '../features/data-tools/data-tools-workbench.js';%0A+ import { HomePage, type OnboardingProjectPlan } from '../features/home/home-page.js';%0A+ import { PlanningWorkbench } from '../features/planning/planning-workbench.js';%0A+ import { SettingsPage } from '../features/settings/settings-page.js';%0A+ import { WritingWorkbench, type WritingPanel } from '../features/writing/writing-workbench.js';%0A+ import {%0A+   createPrimaryNavigationItems,%0A+   resolvePrimaryNavigationIntent,%0A+   restoreAppShellRoute,%0A+   type AppDisclosureMode,%0A+   type PrimaryNavigationId,%0A+ } from '../shell/app-shell-model.js';%0A+ import {%0A+   resolveAuthorNavigationTarget,%0A+   type AuthorNavigationTarget,%0A+ } from '../shell/navigation-target.js';%0A+ import type { HomeHealthSignal } from '../shell/home-dashboard-model.js';%0A+ import { resolveAiReadiness } from '../runtime/ai-readiness.js';%0A+ import { deriveCapabilityMatrix } from '../runtime/capability-matrix.js';%0A+ import { flushRegisteredDraft } from '../runtime/draft-flush-registry.js';%0A+ import { RendererStatusArbitrator } from '../runtime/status-arbitrator.js';%0A+ import {%0A+   EMPTY_WORKSPACE_ATTENTION,%0A+   loadWorkspaceAttention,%0A+   type WorkspaceAttention,%0A+ } from '../runtime/workspace-attention.js';%0A+ import type { RendererReturnLocation, RendererRouteId } from '../state/ui-state-boundary.js';%0A+ import { useRendererUiStore } from '../state/ui-store.js';%0A+%0A+ import { authorErrorSummary } from '../presentation/author-error-message.js';%0A+ export interface AppShellProps {%0A+   readonly bridge: RendererBridgeAdapter;%0A+   readonly legacySurface?: unknown;%0A+ }%0A+%0A+ export function AppShell({ bridge }: AppShellProps) {%0A+   const route = useRendererUiStore((state) => state.route);%0A+   const selection = useRendererUiStore((state) => state.selection);%0A+   const filters = useRendererUiStore((state) => state.filters);%0A+   const returnLocation = useRendererUiStore((state) => state.returnLocation);%0A+   const navigationQuery = useRendererUiStore((state) => state.filters['navigation.query'] ?? null);%0A+   const foregroundTaskId = useRendererUiStore((state) => state.foregroundRequestKey);%0A+   const dispatch = useRendererUiStore((state) => state.dispatch);%0A+   const [navOpen, setNavOpen] = useState(false);%0A+   const navToggle = useRef<HTMLButtonElement>(null);%0A+   const settingsTrigger = useRef<HTMLButtonElement>(null);%0A+   const settingsReturnRoute = useRef<RendererRouteId>('home');%0A+   const helpTrigger = useRef<HTMLButtonElement>(null);%0A+   const mainContent = useRef<HTMLElement>(null);%0A+   const initialWorkspaceResolved = useRef(false);%0A+   const workspaceAttentionGeneration = useRef(0);%0A+   const settingsWriteQueue = useRef<Promise<void>>(Promise.resolve());%0A+   const confirmedSettings = useRef<AppSettings>(DEFAULT_APP_SETTINGS);%0A+   const [activeProject, setActiveProject] = useState<ProjectWorkspaceSummary | null>(null);%0A+   const [continuation, setContinuation] = useState<ProjectContinuationSnapshot | null>(null);%0A+   const [recentProjects, setRecentProjects] = useState<readonly RecentProject[]>([]);%0A+   const [settings, setSettings] = useState<AppSettings>(DEFAULT_APP_SETTINGS);%0A+   const [appearance, setAppearance] = useState<AppearancePreferences>(%0A+     DEFAULT_APPEARANCE_PREFERENCES,%0A+   );%0A+   const [coreStatus, setCoreStatus] = useState<CoreStatus | null>(null);%0A+   const [tasks, setTasks] = useState<readonly TaskSnapshot[]>([]);%0A+   const [providers, setProviders] = useState<readonly ProviderSummary[]>([]);%0A+   const [verifiedProviderIds, setVerifiedProviderIds] = useState<ReadonlySet<string>>(%0A+     () => new Set(),%0A+   );%0A+   const [workspaceAttention, setWorkspaceAttention] =%0A+     useState<WorkspaceAttention>(EMPTY_WORKSPACE_ATTENTION);%0A+   const [onboardingRequest, setOnboardingRequest] = useState(0);%0A+   const [helpOpen, setHelpOpen] = useState(false);%0A+   const [pendingKey, setPendingKey] = useState<string | null>(null);%0A+   const [hydrated, setHydrated] = useState(false);%0A+   const [message, setMessage] = useState<string | null>('正在读取本地工作区…');%0A+   const [failure, setFailure] = useState<FailureView | null>(null);%0A+   const [canonSection, setCanonSection] = useState<CanonSection>('entities');%0A+   const [dataToolsSection, setDataToolsSection] = useState<DataToolsSection>('recovery');%0A+%0A+   useEffect(() => {%0A+     const onUnexpectedRendererError = (): void => {%0A+       setFailure({%0A+         title: '界面操作发生意外错误',%0A+         message: '系统已经阻止异常继续扩散，当前作品内容保持不变。请重新执行刚才的操作。',%0A+         retryable: true,%0A+         diagnosticId: null,%0A+       });%0A+       setMessage(null);%0A+     };%0A+     window.addEventListener('worldforge:unexpected-renderer-error', onUnexpectedRendererError);%0A+     return () =>%0A+       window.removeEventListener('worldforge:unexpected-renderer-error', onUnexpectedRendererError);%0A+   }, []);%0A+%0A+   const disclosureMode: AppDisclosureMode = settings.defaultMode;%0A+   const writingPanel: WritingPanel =%0A+     route === 'versions' ? 'versions' : route === 'candidates' ? 'candidates' : 'editor';%0A+   const aiReadiness = useMemo(%0A+     () => resolveAiReadiness(providers, verifiedProviderIds),%0A+     [providers, verifiedProviderIds],%0A+   );%0A+   const capabilities = useMemo(%0A+     () =>%0A+       deriveCapabilityMatrix({%0A+         hydrated,%0A+         coreStatus,%0A+         project: activeProject,%0A+         providerCount: providers.length,%0A+         verifiedProviderCount: verifiedProviderIds.size,%0A+       }),%0A+     [activeProject, coreStatus, hydrated, providers.length, verifiedProviderIds],%0A+   );%0A+%0A+   const applyProviders = useCallback((nextProviders: readonly ProviderSummary[]): void => {%0A+     setProviders(nextProviders);%0A+     const currentIds = new Set(nextProviders.map((provider) => provider.id));%0A+     setVerifiedProviderIds(%0A+       (current) => new Set([...current].filter((providerId) => currentIds.has(providerId))),%0A+     );%0A+   }, []);%0A+%0A+   const refreshTasks = useCallback(async (): Promise<void> => {%0A+     const outcome = await bridge.task.listActive(undefined, { mode: 'replace' });%0A+     if (outcome.state === 'success') setTasks(outcome.data.tasks);%0A+   }, [bridge]);%0A+%0A+   const refreshWorkspace = useCallback(async (): Promise<void> => {%0A+     const [core, applicationSettings, windowPreferences, project, recent, activeTasks, providers] =%0A+       await Promise.all([%0A+         bridge.app.getCoreStatus({ mode: 'replace' }),%0A+         bridge.settings.get({ mode: 'replace' }),%0A+         bridge.app.getWindowPreferences({ mode: 'replace' }),%0A+         bridge.project.getActive({ mode: 'replace' }),%0A+         bridge.project.listRecent({ mode: 'replace' }),%0A+         bridge.task.listActive(undefined, { mode: 'replace' }),%0A+         bridge.providers.list({ mode: 'replace' }),%0A+       ]);%0A+%0A+     let nextFailure: FailureView | null = null;%0A+     if (core.state === 'success') setCoreStatus(core.data);%0A+     else nextFailure = failureFromOutcome('本地服务状态读取失败', core);%0A+%0A+     const resolvedSettings =%0A+       applicationSettings.state === 'success'%0A+         ? applicationSettings.data.settings%0A+         : DEFAULT_APP_SETTINGS;%0A+     if (applicationSettings.state === 'success') {%0A+       confirmedSettings.current = resolvedSettings;%0A+       setSettings(resolvedSettings);%0A+     } else nextFailure ??= failureFromOutcome('应用设置读取失败', applicationSettings);%0A+%0A+     if (windowPreferences.state === 'success') {%0A+       setAppearance({%0A+         workspaceAlignment: windowPreferences.data.workspaceAlignment,%0A+         uiScalePercent: windowPreferences.data.uiScalePercent,%0A+         bodyFontSize: windowPreferences.data.bodyFontSize,%0A+         contentWidth: windowPreferences.data.contentWidth,%0A+       });%0A+     } else nextFailure ??= failureFromOutcome('显示设置读取失败', windowPreferences);%0A+%0A+     if (recent.state === 'success') setRecentProjects(recent.data.projects);%0A+     else nextFailure ??= failureFromOutcome('最近作品读取失败', recent);%0A+%0A+     let resolvedProject: ProjectWorkspaceSummary | null = null;%0A+     if (project.state === 'success') resolvedProject = project.data;%0A+     else nextFailure ??= failureFromOutcome('项目状态读取失败', project);%0A+%0A+     const initialResolution = !initialWorkspaceResolved.current;%0A+     if (%0A+       initialResolution &&%0A+       project.state === 'success' &&%0A+       !resolvedProject &&%0A+       resolvedSettings.startupBehavior === 'reopen-last' &&%0A+       recent.state === 'success'%0A+     ) {%0A+       const candidate = recent.data.projects.find((entry) => entry.missingSince === null);%0A+       if (candidate) {%0A+         const reopened = await bridge.project.openRecent(candidate.projectId, { mode: 'replace' });%0A+         if (reopened.state === 'success') {%0A+           resolvedProject = reopened.data;%0A+         } else if (reopened.state === 'failure') {%0A+           nextFailure ??= failureFromOutcome('最近作品自动打开失败', reopened);%0A+         }%0A+       }%0A+     }%0A+%0A+     setActiveProject(resolvedProject);%0A+     let nextContinuation: ProjectContinuationSnapshot | null = null;%0A+     if (resolvedProject) {%0A+       const continuationOutcome = await bridge.project.getContinuation(resolvedProject.projectId, {%0A+         mode: 'replace',%0A+       });%0A+       if (continuationOutcome.state === 'success') {%0A+         nextContinuation = continuationOutcome.data;%0A+       } else if (continuationOutcome.state === 'failure') {%0A+         nextFailure ??= failureFromOutcome('上次写作位置读取失败', continuationOutcome);%0A+       }%0A+     }%0A+     setContinuation(nextContinuation);%0A+%0A+     if (initialResolution) {%0A+       initialWorkspaceResolved.current = true;%0A+       const restoredRoute = resolvedProject ? continuationRoute(nextContinuation) : 'home';%0A+       dispatch({%0A+         type: 'navigate',%0A+         route: restoreAppShellRoute(restoredRoute, {%0A+           activeProjectId: resolvedProject?.projectId ?? null,%0A+           disclosureMode: resolvedSettings.defaultMode,%0A+         }),%0A+       });%0A+     }%0A+%0A+     if (activeTasks.state === 'success') setTasks(activeTasks.data.tasks);%0A+     if (providers.state === 'success') applyProviders(providers.data.providers);%0A+     setFailure(nextFailure);%0A+     setMessage(null);%0A+     setHydrated(true);%0A+   }, [applyProviders, bridge, dispatch]);%0A+%0A+   useEffect(() => {%0A+     void refreshWorkspace();%0A+   }, [refreshWorkspace]);%0A+%0A+   useEffect(() => {%0A+     if (hydrated) document.body.dataset.rendererReady = 'true';%0A+   }, [hydrated]);%0A+%0A+   useEffect(() => {%0A+     const unsubscribe = bridge.task.subscribe(() => void refreshTasks());%0A+     return unsubscribe;%0A+   }, [bridge, refreshTasks]);%0A+%0A+   const refreshWorkspaceAttention = useCallback(async (): Promise<void> => {%0A+     const generation = workspaceAttentionGeneration.current + 1;%0A+     workspaceAttentionGeneration.current = generation;%0A+     const projectId = activeProject?.projectId ?? null;%0A+     if (!projectId) {%0A+       setWorkspaceAttention(EMPTY_WORKSPACE_ATTENTION);%0A+       return;%0A+     }%0A+     const next = await loadWorkspaceAttention(bridge, projectId);%0A+     if (%0A+       workspaceAttentionGeneration.current === generation &&%0A+       activeProject?.projectId === projectId%0A+     ) {%0A+       setWorkspaceAttention(next);%0A+     }%0A+   }, [activeProject, bridge]);%0A+%0A+   useEffect(() => {%0A+     void refreshWorkspaceAttention();%0A+     return () => {%0A+       workspaceAttentionGeneration.current += 1;%0A+     };%0A+   }, [refreshWorkspaceAttention, route, tasks]);%0A+%0A+   useEffect(() => {%0A+     document.body.dataset.theme = settings.themeId;%0A+     document.body.dataset.visualThemeVariant = settings.themeVariant;%0A+     document.body.dataset.motionPreference = settings.reduceMotion ? 'reduced' : 'full';%0A+     document.body.dataset.authorMode = settings.defaultMode;%0A+     document.body.dataset.projectState = activeProject%0A+       ? activeProject.databaseMode === 'read-only'%0A+         ? 'read-only'%0A+         : 'open'%0A+       : 'closed';%0A+     document.documentElement.style.setProperty(%0A+       '--ui-scale',%0A+       String(appearance.uiScalePercent / 100),%0A+     );%0A+     document.documentElement.style.setProperty('--body-font-size', `${appearance.bodyFontSize}px`);%0A+     document.documentElement.style.setProperty(%0A+       '--content-width',%0A+       `${contentWidthPixels(appearance.contentWidth, window.innerWidth)}px`,%0A+     );%0A+     document.body.dataset.workspaceAlignment = appearance.workspaceAlignment;%0A+   }, [activeProject, appearance, settings]);%0A+%0A+   useEffect(() => {%0A+     const onKeyDown = (event: KeyboardEvent): void => {%0A+       if (event.key === 'Escape' && navOpen) {%0A+         setNavOpen(false);%0A+         navToggle.current?.focus();%0A+       }%0A+     };%0A+     window.addEventListener('keydown', onKeyDown);%0A+     return () => window.removeEventListener('keydown', onKeyDown);%0A+   }, [navOpen]);%0A+%0A+   useEffect(() => {%0A+     dispatch({%0A+       type: 'select',%0A+       selection: { projectId: activeProject?.projectId ?? null },%0A+     });%0A+   }, [activeProject, dispatch]);%0A+%0A+   const availability = capabilities.navigation;%0A+%0A+   const navigation = createPrimaryNavigationItems({%0A+     activeProjectId: activeProject?.projectId ?? null,%0A+     currentRoute: route,%0A+     disclosureMode,%0A+     availability,%0A+   });%0A+%0A+   const flushWriting = useCallback(async (): Promise<boolean> => {%0A+     return flushRegisteredDraft();%0A+   }, []);%0A+%0A+   const transitionToRoute = useCallback(%0A+     async (nextRoute: RendererRouteId): Promise<boolean> => {%0A+       if (route === nextRoute) return true;%0A+       if (isWritingRoute(route) && !(await flushWriting())) {%0A+         setMessage('自动保存失败，已阻止离开当前写作会话。');%0A+         return false;%0A+       }%0A+       setFailure(null);%0A+       setMessage(null);%0A+       dispatch({ type: 'navigate', route: nextRoute });%0A+       return true;%0A+     },%0A+     [dispatch, flushWriting, route],%0A+   );%0A+%0A+   const navigate = useCallback(%0A+     (navigationId: PrimaryNavigationId): void => {%0A+       const resolution = resolvePrimaryNavigationIntent(navigationId, {%0A+         activeProjectId: activeProject?.projectId ?? null,%0A+         currentRoute: route,%0A+         disclosureMode,%0A+         availability,%0A+       });%0A+       if (!resolution.accepted) {%0A+         setMessage(resolution.reason);%0A+         return;%0A+       }%0A+       setNavOpen(false);%0A+       if (resolution.route === 'settings' && route !== 'settings') {%0A+         settingsReturnRoute.current = route;%0A+       }%0A+       void transitionToRoute(resolution.route).then((changed) => {%0A+         if (changed && navigationId === 'home') void refreshWorkspace();%0A+       });%0A+     },%0A+     [activeProject, availability, disclosureMode, refreshWorkspace, route, transitionToRoute],%0A+   );%0A+%0A+   const navigateToAuthorTarget = useCallback(%0A+     (target: AuthorNavigationTarget): void => {%0A+       const resolution = resolveAuthorNavigationTarget(target);%0A+       void (async () => {%0A+         if (route !== resolution.route && isWritingRoute(route) && !(await flushWriting())) {%0A+           setMessage('自动保存失败，已阻止离开当前写作会话。');%0A+           return;%0A+         }%0A+         setFailure(null);%0A+         setMessage(null);%0A+         const sourceLocation: RendererReturnLocation = {%0A+           route,%0A+           selection: { ...selection },%0A+           filters: { ...filters },%0A+           scrollTop: Math.max(0, Math.round(mainContent.current?.scrollTop ?? 0)),%0A+           focusKey: authorReturnFocusKey(document.activeElement),%0A+         };%0A+         if (target.type === 'entity') setCanonSection('entities');%0A+         dispatch({ type: 'select', selection: resolution.selection });%0A+         for (const [key, value] of Object.entries(resolution.filters)) {%0A+           dispatch({ type: 'set-filter', key, value });%0A+         }%0A+         dispatch({%0A+           type: 'navigate',%0A+           route: resolution.route,%0A+           returnLocation: sourceLocation,%0A+         });%0A+       })();%0A+     },%0A+     [dispatch, filters, flushWriting, route, selection],%0A+   );%0A+%0A+   const returnToAuthorSource = useCallback(async (): Promise<void> => {%0A+     if (!returnLocation) return;%0A+     if (isWritingRoute(route) && !(await flushWriting())) {%0A+       setMessage('自动保存失败，已阻止返回来源页面。');%0A+       return;%0A+     }%0A+     const location = returnLocation;%0A+     dispatch({ type: 'return-to-source' });%0A+     window.requestAnimationFrame(() => {%0A+       window.requestAnimationFrame(() => {%0A+         if (mainContent.current) mainContent.current.scrollTop = location.scrollTop;%0A+         focusAuthorReturnTarget(location.focusKey);%0A+       });%0A+     });%0A+   }, [dispatch, flushWriting, returnLocation, route]);%0A+%0A+   const projectChanged = useCallback(%0A+     async (%0A+       project: ProjectWorkspaceSummary | null,%0A+       resultMessage: string,%0A+     ): Promise<ProjectContinuationSnapshot | null> => {%0A+       setActiveProject(project);%0A+       let nextContinuation: ProjectContinuationSnapshot | null = null;%0A+       if (project) {%0A+         const outcome = await bridge.project.getContinuation(project.projectId, {%0A+           mode: 'replace',%0A+         });%0A+         if (outcome.state === 'success') nextContinuation = outcome.data;%0A+       }%0A+       setContinuation(nextContinuation);%0A+       const recent = await bridge.project.listRecent({ mode: 'replace' });%0A+       if (recent.state === 'success') setRecentProjects(recent.data.projects);%0A+       setMessage(resultMessage);%0A+       return nextContinuation;%0A+     },%0A+     [bridge],%0A+   );%0A+%0A+   const healthSignals = useMemo<readonly HomeHealthSignal[]>(() => {%0A+     const signals: HomeHealthSignal[] = [];%0A+     if (coreStatus && coreStatus.status !== 'healthy') {%0A+       signals.push({%0A+         id: 'core-health',%0A+         severity: 'data-risk',%0A+         title: '本地服务需要处理',%0A+         message: `当前状态：${coreStatus.status}。写入保持阻断，直到本地服务恢复正常。`,%0A+         intent: 'settings',%0A+       });%0A+     }%0A+     if (activeProject?.databaseMode === 'read-only') {%0A+       signals.push({%0A+         id: 'project-readonly',%0A+         severity: 'data-risk',%0A+         title: '作品处于只读保护',%0A+         message: `原因：${activeProject.readOnlyReason ?? '兼容性保护'}。可以浏览并安全导出。`,%0A+         intent: 'recovery',%0A+       });%0A+     }%0A+     const missingCount = recentProjects.filter((project) => project.missingSince !== null).length;%0A+     if (missingCount > 0) {%0A+       signals.push({%0A+         id: 'recent-missing',%0A+         severity: 'high',%0A+         title: `${missingCount}个最近作品路径失效`,%0A+         message: '重新定位后即可恢复入口，作品文件不会被删除。',%0A+         intent: 'recovery',%0A+       });%0A+     }%0A+     return signals;%0A+   }, [activeProject, coreStatus, recentProjects]);%0A+%0A+   const globalStatus = useMemo(() => {%0A+     const arbitrator = new RendererStatusArbitrator();%0A+     if (failure) {%0A+       arbitrator.publish({%0A+         id: 'failure',%0A+         priority: 'P0',%0A+         message: failure.message,%0A+         persistence: 'sticky',%0A+         createdAt: 5,%0A+       });%0A+     }%0A+     if (coreStatus && coreStatus.status !== 'healthy') {%0A+       arbitrator.publish({%0A+         id: 'core',%0A+         priority: 'P0',%0A+         message: `本地服务当前为${coreStatus.status}状态，写入保持阻断。`,%0A+         persistence: 'sticky',%0A+         createdAt: 4,%0A+       });%0A+     }%0A+     if (activeProject?.databaseMode === 'read-only') {%0A+       arbitrator.publish({%0A+         id: 'read-only',%0A+         priority: 'P0',%0A+         message: `作品处于只读保护：${activeProject.readOnlyReason ?? '兼容性保护'}。`,%0A+         persistence: 'sticky',%0A+         createdAt: 3,%0A+       });%0A+     }%0A+     if (tasks.length > 0) {%0A+       arbitrator.publish({%0A+         id: 'tasks',%0A+         priority: 'P1',%0A+         message: `${tasks.length}个后台任务正在运行，可在底部任务栏查看真实阶段或取消。`,%0A+         persistence: 'transient',%0A+         createdAt: 70,%0A+       });%0A+     }%0A+     if (workspaceAttention.searchStatus === 'rebuilding') {%0A+       arbitrator.publish({%0A+         id: 'search-rebuilding',%0A+         priority: 'P1',%0A+         message: '全文索引正在重建；写作保持可用，搜索结果将在完成后恢复完整。',%0A+         persistence: 'transient',%0A+         createdAt: 69,%0A+       });%0A+     }%0A+     if (workspaceAttention.partialCandidateCount > 0) {%0A+       arbitrator.publish({%0A+         id: 'candidate-partial',%0A+         priority: 'P2',%0A+         message: `当前章节有${workspaceAttention.partialCandidateCount}份未完成建议稿待处理，不能直接定稿。`,%0A+         persistence: 'sticky',%0A+         createdAt: 60,%0A+       });%0A+     } else if (workspaceAttention.pendingCandidateCount > 0) {%0A+       arbitrator.publish({%0A+         id: 'candidate-pending',%0A+         priority: 'P2',%0A+         message: `当前章节有${workspaceAttention.pendingCandidateCount}份建议稿待作者审阅。`,%0A+         persistence: 'sticky',%0A+         createdAt: 59,%0A+       });%0A+     }%0A+     if (workspaceAttention.pendingProposalCount > 0) {%0A+       arbitrator.publish({%0A+         id: 'proposal-pending',%0A+         priority: 'P2',%0A+         message: `有${workspaceAttention.pendingProposalCount}条设定更新建议等待作者裁决；尚未写入权威状态。`,%0A+         persistence: 'sticky',%0A+         createdAt: 58,%0A+       });%0A+     }%0A+     if (workspaceAttention.openValidationCount > 0) {%0A+       arbitrator.publish({%0A+         id: 'validation-open',%0A+         priority: 'P2',%0A+         message: workspaceAttention.highValidationCount%0A+           ? `有${workspaceAttention.openValidationCount}项检查问题待处理，其中${workspaceAttention.highValidationCount}项为高优先级。`%0A+           : `有${workspaceAttention.openValidationCount}项检查问题待处理。`,%0A+         persistence: 'sticky',%0A+         createdAt: 57,%0A+       });%0A+     }%0A+     if (workspaceAttention.backupFailureCount > 0) {%0A+       arbitrator.publish({%0A+         id: 'backup-failed',%0A+         priority: 'P2',%0A+         message: `有${workspaceAttention.backupFailureCount}次备份失败尚未由后续成功备份解除。`,%0A+         persistence: 'sticky',%0A+         createdAt: 57,%0A+       });%0A+     }%0A+     if (workspaceAttention.searchFailedCount > 0) {%0A+       arbitrator.publish({%0A+         id: 'search-failed',%0A+         priority: 'P2',%0A+         message: `全文索引有${workspaceAttention.searchFailedCount}项失败；权威数据未受影响，可重建索引。`,%0A+         persistence: 'sticky',%0A+         createdAt: 56,%0A+       });%0A+     } else if (workspaceAttention.searchStatus === 'stale') {%0A+       arbitrator.publish({%0A+         id: 'search-stale',%0A+         priority: 'P2',%0A+         message: '全文索引已过期；搜索可降级读取权威数据，建议重建索引。',%0A+         persistence: 'sticky',%0A+         createdAt: 55,%0A+       });%0A+     }%0A+     if (settings.creativePath === 'ai-first' && aiReadiness.status !== 'ready') {%0A+       arbitrator.publish({%0A+         id: 'ai-readiness',%0A+         priority: 'P2',%0A+         message: aiReadiness.message,%0A+         persistence: 'sticky',%0A+         createdAt: 54,%0A+       });%0A+     }%0A+     if (workspaceAttention.unavailableSources.length > 0) {%0A+       arbitrator.publish({%0A+         id: 'attention-unavailable',%0A+         priority: 'P3',%0A+         message: '部分工作区状态暂不可读取；未将失败查询误报为空状态。',%0A+         persistence: 'transient',%0A+         createdAt: 10,%0A+       });%0A+     }%0A+     const missing = recentProjects.filter((project) => project.missingSince !== null).length;%0A+     if (missing > 0) {%0A+       arbitrator.publish({%0A+         id: 'missing',%0A+         priority: 'P2',%0A+         message: `${missing}个最近作品路径失效，可重新定位恢复入口。`,%0A+         persistence: 'sticky',%0A+         createdAt: 53,%0A+       });%0A+     }%0A+     if (message) {%0A+       arbitrator.publish({%0A+         id: 'operation',%0A+         priority: 'P3',%0A+         message,%0A+         persistence: 'transient',%0A+         createdAt: 0,%0A+       });%0A+     }%0A+     return arbitrator.current();%0A+   }, [%0A+     activeProject,%0A+     aiReadiness,%0A+     coreStatus,%0A+     failure,%0A+     message,%0A+     recentProjects,%0A+     settings.creativePath,%0A+     tasks,%0A+     workspaceAttention,%0A+   ]);%0A+%0A+   const globalStatusAction = useMemo(() => {%0A+     if (!globalStatus) return undefined;%0A+     if (globalStatus.id === 'failure' && failure?.retryable) {%0A+       return { label: '重新读取', run: () => void refreshWorkspace() };%0A+     }%0A+     if (globalStatus.id === 'read-only') {%0A+       return { label: '恢复与导出', run: () => void transitionToRoute('recovery') };%0A+     }%0A+     if (globalStatus.id === 'missing') {%0A+       return { label: '查看最近作品', run: () => navigate('home') };%0A+     }%0A+     if (globalStatus.id === 'candidate-partial' || globalStatus.id === 'candidate-pending') {%0A+       return { label: '审阅建议稿', run: () => void transitionToRoute('candidates') };%0A+     }%0A+     if (globalStatus.id === 'proposal-pending') {%0A+       return {%0A+         label: '处理设定更新建议',%0A+         run: () => {%0A+           setCanonSection('continuity');%0A+           void transitionToRoute('canon');%0A+         },%0A+       };%0A+     }%0A+     if (%0A+       globalStatus.id === 'validation-open' ||%0A+       globalStatus.id === 'search-failed' ||%0A+       globalStatus.id === 'search-stale' ||%0A+       globalStatus.id === 'backup-failed'%0A+     ) {%0A+       return globalStatus.id === 'backup-failed'%0A+         ? { label: '打开恢复中心', run: () => void transitionToRoute('recovery') }%0A+         : { label: '打开检查', run: () => void transitionToRoute('checks') };%0A+     }%0A+     if (globalStatus.id === 'ai-readiness') {%0A+       return { label: '检查AI连接', run: () => navigate('settings') };%0A+     }%0A+     return undefined;%0A+   }, [failure, globalStatus, navigate, refreshWorkspace, transitionToRoute]);%0A+%0A+   const createProject = async (input: ProjectCreateInput): Promise<boolean> => {%0A+     setPendingKey('project.create');%0A+     setMessage('请选择保存位置…');%0A+     const outcome = await bridge.project.create(input);%0A+     setPendingKey(null);%0A+     if (isCancelledOutcome(outcome)) {%0A+       setMessage('已取消创建项目。');%0A+       return false;%0A+     }%0A+     if (outcome.state !== 'success') {%0A+       setFailure(failureFromOutcome('作品创建失败', outcome));%0A+       setMessage(null);%0A+       return false;%0A+     }%0A+     await projectChanged(outcome.data, '项目已创建，路径和数据库完整性校验通过。');%0A+     dispatch({ type: 'navigate', route: 'writing' });%0A+     return true;%0A+   };%0A+%0A+   const openSelected = async (recover: boolean): Promise<void> => {%0A+     setPendingKey('project.openSelected');%0A+     setMessage('请选择作品目录…');%0A+     const outcome = await bridge.project.openSelected();%0A+     setPendingKey(null);%0A+     if (isCancelledOutcome(outcome)) {%0A+       setMessage('已取消打开项目。');%0A+       return;%0A+     }%0A+     if (outcome.state !== 'success') {%0A+       setFailure(failureFromOutcome('作品打开失败', outcome));%0A+       setMessage(null);%0A+       return;%0A+     }%0A+     const nextContinuation = await projectChanged(outcome.data, '项目已安全打开。');%0A+     dispatch({%0A+       type: 'navigate',%0A+       route: recover ? 'recovery' : continuationRoute(nextContinuation),%0A+     });%0A+   };%0A+%0A+   const openRecent = async (projectId: string): Promise<void> => {%0A+     setPendingKey(`project.openRecent:${projectId}`);%0A+     const outcome = await bridge.project.openRecent(projectId);%0A+     setPendingKey(null);%0A+     if (outcome.state !== 'success') {%0A+       setFailure(failureFromOutcome('最近作品打开失败', outcome));%0A+       return;%0A+     }%0A+     const nextContinuation = await projectChanged(outcome.data, '最近作品已安全打开。');%0A+     dispatch({ type: 'navigate', route: continuationRoute(nextContinuation) });%0A+   };%0A+%0A+   const closeProject = async (projectId: string): Promise<void> => {%0A+     if (!(await flushWriting())) {%0A+       setMessage('自动保存失败，已阻止关闭项目。');%0A+       return;%0A+     }%0A+     setPendingKey(`project.close:${projectId}`);%0A+     try {%0A+       const outcome = await bridge.project.close(projectId);%0A+       if (outcome.state !== 'success') {%0A+         setFailure(failureFromOutcome('作品关闭失败', outcome));%0A+         return;%0A+       }%0A+       await projectChanged(null, '项目已安全关闭。');%0A+       dispatch({ type: 'reset-project-context' });%0A+       dispatch({ type: 'navigate', route: 'home' });%0A+     } finally {%0A+       setPendingKey(null);%0A+     }%0A+   };%0A+%0A+   const moveProject = async (projectId: string): Promise<void> => {%0A+     if (!(await flushWriting())) {%0A+       setMessage('自动保存失败，已阻止移动项目。');%0A+       return;%0A+     }%0A+     setPendingKey(`project.move:${projectId}`);%0A+     setMessage('请选择新位置；本地服务将复制、校验后再切换。');%0A+     const outcome = await bridge.project.move(projectId);%0A+     setPendingKey(null);%0A+     if (isCancelledOutcome(outcome)) {%0A+       setMessage('已取消移动。');%0A+       return;%0A+     }%0A+     if (outcome.state !== 'success') {%0A+       setFailure(failureFromOutcome('作品移动失败，原项目保持可用', outcome));%0A+       return;%0A+     }%0A+     await projectChanged(%0A+       outcome.data,%0A+       outcome.data.sourceRetained%0A+         ? '移动已完成；原位置未能清理，请确认后手动处理。'%0A+         : '移动已完成，哈希与数据库完整性校验通过。',%0A+     );%0A+   };%0A+%0A+   const relocateRecent = async (projectId: string): Promise<void> => {%0A+     setPendingKey(`project.relocateRecent:${projectId}`);%0A+     const outcome = await bridge.project.relocateRecent(projectId);%0A+     setPendingKey(null);%0A+     if (isCancelledOutcome(outcome)) return;%0A+     if (outcome.state !== 'success') {%0A+       setFailure(failureFromOutcome('作品重新定位失败', outcome));%0A+       return;%0A+     }%0A+     await refreshWorkspace();%0A+     setMessage('作品路径已重新定位。');%0A+   };%0A+%0A+   const removeRecent = async (projectId: string): Promise<void> => {%0A+     setPendingKey(`project.removeRecent:${projectId}`);%0A+     const outcome = await bridge.project.removeRecent(projectId);%0A+     setPendingKey(null);%0A+     if (outcome.state !== 'success') {%0A+       setFailure(failureFromOutcome('最近作品记录移除失败', outcome));%0A+       return;%0A+     }%0A+     setRecentProjects((projects) => projects.filter((project) => project.projectId !== projectId));%0A+     setMessage('最近作品记录已移除，作品文件保持不变。');%0A+   };%0A+%0A+   const saveSettings = (update: AppSettingsUpdate): Promise<boolean> => {%0A+     if (update.creativePath === 'ai-first' && aiReadiness.status !== 'ready') {%0A+       setMessage('AI优先需要先在本次会话完成真实连接测试；离线创作功能保持可用。');%0A+       return Promise.resolve(false);%0A+     }%0A+     const write = settingsWriteQueue.current.then(async () => {%0A+       setPendingKey('settings.set');%0A+       try {%0A+         const current = confirmedSettings.current;%0A+         const outcome = await bridge.settings.set({%0A+           language: update.language ?? current.language,%0A+           startupBehavior: update.startupBehavior ?? current.startupBehavior,%0A+           defaultMode: update.defaultMode ?? current.defaultMode,%0A+           creativePath: update.creativePath ?? current.creativePath,%0A+           onboardingCompleted: update.onboardingCompleted ?? current.onboardingCompleted,%0A+           onboardingTipsSeen: update.onboardingTipsSeen ?? current.onboardingTipsSeen,%0A+           onboardingScaffoldDismissed:%0A+             update.onboardingScaffoldDismissed ?? current.onboardingScaffoldDismissed,%0A+           themeId: update.themeId ?? current.themeId,%0A+           themeVariant: update.themeVariant ?? current.themeVariant,%0A+           reduceMotion: update.reduceMotion ?? current.reduceMotion,%0A+         });%0A+         if (outcome.state !== 'success') {%0A+           setFailure(failureFromOutcome('设置保存失败', outcome));%0A+           return false;%0A+         }%0A+         confirmedSettings.current = outcome.data.settings;%0A+         setSettings(outcome.data.settings);%0A+         setMessage('设置已保存到应用数据库。');%0A+         return true;%0A+       } finally {%0A+         setPendingKey(null);%0A+       }%0A+     });%0A+     settingsWriteQueue.current = write.then(%0A+       () => undefined,%0A+       () => undefined,%0A+     );%0A+     return write;%0A+   };%0A+%0A+   const createFromOnboarding = async (plan: OnboardingProjectPlan): Promise<boolean> => {%0A+     const created = await createProject(plan.project);%0A+     if (!created) return false;%0A+%0A+     const settingsSaved = await saveSettings({%0A+       creativePath: plan.creativePath,%0A+       onboardingCompleted: true,%0A+       onboardingScaffoldDismissed: plan.project.initialStructure === 'blank',%0A+     });%0A+     if (plan.destination === 'import-export') {%0A+       setDataToolsSection('import-export');%0A+       dispatch({ type: 'navigate', route: 'recovery' });%0A+     } else {%0A+       dispatch({ type: 'navigate', route: plan.destination });%0A+     }%0A+     if (!settingsSaved) {%0A+       setMessage('项目已安全创建；创作路径偏好未保存，可稍后在设置中重试。');%0A+     }%0A+     return true;%0A+   };%0A+%0A+   const saveAppearance = async (next: AppearancePreferences): Promise<boolean> => {%0A+     setPendingKey('app.setAppearancePreferences');%0A+     const outcome = await bridge.app.setAppearancePreferences(next);%0A+     setPendingKey(null);%0A+     if (outcome.state !== 'success') {%0A+       setFailure(failureFromOutcome('显示设置保存失败', outcome));%0A+       return false;%0A+     }%0A+     setAppearance({%0A+       workspaceAlignment: outcome.data.workspaceAlignment,%0A+       uiScalePercent: outcome.data.uiScalePercent,%0A+       bodyFontSize: outcome.data.bodyFontSize,%0A+       contentWidth: outcome.data.contentWidth,%0A+     });%0A+     setMessage('显示设置已保存到应用数据库。');%0A+     return true;%0A+   };%0A+%0A+   const restartCore = async (): Promise<void> => {%0A+     if (!(await flushWriting())) {%0A+       setMessage('当前稿尚未安全保存，已阻止重启本地服务。');%0A+       return;%0A+     }%0A+     setPendingKey('app.restartCore');%0A+     const outcome = await bridge.app.restartCore();%0A+     setPendingKey(null);%0A+     if (outcome.state !== 'success') {%0A+       setFailure(failureFromOutcome('本地服务重启失败', outcome));%0A+       return;%0A+     }%0A+     setCoreStatus(outcome.data.status);%0A+     setMessage(`本地服务已进入${outcome.data.status.status}状态。`);%0A+     await refreshWorkspace();%0A+   };%0A+%0A+   const cancelTask = async (taskId: string, projectId: string | null): Promise<void> => {%0A+     const outcome = await bridge.task.cancel(taskId, projectId ?? undefined);%0A+     if (outcome.state !== 'success') setFailure(failureFromOutcome('任务取消失败', outcome));%0A+     await refreshTasks();%0A+   };%0A+%0A+   return (%0A+     <div className="react-app-shell" data-react-runtime="running" data-react-shell>%0A+       <header className="react-top-bar">%0A+         <button%0A+           aria-expanded={navOpen}%0A+           aria-label="打开一级导航"%0A+           className="icon-button react-nav-toggle"%0A+           ref={navToggle}%0A+           type="button"%0A+           onClick={() => setNavOpen((open) => !open)}%0A+         >%0A+           ☰%0A+         </button>%0A+         <button className="react-brand" type="button" onClick={() => navigate('home')}>%0A+           <strong>WorldForge</strong>%0A+           <span>{activeProject?.name ?? '本地写作工作台'}</span>%0A+         </button>%0A+         <div className="react-top-bar__status" aria-live="polite">%0A+           <span data-status={coreStatus?.status ?? 'starting'}>%0A+             本地服务 · {coreStatus?.status ?? '正在连接'}%0A+           </span>%0A+           <span>{activeProject?.databaseMode === 'read-only' ? '只读' : '本地'}</span>%0A+           <span>任务 {tasks.length}</span>%0A+         </div>%0A+         <button%0A+           aria-expanded={helpOpen}%0A+           className="quiet-button"%0A+           data-open-context-help%0A+           ref={helpTrigger}%0A+           type="button"%0A+           onClick={() => setHelpOpen((open) => !open)}%0A+         >%0A+           帮助%0A+         </button>%0A+         <button%0A+           className="quiet-button"%0A+           data-open-settings%0A+           ref={settingsTrigger}%0A+           type="button"%0A+           onClick={() => navigate('settings')}%0A+         >%0A+           设置%0A+         </button>%0A+       </header>%0A+%0A+       {activeProject ? (%0A+         <section className="react-project-context" data-active-project data-react-project-context>%0A+           <div>%0A+             <strong data-active-project-name>{activeProject.name}</strong>%0A+             <span data-active-project-path title={activeProject.workspacePath}>%0A+               {activeProject.workspacePath}%0A+             </span>%0A+           </div>%0A+           <span data-active-project-mode>%0A+             {activeProject.databaseMode === 'read-only' ? '只读兼容模式' : '可写 · 本地数据库'}%0A+           </span>%0A+           {activeProject.databaseMode === 'read-only' ? (%0A+             <span data-active-project-readonly>{activeProject.readOnlyReason ?? '兼容性保护'}</span>%0A+           ) : null}%0A+           {message ? (%0A+             <span data-project-operation-status role="status">%0A+               {message}%0A+             </span>%0A+           ) : null}%0A+           <div className="react-project-context__actions">%0A+             <button%0A+               className="quiet-button"%0A+               data-open-continuity%0A+               disabled={!capabilities.project.canonReadable || Boolean(pendingKey)}%0A+               title={%0A+                 capabilities.project.canonReadable%0A+                   ? undefined%0A+                   : '当前作品处于恢复保护状态，连续性账本暂不可读取。'%0A+               }%0A+               type="button"%0A+               onClick={() => {%0A+                 setCanonSection('continuity');%0A+                 void transitionToRoute('canon');%0A+               }}%0A+             >%0A+               连续性账本%0A+             </button>%0A+             <button%0A+               className="quiet-button"%0A+               data-open-narrative-planning%0A+               disabled={!capabilities.project.canonReadable || Boolean(pendingKey)}%0A+               title={%0A+                 capabilities.project.canonReadable%0A+                   ? undefined%0A+                   : '当前作品处于恢复保护状态，伏笔与弧光暂不可读取。'%0A+               }%0A+               type="button"%0A+               onClick={() => {%0A+                 setCanonSection('narrative');%0A+                 void transitionToRoute('canon');%0A+               }}%0A+             >%0A+               伏笔与弧光%0A+             </button>%0A+             <button%0A+               className="quiet-button"%0A+               data-open-state-proposals%0A+               disabled={!capabilities.project.canonReadable || Boolean(pendingKey)}%0A+               title={%0A+                 capabilities.project.canonReadable%0A+                   ? undefined%0A+                   : '当前作品处于恢复保护状态，设定更新建议暂不可读取。'%0A+               }%0A+               type="button"%0A+               onClick={() => {%0A+                 setCanonSection('proposals');%0A+                 void transitionToRoute('canon');%0A+               }}%0A+             >%0A+               设定更新建议%0A+             </button>%0A+             <button%0A+               className="quiet-button"%0A+               data-open-recovery%0A+               disabled={%0A+                 (!capabilities.project.restoreAvailable && !capabilities.project.exportAvailable) ||%0A+                 Boolean(pendingKey)%0A+               }%0A+               type="button"%0A+               onClick={() => {%0A+                 setDataToolsSection('recovery');%0A+                 void transitionToRoute('recovery');%0A+               }}%0A+             >%0A+               恢复与导出%0A+             </button>%0A+             <button%0A+               className="quiet-button"%0A+               data-open-text-io%0A+               disabled={!capabilities.project.exportAvailable || Boolean(pendingKey)}%0A+               title={%0A+                 capabilities.project.exportAvailable ? undefined : '当前作品无法安全导入或导出。'%0A+               }%0A+               type="button"%0A+               onClick={() => {%0A+                 setDataToolsSection('import-export');%0A+                 void transitionToRoute('recovery');%0A+               }}%0A+             >%0A+               导入导出%0A+             </button>%0A+             <button%0A+               className="quiet-button"%0A+               data-move-project%0A+               disabled={!capabilities.project.moveAvailable || Boolean(pendingKey)}%0A+               type="button"%0A+               onClick={() => void moveProject(activeProject.projectId)}%0A+             >%0A+               移动项目%0A+             </button>%0A+             <button%0A+               className="quiet-button"%0A+               data-close-project%0A+               disabled={Boolean(pendingKey)}%0A+               type="button"%0A+               onClick={() => void closeProject(activeProject.projectId)}%0A+             >%0A+               关闭项目%0A+             </button>%0A+           </div>%0A+         </section>%0A+       ) : null}%0A+%0A+       <div className="react-shell-grid" data-nav-open={navOpen}>%0A+         <nav className="react-primary-nav" aria-label="一级导航">%0A+           {navigation.map((item) => (%0A+             <button%0A+               aria-current={item.current ? 'page' : undefined}%0A+               className="react-primary-nav__item"%0A+               data-current={item.current}%0A+               data-open-canon={item.id === 'canon' ? '' : undefined}%0A+               data-open-planning={item.id === 'planning' ? '' : undefined}%0A+               data-primary-navigation={item.id}%0A+               disabled={item.disabled}%0A+               key={item.id}%0A+               title={item.disabledReason ?? undefined}%0A+               type="button"%0A+               onClick={() => navigate(item.id)}%0A+             >%0A+               <strong>{item.label}</strong>%0A+               <span>{item.description}</span>%0A+             </button>%0A+           ))}%0A+         </nav>%0A+         {navOpen ? (%0A+           <button%0A+             aria-label="关闭一级导航"%0A+             className="react-nav-scrim"%0A+             type="button"%0A+             onClick={() => setNavOpen(false)}%0A+           />%0A+         ) : null}%0A+%0A+         <main className="react-main" ref={mainContent}>%0A+           {globalStatus ? (%0A+             <SafetyBanner%0A+               action={globalStatusAction}%0A+               diagnosticId={globalStatus.id === 'failure' ? (failure?.diagnosticId ?? null) : null}%0A+               kind={%0A+                 globalStatus.id === 'failure' || globalStatus.id === 'core'%0A+                   ? 'danger'%0A+                   : globalStatus.priority === 'P0' || globalStatus.priority === 'P2'%0A+                     ? 'warning'%0A+                     : 'info'%0A+               }%0A+               message={globalStatus.message}%0A+               title={%0A+                 globalStatus.id === 'failure'%0A+                   ? (failure?.title ?? '操作失败')%0A+                   : globalStatus.priority === 'P0'%0A+                     ? '保护状态'%0A+                     : '工作区状态'%0A+               }%0A+             />%0A+           ) : null}%0A+           {helpOpen ? (%0A+             <ContextHelp%0A+               disclosureMode={disclosureMode}%0A+               route={route}%0A+               seenTips={settings.onboardingTipsSeen}%0A+               onClose={() => {%0A+                 setHelpOpen(false);%0A+                 window.requestAnimationFrame(() => helpTrigger.current?.focus());%0A+               }}%0A+               onDismissTip={(tip) =>%0A+                 void saveSettings({%0A+                   onboardingTipsSeen: [...new Set([...settings.onboardingTipsSeen, tip])],%0A+                 })%0A+               }%0A+               onOpenOnboarding={() => {%0A+                 setHelpOpen(false);%0A+                 if (activeProject) {%0A+                   void saveSettings({ onboardingScaffoldDismissed: false });%0A+                   setMessage('已在首页重新显示项目引导建议。');%0A+                 } else {%0A+                   setOnboardingRequest((request) => request + 1);%0A+                 }%0A+                 navigate('home');%0A+               }}%0A+             />%0A+           ) : null}%0A+%0A+           {route === 'home' || route === 'project' ? (%0A+             <HomePage%0A+               activeProject={activeProject}%0A+               activeTaskCount={tasks.length}%0A+               continuation={continuation}%0A+               disclosureMode={disclosureMode}%0A+               healthSignals={healthSignals}%0A+               message={message}%0A+               onboardingRequest={onboardingRequest}%0A+               pendingKey={pendingKey}%0A+               projectCapabilities={capabilities.project}%0A+               providerAvailable={aiReadiness.status === 'ready'}%0A+               recentProjects={recentProjects}%0A+               settings={settings}%0A+               onCloseProject={(projectId) => void closeProject(projectId)}%0A+               onCreate={createFromOnboarding}%0A+               onContinue={() => {%0A+                 if (activeProject) {%0A+                   void transitionToRoute(continuationRoute(continuation));%0A+                   return;%0A+                 }%0A+                 const recent = [...recentProjects]%0A+                   .filter((project) => project.missingSince === null)%0A+                   .sort(%0A+                     (left, right) => Date.parse(right.lastOpenedAt) - Date.parse(left.lastOpenedAt),%0A+                   )[0];%0A+                 if (recent) void openRecent(recent.projectId);%0A+               }}%0A+               onMoveProject={(projectId) => void moveProject(projectId)}%0A+               onNavigate={navigate}%0A+               onOpenRecent={(projectId) => void openRecent(projectId)}%0A+               onOpenRecovery={() => void transitionToRoute('recovery')}%0A+               onOpenSelected={(recover) => void openSelected(recover)}%0A+               onRelocateRecent={(projectId) => void relocateRecent(projectId)}%0A+               onRemoveRecent={(projectId) => void removeRecent(projectId)}%0A+               onSaveSettings={saveSettings}%0A+             />%0A+           ) : null}%0A+%0A+           {route === 'settings' ? (%0A+             <SettingsPage%0A+               appearance={appearance}%0A+               bridge={bridge}%0A+               coreStatus={coreStatus}%0A+               disclosureMode={disclosureMode}%0A+               message={message}%0A+               pendingKey={pendingKey}%0A+               settings={settings}%0A+               aiReady={aiReadiness.status === 'ready'}%0A+               onProvidersChanged={applyProviders}%0A+               onProviderConnectionVerified={(result: ProviderConnectionTestResult) => {%0A+                 setVerifiedProviderIds((current) => new Set([...current, result.providerId]));%0A+               }}%0A+               onProviderInvalidated={(providerId) => {%0A+                 setVerifiedProviderIds((current) => {%0A+                   const next = new Set(current);%0A+                   next.delete(providerId);%0A+                   return next;%0A+                 });%0A+               }}%0A+               onClose={() => {%0A+                 const target = restoreAppShellRoute(settingsReturnRoute.current, {%0A+                   activeProjectId: activeProject?.projectId ?? null,%0A+                   disclosureMode,%0A+                 });%0A+                 void transitionToRoute(target).then((changed) => {%0A+                   if (changed) window.requestAnimationFrame(() => settingsTrigger.current?.focus());%0A+                 });%0A+               }}%0A+               onResetSettings={() => {%0A+                 void bridge.settings.reset().then((outcome) => {%0A+                   if (outcome.state === 'success') {%0A+                     confirmedSettings.current = outcome.data.settings;%0A+                     setSettings(outcome.data.settings);%0A+                     setMessage('已恢复默认设置。');%0A+                   } else setFailure(failureFromOutcome('恢复默认设置失败', outcome));%0A+                 });%0A+               }}%0A+               onRestartCore={() => void restartCore()}%0A+               onSaveAppearance={saveAppearance}%0A+               onSaveSettings={saveSettings}%0A+               onOpenOnboarding={() => {%0A+                 if (activeProject) {%0A+                   void saveSettings({ onboardingScaffoldDismissed: false });%0A+                   setMessage('已在首页重新显示项目引导建议。');%0A+                 } else {%0A+                   setOnboardingRequest((request) => request + 1);%0A+                 }%0A+                 navigate('home');%0A+               }}%0A+             />%0A+           ) : null}%0A+%0A+           {route === 'planning' && activeProject ? (%0A+             <PlanningWorkbench%0A+               bridge={bridge}%0A+               projectId={activeProject.projectId}%0A+               readOnly={activeProject.databaseMode === 'read-only'}%0A+               onClose={() => void transitionToRoute('writing')}%0A+               onReturn={() => void returnToAuthorSource()}%0A+             />%0A+           ) : null}%0A+%0A+           {route === 'canon' && activeProject ? (%0A+             <CanonWorkbench%0A+               bridge={bridge}%0A+               projectId={activeProject.projectId}%0A+               projectName={activeProject.name}%0A+               readOnly={activeProject.databaseMode === 'read-only'}%0A+               section={canonSection}%0A+               selectedEntityId={selection.entityId}%0A+               onSectionChange={setCanonSection}%0A+               onReturn={() => void returnToAuthorSource()}%0A+             />%0A+           ) : null}%0A+%0A+           {route === 'recovery' && activeProject ? (%0A+             <DataToolsWorkbench%0A+               bridge={bridge}%0A+               projectId={activeProject.projectId}%0A+               readOnly={activeProject.databaseMode === 'read-only'}%0A+               section={dataToolsSection}%0A+               onClose={() => void transitionToRoute('writing')}%0A+               onProjectRestored={refreshWorkspace}%0A+               onSectionChange={setDataToolsSection}%0A+             />%0A+           ) : null}%0A+%0A+           {isWritingRoute(route) && activeProject ? (%0A+             <WritingWorkbench%0A+               bridge={bridge}%0A+               disclosureMode={disclosureMode}%0A+               initialContinuation={continuation}%0A+               panel={writingPanel}%0A+               project={activeProject}%0A+               navigationChapterId={selection.chapterId}%0A+               navigationLogicalBlockId={selection.logicalBlockId}%0A+               navigationVersionId={selection.versionId}%0A+               navigationQuery={navigationQuery}%0A+               onNavigate={navigateToAuthorTarget}%0A+               onPanelChange={(panel) =>%0A+                 void transitionToRoute(%0A+                   panel === 'versions'%0A+                     ? 'versions'%0A+                     : panel === 'candidates'%0A+                       ? 'candidates'%0A+                       : 'writing',%0A+                 )%0A+               }%0A+               onStatus={(nextMessage) => {%0A+                 setMessage(nextMessage);%0A+                 void refreshWorkspaceAttention();%0A+               }}%0A+               onReturn={() => void returnToAuthorSource()}%0A+             />%0A+           ) : null}%0A+%0A+           {route === 'checks' && activeProject ? (%0A+             <ChecksWorkbench%0A+               bridge={bridge}%0A+               projectId={activeProject.projectId}%0A+               readOnly={activeProject.databaseMode === 'read-only'}%0A+               onNavigate={navigateToAuthorTarget}%0A+             />%0A+           ) : null}%0A+         </main>%0A+       </div>%0A+%0A+       <TaskBar%0A+         foregroundTaskId={foregroundTaskId}%0A+         tasks={tasks}%0A+         onCancel={(taskId, projectId) => void cancelTask(taskId, projectId)}%0A+       />%0A+     </div>%0A+   );%0A+ }%0A+%0A+ function isWritingRoute(route: RendererRouteId): boolean {%0A+   return route === 'writing' || route === 'versions' || route === 'candidates';%0A+ }%0A+%0A+ function authorReturnFocusKey(element: Element | null): string | null {%0A+   return element instanceof HTMLElement ? (element.dataset.authorReturnKey ?? null) : null;%0A+ }%0A+%0A+ function focusAuthorReturnTarget(focusKey: string | null): void {%0A+   if (!focusKey) return;%0A+   const target = Array.from(%0A+     document.querySelectorAll<HTMLElement>('[data-author-return-key]'),%0A+   ).find((element) => element.dataset.authorReturnKey === focusKey);%0A+   target?.focus();%0A+ }%0A+%0A+ function continuationRoute(%0A+   continuation: ProjectContinuationSnapshot | null,%0A+ ): 'writing' | 'versions' | 'candidates' {%0A+   if (continuation?.status !== 'ready') return 'writing';%0A+   return continuation.panel === 'editor' ? 'writing' : continuation.panel;%0A+ }%0A+%0A+ function isCancelledOutcome(outcome: BridgeRequestOutcome<unknown>): boolean {%0A+   return (%0A+     outcome.state === 'cancelled' ||%0A+     (outcome.state === 'failure' && outcome.error.code === 'COMMON_CANCELLED_004')%0A+   );%0A+ }%0A+%0A+ interface FailureView {%0A+   readonly title: string;%0A+   readonly message: string;%0A+   readonly retryable: boolean;%0A+   readonly diagnosticId: string | null;%0A+ }%0A+%0A+ function failureFromOutcome(title: string, outcome: BridgeRequestOutcome<unknown>): FailureView {%0A+   if (outcome.state === 'failure') {%0A+     return {%0A+       title,%0A+       message: authorErrorSummary(outcome.error),%0A+       retryable: outcome.error.retryable,%0A+       diagnosticId: outcome.error.diagnosticId ?? null,%0A+     };%0A+   }%0A+   return {%0A+     title,%0A+     message: outcome.state === 'cancelled' ? '操作已取消。' : '响应已被更新请求替代。',%0A+     retryable: outcome.state !== 'cancelled',%0A+     diagnosticId: null,%0A+   };%0A+ }%0A+%0A+ function contentWidthPixels(%0A+   preference: AppearancePreferences['contentWidth'],%0A+   viewportWidth: number,%0A+ ): number {%0A+   if (preference === 'narrow') return Math.min(720, viewportWidth - 48);%0A+   if (preference === 'wide') return Math.min(1280, viewportWidth - 48);%0A+   if (preference === 'adaptive') return Math.min(Math.max(720, viewportWidth * 0.72), 1440);%0A+   return Math.min(960, viewportWidth - 48);%0A+ }%0A+%0A%0A ❯ tests/unit/v1-stability-remediation.test.ts:50:19%0A%0A
1m+               onPanelChange={(panel) =>[39m
[31m+                 void transitionToRoute([39m
[31m+                   panel === 'versions'[39m
[31m+                     ? 'versions'[39m
[31m+                     : panel === 'candidates'[39m
[31m+                       ? 'candidates'[39m
[31m+                       : 'writing',[39m
[31m+                 )[39m
[31m+               }[39m
[31m+               onStatus={(nextMessage) => {[39m
[31m+                 setMessage(nextMessage);[39m
[31m+                 void refreshWorkspaceAttention();[39m
[31m+               }}[39m
[31m+               onReturn={() => void returnToAuthorSource()}[39m
[31m+             />[39m
[31m+           ) : null}[39m
[31m+[39m
[31m+           {route === 'checks' && activeProject ? ([39m
[31m+             <ChecksWorkbench[39m
[31m+               bridge={bridge}[39m
[31m+               projectId={activeProject.projectId}[39m
[31m+               readOnly={activeProject.databaseMode === 'read-only'}[39m
[31m+               onNavigate={navigateToAuthorTarget}[39m
[31m+             />[39m
[31m+           ) : null}[39m
[31m+         </main>[39m
[31m+       </div>[39m
[31m+[39m
[31m+       <TaskBar[39m
[31m+         foregroundTaskId={foregroundTaskId}[39m
[31m+         tasks={tasks}[39m
[31m+         onCancel={(taskId, projectId) => void cancelTask(taskId, projectId)}[39m
[31m+       />[39m
[31m+     </div>[39m
[31m+   );[39m
[31m+ }[39m
[31m+[39m
[31m+ function isWritingRoute(route: RendererRouteId): boolean {[39m
[31m+   return route === 'writing' || route === 'versions' || route === 'candidates';[39m
[31m+ }[39m
[31m+[39m
[31m+ function authorReturnFocusKey(element: Element | null): string | null {[39m
[31m+   return element instanceof HTMLElement ? (element.dataset.authorReturnKey ?? null) : null;[39m
[31m+ }[39m
[31m+[39m
[31m+ function focusAuthorReturnTarget(focusKey: string | null): void {[39m
[31m+   if (!focusKey) return;[39m
[31m+   const target = Array.from([39m
[31m+     document.querySelectorAll<HTMLElement>('[data-author-return-key]'),[39m
[31m+   ).find((element) => element.dataset.authorReturnKey === focusKey);[39m
[31m+   target?.focus();[39m
[31m+ }[39m
[31m+[39m
[31m+ function continuationRoute([39m
[31m+   continuation: ProjectContinuationSnapshot | null,[39m
[31m+ ): 'writing' | 'versions' | 'candidates' {[39m
[31m+   if (continuation?.status !== 'ready') return 'writing';[39m
[31m+   return continuation.panel === 'editor' ? 'writing' : continuation.panel;[39m
[31m+ }[39m
[31m+[39m
[31m+ function isCancelledOutcome(outcome: BridgeRequestOutcome<unknown>): boolean {[39m
[31m+   return ([39m
[31m+     outcome.state === 'cancelled' ||[39m
[31m+     (outcome.state === 'failure' && outcome.error.code === 'COMMON_CANCELLED_004')[39m
[31m+   );[39m
[31m+ }[39m
[31m+[39m
[31m+ interface FailureView {[39m
[31m+   readonly title: string;[39m
[31m+   readonly message: string;[39m
[31m+   readonly retryable: boolean;[39m
[31m+   readonly diagnosticId: string | null;[39m
[31m+ }[39m
[31m+[39m
[31m+ function failureFromOutcome(title: string, outcome: BridgeRequestOutcome<unknown>): FailureView {[39m
[31m+   if (outcome.state === 'failure') {[39m
[31m+     return {[39m
[31m+       title,[39m
[31m+       message: authorErrorSummary(outcome.error),[39m
[31m+       retryable: outcome.error.retryable,[39m
[31m+       diagnosticId: outcome.error.diagnosticId ?? null,[39m
[31m+     };[39m
[31m+   }[39m
[31m+   return {[39m
[31m+     title,[39m
[31m+     message: outcome.state === 'cancelled' ? '操作已取消。' : '响应已被更新请求替代。',[39m
[31m+     retryable: outcome.state !== 'cancelled',[39m
[31m+     diagnosticId: null,[39m
[31m+   };[39m
[31m+ }[39m
[31m+[39m
[31m+ function contentWidthPixels([39m
[31m+   preference: AppearancePreferences['contentWidth'],[39m
[31m+   viewportWidth: number,[39m
[31m+ ): number {[39m
[31m+   if (preference === 'narrow') return Math.min(720, viewportWidth - 48);[39m
[31m+   if (preference === 'wide') return Math.min(1280, viewportWidth - 48);[39m
[31m+   if (preference === 'adaptive') return Math.min(Math.max(720, viewportWidth * 0.72), 1440);[39m
[31m+   return Math.min(960, viewportWidth - 48);[39m
[31m+ }[39m
[31m+[39m

[36m [2m❯[22m tests/unit/app-shell-capability-actions.test.ts:[2m13:19[22m[39m
    [90m 11|[39m     expect(shell).toContain('projectCapabilities={capabilities.project…
    [90m 12|[39m     [34mexpect[39m(shell)[33m.[39m[34mtoContain[39m([32m'!capabilities.project.moveAvailable'[39m)[33m;[39m
    [90m 13|[39m     [34mexpect[39m(shell)[33m.[39m[34mtoContain[39m([32m'availability,\n      disclosureMode'[39m)[33m;[39m
    [90m   |[39m                   [31m^[39m
    [90m 14|[39m     [34mexpect[39m(home)[33m.[39m[34mtoContain[39m([32m'!projectCapabilities.draftReadable'[39m)[33m;[39m
    [90m 15|[39m     [34mexpect[39m(home)[33m.[39m[34mtoContain[39m([32m'!projectCapabilities.structureReadable'[39m)[33m;[39m

[31m[2m⎯⎯⎯⎯⎯⎯⎯⎯⎯⎯⎯⎯⎯⎯⎯⎯⎯⎯⎯⎯⎯⎯⎯⎯[1/3]⎯[22m[39m

[41m[1m FAIL [22m[49m tests/unit/author-language.test.ts[2m > [22m作者错误说明[2m > [22m保存冲突时明确说明系统没有覆盖正文
[31m[1mAssertionError[22m: expected { title: '操作未完成', …(2) } to deeply equal { title: '当前稿已经发生变化', …(2) }[39m

[32m- Expected[39m
[31m+ Received[39m

[2m  {[22m
[32m-   "message": "建议稿生成后，当前稿又有新的修改。系统没有覆盖正文。",[39m
[32m-   "suggestedAction": "请重新比较内容后再采用。",[39m
[32m-   "title": "当前稿已经发生变化",[39m
[31m+   "message": "系统未能完成本次操作，现有内容保持不变。",[39m
[31m+   "suggestedAction": "请查看技术详情后重试。",[39m
[31m+   "title": "操作未完成",[39m
[2m  }[22m

[36m [2m❯[22m tests/unit/author-language.test.ts:[2m84:53[22m[39m
    [90m 82|[39m [34mdescribe[39m([32m'作者错误说明'[39m[33m,[39m () [33m=>[39m {
    [90m 83|[39m   [34mit[39m([32m'保存冲突时明确说明系统没有覆盖正文'[39m[33m,[39m () [33m=>[39m {
    [90m 84|[39m     [34mexpect[39m([34mauthorErrorMessage[39m([32m'REVISION_CONFLICT'[39m))[33m.[39m[34mtoEqual[39m({
    [90m   |[39m                                                     [31m^[39m
    [90m 85|[39m       title[33m:[39m [32m'当前稿已经发生变化'[39m[33m,[39m
    [90m 86|[39m       message[33m:[39m [32m'建议稿生成后，当前稿又有新的修改。系统没有覆盖正文。'[39m[33m,[39m

[31m[2m⎯⎯⎯⎯⎯⎯⎯⎯⎯⎯⎯⎯⎯⎯⎯⎯⎯⎯⎯⎯⎯⎯⎯⎯[2/3]⎯[22m[39m

[41m[1m FAIL [22m[49m tests/unit/v1-stability-remediation.test.ts[2m > [22mM8-09 V1.0稳定性回归[2m > [22m启动重开、跨作品隔离和退出重试具有代码级守卫
[31m[1mAssertionError[22m: expected 'import { useCallback, useEffect, useM…' to contain 'let active = true;'[39m

[32m- Expected[39m
[31m+ Received[39m

[32m- let active = true;[39m
[31m+ import { useCallback, useEffect, useMemo, useRef, useState } from 'react';[39m
[31m+[39m
[31m+ import {[39m
[31m+   DEFAULT_APPEARANCE_PREFERENCES,[39m
[31m+   DEFAULT_APP_SETTINGS,[39m
[31m+   type AppSettings,[39m
[31m+   type AppSettingsUpdate,[39m
[31m+   type AppearancePreferences,[39m
[31m+   type CoreStatus,[39m
[31m+   type ProjectCreateInput,[39m
[31m+   type ProjectContinuationSnapshot,[39m
[31m+   type ProjectWorkspaceSummary,[39m
[31m+   type ProviderConnectionTestResult,[39m
[31m+   type ProviderSummary,[39m
[31m+   type RecentProject,[39m
[31m+   type TaskSnapshot,[39m
[31m+ } from '@worldforge/contracts';[39m
[31m+[39m
[31m+ import type { RendererBridgeAdapter } from '../bridge/renderer-bridge-adapter.js';[39m
[31m+ import type { BridgeRequestOutcome } from '../bridge/request-lifecycle.js';[39m
[31m+ import { ContextHelp } from '../components/context-help.js';[39m
[31m+ import { SafetyBanner } from '../components/safety-banner.js';[39m
[31m+ import { TaskBar } from '../components/task-bar.js';[39m
[31m+ import { CanonWorkbench, type CanonSection } from '../features/canon/canon-workbench.js';[39m
[31m+ import { ChecksWorkbench } from '../features/checks/checks-workbench.js';[39m
[31m+ import {[39m
[31m+   DataToolsWorkbench,[39m
[31m+   type DataToolsSection,[39m
[31m+ } from '../features/data-tools/data-tools-workbench.js';[39m
[31m+ import { HomePage, type OnboardingProjectPlan } from '../features/home/home-page.js';[39m
[31m+ import { PlanningWorkbench } from '../features/planning/planning-workbench.js';[39m
[31m+ import { SettingsPage } from '../features/settings/settings-page.js';[39m
[31m+ import { WritingWorkbench, type WritingPanel } from '../features/writing/writing-workbench.js';[39m
[31m+ import {[39m
[31m+   createPrimaryNavigationItems,[39m
[31m+   resolvePrimaryNavigationIntent,[39m
[31m+   restoreAppShellRoute,[39m
[31m+   type AppDisclosureMode,[39m
[31m+   type PrimaryNavigationId,[39m
[31m+ } from '../shell/app-shell-model.js';[39m
[31m+ import {[39m
[31m+   resolveAuthorNavigationTarget,[39m
[31m+   type AuthorNavigationTarget,[39m
[31m+ } from '../shell/navigation-target.js';[39m
[31m+ import type { HomeHealthSignal } from '../shell/home-dashboard-model.js';[39m
[31m+ import { resolveAiReadiness } from '../runtime/ai-readiness.js';[39m
[31m+ import { deriveCapabilityMatrix } from '../runtime/capability-matrix.js';[39m
[31m+ import { flushRegisteredDraft } from '../runtime/draft-flush-registry.js';[39m
[31m+ import { RendererStatusArbitrator } from '../runtime/status-arbitrator.js';[39m
[31m+ import {[39m
[31m+   EMPTY_WORKSPACE_ATTENTION,[39m
[31m+   loadWorkspaceAttention,[39m
[31m+   type WorkspaceAttention,[39m
[31m+ } from '../runtime/workspace-attention.js';[39m
[31m+ import type { RendererReturnLocation, RendererRouteId } from '../state/ui-state-boundary.js';[39m
[31m+ import { useRendererUiStore } from '../state/ui-store.js';[39m
[31m+[39m
[31m+ import { authorErrorSummary } from '../presentation/author-error-message.js';[39m
[31m+ export interface AppShellProps {[39m
[31m+   readonly bridge: RendererBridgeAdapter;[39m
[31m+   readonly legacySurface?: unknown;[39m
[31m+ }[39m
[31m+[39m
[31m+ export function AppShell({ bridge }: AppShellProps) {[39m
[31m+   const route = useRendererUiStore((state) => state.route);[39m
[31m+   const selection = useRendererUiStore((state) => state.selection);[39m
[31m+   const filters = useRendererUiStore((state) => state.filters);[39m
[31m+   const returnLocation = useRendererUiStore((state) => state.returnLocation);[39m
[31m+   const navigationQuery = useRendererUiStore((state) => state.filters['navigation.query'] ?? null);[39m
[31m+   const foregroundTaskId = useRendererUiStore((state) => state.foregroundRequestKey);[39m
[31m+   const dispatch = useRendererUiStore((state) => state.dispatch);[39m
[31m+   const [navOpen, setNavOpen] = useState(false);[39m
[31m+   const navToggle = useRef<HTMLButtonElement>(null);[39m
[31m+   const settingsTrigger = useRef<HTMLButtonElement>(null);[39m
[31m+   const settingsReturnRoute = useRef<RendererRouteId>('home');[39m
[31m+   const helpTrigger = useRef<HTMLButtonElement>(null);[39m
[31m+   const mainContent = useRef<HTMLElement>(null);[39m
[31m+   const initialWorkspaceResolved = useRef(false);[39m
[31m+   const workspaceAttentionGeneration = useRef(0);[39m
[31m+   const settingsWriteQueue = useRef<Promise<void>>(Promise.resolve());[39m
[31m+   const confirmedSettings = useRef<AppSettings>(DEFAULT_APP_SETTINGS);[39m
[31m+   const [activeProject, setActiveProject] = useState<ProjectWorkspaceSummary | null>(null);[39m
[31m+   const [continuation, setContinuation] = useState<ProjectContinuationSnapshot | null>(null);[39m
[31m+   const [recentProjects, setRecentProjects] = useState<readonly RecentProject[]>([]);[39m
[31m+   const [settings, setSettings] = useState<AppSettings>(DEFAULT_APP_SETTINGS);[39m
[31m+   const [appearance, setAppearance] = useState<AppearancePreferences>([39m
[31m+     DEFAULT_APPEARANCE_PREFERENCES,[39m
[31m+   );[39m
[31m+   const [coreStatus, setCoreStatus] = useState<CoreStatus | null>(null);[39m
[31m+   const [tasks, setTasks] = useState<readonly TaskSnapshot[]>([]);[39m
[31m+   const [providers, setProviders] = useState<readonly ProviderSummary[]>([]);[39m
[31m+   const [verifiedProviderIds, setVerifiedProviderIds] = useState<ReadonlySet<string>>([39m
[31m+     () => new Set(),[39m
[31m+   );[39m
[31m+   const [workspaceAttention, setWorkspaceAttention] =[39m
[31m+     useState<WorkspaceAttention>(EMPTY_WORKSPACE_ATTENTION);[39m
[31m+   const [onboardingRequest, setOnboardingRequest] = useState(0);[39m
[31m+   const [helpOpen, setHelpOpen] = useState(false);[39m
[31m+   const [pendingKey, setPendingKey] = useState<string | null>(null);[39m
[31m+   const [hydrated, setHydrated] = useState(false);[39m
[31m+   const [message, setMessage] = useState<string | null>('正在读取本地工作区…');[39m
[31m+   const [failure, setFailure] = useState<FailureView | null>(null);[39m
[31m+   const [canonSection, setCanonSection] = useState<CanonSection>('entities');[39m
[31m+   const [dataToolsSection, setDataToolsSection] = useState<DataToolsSection>('recovery');[39m
[31m+[39m
[31m+   useEffect(() => {[39m
[31m+     const onUnexpectedRendererError = (): void => {[39m
[31m+       setFailure({[39m
[31m+         title: '界面操作发生意外错误',[39m
[31m+         message: '系统已经阻止异常继续扩散，当前作品内容保持不变。请重新执行刚才的操作。',[39m
[31m+         retryable: true,[39m
[31m+         diagnosticId: null,[39m
[31m+       });[39m
[31m+       setMessage(null);[39m
[31m+     };[39m
[31m+     window.addEventListener('worldforge:unexpected-renderer-error', onUnexpectedRendererError);[39m
[31m+     return () =>[39m
[31m+       window.removeEventListener('worldforge:unexpected-renderer-error', onUnexpectedRendererError);[39m
[31m+   }, []);[39m
[31m+[39m
[31m+   const disclosureMode: AppDisclosureMode = settings.defaultMode;[39m
[31m+   const writingPanel: WritingPanel =[39m
[31m+     route === 'versions' ? 'versions' : route === 'candidates' ? 'candidates' : 'editor';[39m
[31m+   const aiReadiness = useMemo([39m
[31m+     () => resolveAiReadiness(providers, verifiedProviderIds),[39m
[31m+     [providers, verifiedProviderIds],[39m
[31m+   );[39m
[31m+   const capabilities = useMemo([39m
[31m+     () =>[39m
[31m+       deriveCapabilityMatrix({[39m
[31m+         hydrated,[39m
[31m+         coreStatus,[39m
[31m+         project: activeProject,[39m
[31m+         providerCount: providers.length,[39m
[31m+         verifiedProviderCount: verifiedProviderIds.size,[39m
[31m+       }),[39m
[31m+     [activeProject, coreStatus, hydrated, providers.length, verifiedProviderIds],[39m
[31m+   );[39m
[31m+[39m
[31m+   const applyProviders = useCallback((nextProviders: readonly ProviderSummary[]): void => {[39m
[31m+     setProviders(nextProviders);[39m
[31m+     const currentIds = new Set(nextProviders.map((provider) => provider.id));[39m
[31m+     setVerifiedProviderIds([39m
[31m+       (current) => new Set([...current].filter((providerId) => currentIds.has(providerId))),[39m
[31m+     );[39m
[31m+   }, []);[39m
[31m+[39m
[31m+   const refreshTasks = useCallback(async (): Promise<void> => {[39m
[31m+     const outcome = await bridge.task.listActive(undefined, { mode: 'replace' });[39m
[31m+     if (outcome.state === 'success') setTasks(outcome.data.tasks);[39m
[31m+   }, [bridge]);[39m
[31m+[39m
[31m+   const refreshWorkspace = useCallback(async (): Promise<void> => {[39m
[31m+     const [core, applicationSettings, windowPreferences, project, recent, activeTasks, providers] =[39m
[31m+       await Promise.all([[39m
[31m+         bridge.app.getCoreStatus({ mode: 'replace' }),[39m
[31m+         bridge.settings.get({ mode: 'replace' }),[39m
[31m+         bridge.app.getWindowPreferences({ mode: 'replace' }),[39m
[31m+         bridge.project.getActive({ mode: 'replace' }),[39m
[31m+         bridge.project.listRecent({ mode: 'replace' }),[39m
[31m+         bridge.task.listActive(undefined, { mode: 'replace' }),[39m
[31m+         bridge.providers.list({ mode: 'replace' }),[39m
[31m+       ]);[39m
[31m+[39m
[31m+     let nextFailure: FailureView | null = null;[39m
[31m+     if (core.state === 'success') setCoreStatus(core.data);[39m
[31m+     else nextFailure = failureFromOutcome('本地服务状态读取失败', core);[39m
[31m+[39m
[31m+     const resolvedSettings =[39m
[31m+       applicationSettings.state === 'success'[39m
[31m+         ? applicationSettings.data.settings[39m
[31m+         : DEFAULT_APP_SETTINGS;[39m
[31m+     if (applicationSettings.state === 'success') {[39m
[31m+       confirmedSettings.current = resolvedSettings;[39m
[31m+       setSettings(resolvedSettings);[39m
[31m+     } else nextFailure ??= failureFromOutcome('应用设置读取失败', applicationSettings);[39m
[31m+[39m
[31m+     if (windowPreferences.state === 'success') {[39m
[31m+       setAppearance({[39m
[31m+         workspaceAlignment: windowPreferences.data.workspaceAlignment,[39m
[31m+         uiScalePercent: windowPreferences.data.uiScalePercent,[39m
[31m+         bodyFontSize: windowPreferences.data.bodyFontSize,[39m
[31m+         contentWidth: windowPreferences.data.contentWidth,[39m
[31m+       });[39m
[31m+     } else nextFailure ??= failureFromOutcome('显示设置读取失败', windowPreferences);[39m
[31m+[39m
[31m+     if (recent.state === 'success') setRecentProjects(recent.data.projects);[39m
[31m+     else nextFailure ??= failureFromOutcome('最近作品读取失败', recent);[39m
[31m+[39m
[31m+     let resolvedProject: ProjectWorkspaceSummary | null = null;[39m
[31m+     if (project.state === 'success') resolvedProject = project.data;[39m
[31m+     else nextFailure ??= failureFromOutcome('项目状态读取失败', project);[39m
[31m+[39m
[31m+     const initialResolution = !initialWorkspaceResolved.current;[39m
[31m+     if ([39m
[31m+       initialResolution &&[39m
[31m+       project.state === 'success' &&[39m
[31m+       !resolvedProject &&[39m
[31m+       resolvedSettings.startupBehavior === 'reopen-last' &&[39m
[31m+       recent.state === 'success'[39m
[31m+     ) {[39m
[31m+       const candidate = recent.data.projects.find((entry) => entry.missingSince === null);[39m
[31m+       if (candidate) {[39m
[31m+         const reopened = await bridge.project.openRecent(candidate.projectId, { mode: 'replace' });[39m
[31m+         if (reopened.state === 'success') {[39m
[31m+           resolvedProject = reopened.data;[39m
[31m+         } else if (reopened.state === 'failure') {[39m
[31m+           nextFailure ??= failureFromOutcome('最近作品自动打开失败', reopened);[39m
[31m+         }[39m
[31m+       }[39m
[31m+     }[39m
[31m+[39m
[31m+     setActiveProject(resolvedProject);[39m
[31m+     let nextContinuation: ProjectContinuationSnapshot | null = null;[39m
[31m+     if (resolvedProject) {[39m
[31m+       const continuationOutcome = await bridge.project.getContinuation(resolvedProject.projectId, {[39m
[31m+         mode: 'replace',[39m
[31m+       });[39m
[31m+       if (continuationOutcome.state === 'success') {[39m
[31m+         nextContinuation = continuationOutcome.data;[39m
[31m+       } else if (continuationOutcome.state === 'failure') {[39m
[31m+         nextFailure ??= failureFromOutcome('上次写作位置读取失败', continuationOutcome);[39m
[31m+       }[39m
[31m+     }[39m
[31m+     setContinuation(nextContinuation);[39m
[31m+[39m
[31m+     if (initialResolution) {[39m
[31m+       initialWorkspaceResolved.current = true;[39m
[31m+       const restoredRoute = resolvedProject ? continuationRoute(nextContinuation) : 'home';[39m
[31m+       dispatch({[39m
[31m+         type: 'navigate',[39m
[31m+         route: restoreAppShellRoute(restoredRoute, {[39m
[31m+           activeProjectId: resolvedProject?.projectId ?? null,[39m
[31m+           disclosureMode: resolvedSettings.defaultMode,[39m
[31m+         }),[39m
[31m+       });[39m
[31m+     }[39m
[31m+[39m
[31m+     if (activeTasks.state === 'success') setTasks(activeTasks.data.tasks);[39m
[31m+     if (providers.state === 'success') applyProviders(providers.data.providers);[39m
[31m+     setFailure(nextFailure);[39m
[31m+     setMessage(null);[39m
[31m+     setHydrated(true);[39m
[31m+   }, [applyProviders, bridge, dispatch]);[39m
[31m+[39m
[31m+   useEffect(() => {[39m
[31m+     void refreshWorkspace();[39m
[31m+   }, [refreshWorkspace]);[39m
[31m+[39m
[31m+   useEffect(() => {[39m
[31m+     if (hydrated) document.body.dataset.rendererReady = 'true';[39m
[31m+   }, [hydrated]);[39m
[31m+[39m
[31m+   useEffect(() => {[39m
[31m+     const unsubscribe = bridge.task.subscribe(() => void refreshTasks());[39m
[31m+     return unsubscribe;[39m
[31m+   }, [bridge, refreshTasks]);[39m
[31m+[39m
[31m+   const refreshWorkspaceAttention = useCallback(async (): Promise<void> => {[39m
[31m+     const generation = workspaceAttentionGeneration.current + 1;[39m
[31m+     workspaceAttentionGeneration.current = generation;[39m
[31m+     const projectId = activeProject?.projectId ?? null;[39m
[31m+     if (!projectId) {[39m
[31m+       setWorkspaceAttention(EMPTY_WORKSPACE_ATTENTION);[39m
[31m+       return;[39m
[31m+     }[39m
[31m+     const next = await loadWorkspaceAttention(bridge, projectId);[39m
[31m+     if ([39m
[31m+       workspaceAttentionGeneration.current === generation &&[39m
[31m+       activeProject?.projectId === projectId[39m
[31m+     ) {[39m
[31m+       setWorkspaceAttention(next);[39m
[31m+     }[39m
[31m+   }, [activeProject, bridge]);[39m
[31m+[39m
[31m+   useEffect(() => {[39m
[31m+     void refreshWorkspaceAttention();[39m
[31m+     return () => {[39m
[31m+       workspaceAttentionGeneration.current += 1;[39m
[31m+     };[39m
[31m+   }, [refreshWorkspaceAttention, route, tasks]);[39m
[31m+[39m
[31m+   useEffect(() => {[39m
[31m+     document.body.dataset.theme = settings.themeId;[39m
[31m+     document.body.dataset.visualThemeVariant = settings.themeVariant;[39m
[31m+     document.body.dataset.motionPreference = settings.reduceMotion ? 'reduced' : 'full';[39m
[31m+     document.body.dataset.authorMode = settings.defaultMode;[39m
[31m+     document.body.dataset.projectState = activeProject[39m
[31m+       ? activeProject.databaseMode === 'read-only'[39m
[31m+         ? 'read-only'[39m
[31m+         : 'open'[39m
[31m+       : 'closed';[39m
[31m+     document.documentElement.style.setProperty([39m
[31m+       '--ui-scale',[39m
[31m+       String(appearance.uiScalePercent / 100),[39m
[31m+     );[39m
[31m+     document.documentElement.style.setProperty('--body-font-size', `${appearance.bodyFontSize}px`);[39m
[31m+     document.documentElement.style.setProperty([39m
[31m+       '--content-width',[39m
[31m+       `${contentWidthPixels(appearance.contentWidth, window.innerWidth)}px`,[39m
[31m+     );[39m
[31m+     document.body.dataset.workspaceAlignment = appearance.workspaceAlignment;[39m
[31m+   }, [activeProject, appearance, settings]);[39m
[31m+[39m
[31m+   useEffect(() => {[39m
[31m+     const onKeyDown = (event: KeyboardEvent): void => {[39m
[31m+       if (event.key === 'Escape' && navOpen) {[39m
[31m+         setNavOpen(false);[39m
[31m+         navToggle.current?.focus();[39m
[31m+       }[39m
[31m+     };[39m
[31m+     window.addEventListener('keydown', onKeyDown);[39m
[31m+     return () => window.removeEventListener('keydown', onKeyDown);[39m
[31m+   }, [navOpen]);[39m
[31m+[39m
[31m+   useEffect(() => {[39m
[31m+     dispatch({[39m
[31m+       type: 'select',[39m
[31m+       selection: { projectId: activeProject?.projectId ?? null },[39m
[31m+     });[39m
[31m+   }, [activeProject, dispatch]);[39m
[31m+[39m
[31m+   const availability = capabilities.navigation;[39m
[31m+[39m
[31m+   const navigation = createPrimaryNavigationItems({[39m
[31m+     activeProjectId: activeProject?.projectId ?? null,[39m
[31m+     currentRoute: route,[39m
[31m+     disclosureMode,[39m
[31m+     availability,[39m
[31m+   });[39m
[31m+[39m
[31m+   const flushWriting = useCallback(async (): Promise<boolean> => {[39m
[31m+     return flushRegisteredDraft();[39m
[31m+   }, []);[39m
[31m+[39m
[31m+   const transitionToRoute = useCallback([39m
[31m+     async (nextRoute: RendererRouteId): Promise<boolean> => {[39m
[31m+       if (route === nextRoute) return true;[39m
[31m+       if (isWritingRoute(route) && !(await flushWriting())) {[39m
[31m+         setMessage('自动保存失败，已阻止离开当前写作会话。');[39m
[31m+         return false;[39m
[31m+       }[39m
[31m+       setFailure(null);[39m
[31m+       setMessage(null);[39m
[31m+       dispatch({ type: 'navigate', route: nextRoute });[39m
[31m+       return true;[39m
[31m+     },[39m
[31m+     [dispatch, flushWriting, route],[39m
[31m+   );[39m
[31m+[39m
[31m+   const navigate = useCallback([39m
[31m+     (navigationId: PrimaryNavigationId): void => {[39m
[31m+       const resolution = resolvePrimaryNavigationIntent(navigationId, {[39m
[31m+         activeProjectId: activeProject?.projectId ?? null,[39m
[31m+         currentRoute: route,[39m
[31m+         disclosureMode,[39m
[31m+         availability,[39m
[31m+       });[39m
[31m+       if (!resolution.accepted) {[39m
[31m+         setMessage(resolution.reason);[39m
[31m+         return;[39m
[31m+       }[39m
[31m+       setNavOpen(false);[39m
[31m+       if (resolution.route === 'settings' && route !== 'settings') {[39m
[31m+         settingsReturnRoute.current = route;[39m
[31m+       }[39m
[31m+       void transitionToRoute(resolution.route).then((changed) => {[39m
[31m+         if (changed && navigationId === 'home') void refreshWorkspace();[39m
[31m+       });[39m
[31m+     },[39m
[31m+     [activeProject, availability, disclosureMode, refreshWorkspace, route, transitionToRoute],[39m
[31m+   );[39m
[31m+[39m
[31m+   const navigateToAuthorTarget = useCallback([39m
[31m+     (target: AuthorNavigationTarget): void => {[39m
[31m+       const resolution = resolveAuthorNavigationTarget(target);[39m
[31m+       void (async () => {[39m
[31m+         if (route !== resolution.route && isWritingRoute(route) && !(await flushWriting())) {[39m
[31m+           setMessage('自动保存失败，已阻止离开当前写作会话。');[39m
[31m+           return;[39m
[31m+         }[39m
[31m+         setFailure(null);[39m
[31m+         setMessage(null);[39m
[31m+         const sourceLocation: RendererReturnLocation = {[39m
[31m+           route,[39m
[31m+           selection: { ...selection },[39m
[31m+           filters: { ...filters },[39m
[31m+           scrollTop: Math.max(0, Math.round(mainContent.current?.scrollTop ?? 0)),[39m
[31m+           focusKey: authorReturnFocusKey(document.activeElement),[39m
[31m+         };[39m
[31m+         if (target.type === 'entity') setCanonSection('entities');[39m
[31m+         dispatch({ type: 'select', selection: resolution.selection });[39m
[31m+         for (const [key, value] of Object.entries(resolution.filters)) {[39m
[31m+           dispatch({ type: 'set-filter', key, value });[39m
[31m+         }[39m
[31m+         dispatch({[39m
[31m+           type: 'navigate',[39m
[31m+           route: resolution.route,[39m
[31m+           returnLocation: sourceLocation,[39m
[31m+         });[39m
[31m+       })();[39m
[31m+     },[39m
[31m+     [dispatch, filters, flushWriting, route, selection],[39m
[31m+   );[39m
[31m+[39m
[31m+   const returnToAuthorSource = useCallback(async (): Promise<void> => {[39m
[31m+     if (!returnLocation) return;[39m
[31m+     if (isWritingRoute(route) && !(await flushWriting())) {[39m
[31m+       setMessage('自动保存失败，已阻止返回来源页面。');[39m
[31m+       return;[39m
[31m+     }[39m
[31m+     const location = returnLocation;[39m
[31m+     dispatch({ type: 'return-to-source' });[39m
[31m+     window.requestAnimationFrame(() => {[39m
[31m+       window.requestAnimationFrame(() => {[39m
[31m+         if (mainContent.current) mainContent.current.scrollTop = location.scrollTop;[39m
[31m+         focusAuthorReturnTarget(location.focusKey);[39m
[31m+       });[39m
[31m+     });[39m
[31m+   }, [dispatch, flushWriting, returnLocation, route]);[39m
[31m+[39m
[31m+   const projectChanged = useCallback([39m
[31m+     async ([39m
[31m+       project: ProjectWorkspaceSummary | null,[39m
[31m+       resultMessage: string,[39m
[31m+     ): Promise<ProjectContinuationSnapshot | null> => {[39m
[31m+       setActiveProject(project);[39m
[31m+       let nextContinuation: ProjectContinuationSnapshot | null = null;[39m
[31m+       if (project) {[39m
[31m+         const outcome = await bridge.project.getContinuation(project.projectId, {[39m
[31m+           mode: 'replace',[39m
[31m+         });[39m
[31m+         if (outcome.state === 'success') nextContinuation = outcome.data;[39m
[31m+       }[39m
[31m+       setContinuation(nextContinuation);[39m
[31m+       const recent = await bridge.project.listRecent({ mode: 'replace' });[39m
[31m+       if (recent.state === 'success') setRecentProjects(recent.data.projects);[39m
[31m+       setMessage(resultMessage);[39m
[31m+       return nextContinuation;[39m
[31m+     },[39m
[31m+     [bridge],[39m
[31m+   );[39m
[31m+[39m
[31m+   const healthSignals = useMemo<readonly HomeHealthSignal[]>(() => {[39m
[31m+     const signals: HomeHealthSignal[] = [];[39m
[31m+     if (coreStatus && coreStatus.status !== 'healthy') {[39m
[31m+       signals.push({[39m
[31m+         id: 'core-health',[39m
[31m+         severity: 'data-risk',[39m
[31m+         title: '本地服务需要处理',[39m
[31m+         message: `当前状态：${coreStatus.status}。写入保持阻断，直到本地服务恢复正常。`,[39m
[31m+         intent: 'settings',[39m
[31m+       });[39m
[31m+     }[39m
[31m+     if (activeProject?.databaseMode === 'read-only') {[39m
[31m+       signals.push({[39m
[31m+         id: 'project-readonly',[39m
[31m+         severity: 'data-risk',[39m
[31m+         title: '作品处于只读保护',[39m
[31m+         message: `原因：${activeProject.readOnlyReason ?? '兼容性保护'}。可以浏览并安全导出。`,[39m
[31m+         intent: 'recovery',[39m
[31m+       });[39m
[31m+     }[39m
[31m+     const missingCount = recentProjects.filter((project) => project.missingSince !== null).length;[39m
[31m+     if (missingCount > 0) {[39m
[31m+       signals.push({[39m
[31m+         id: 'recent-missing',[39m
[31m+         severity: 'high',[39m
[31m+         title: `${missingCount}个最近作品路径失效`,[39m
[31m+         message: '重新定位后即可恢复入口，作品文件不会被删除。',[39m
[31m+         intent: 'recovery',[39m
[31m+       });[39m
[31m+     }[39m
[31m+     return signals;[39m
[31m+   }, [activeProject, coreStatus, recentProjects]);[39m
[31m+[39m
[31m+   const globalStatus = useMemo(() => {[39m
[31m+     const arbitrator = new RendererStatusArbitrator();[39m
[31m+     if (failure) {[39m
[31m+       arbitrator.publish({[39m
[31m+         id: 'failure',[39m
[31m+         priority: 'P0',[39m
[31m+         message: failure.message,[39m
[31m+         persistence: 'sticky',[39m
[31m+         createdAt: 5,[39m
[31m+       });[39m
[31m+     }[39m
[31m+     if (coreStatus && coreStatus.status !== 'healthy') {[39m
[31m+       arbitrator.publish({[39m
[31m+         id: 'core',[39m
[31m+         priority: 'P0',[39m
[31m+         message: `本地服务当前为${coreStatus.status}状态，写入保持阻断。`,[39m
[31m+         persistence: 'sticky',[39m
[31m+         createdAt: 4,[39m
[31m+       });[39m
[31m+     }[39m
[31m+     if (activeProject?.databaseMode === 'read-only') {[39m
[31m+       arbitrator.publish({[39m
[31m+         id: 'read-only',[39m
[31m+         priority: 'P0',[39m
[31m+         message: `作品处于只读保护：${activeProject.readOnlyReason ?? '兼容性保护'}。`,[39m
[31m+         persistence: 'sticky',[39m
[31m+         createdAt: 3,[39m
[31m+       });[39m
[31m+     }[39m
[31m+     if (tasks.length > 0) {[39m
[31m+       arbitrator.publish({[39m
[31m+         id: 'tasks',[39m
[31m+         priority: 'P1',[39m
[31m+         message: `${tasks.length}个后台任务正在运行，可在底部任务栏查看真实阶段或取消。`,[39m
[31m+         persistence: 'transient',[39m
[31m+         createdAt: 70,[39m
[31m+       });[39m
[31m+     }[39m
[31m+     if (workspaceAttention.searchStatus === 'rebuilding') {[39m
[31m+       arbitrator.publish({[39m
[31m+         id: 'search-rebuilding',[39m
[31m+         priority: 'P1',[39m
[31m+         message: '全文索引正在重建；写作保持可用，搜索结果将在完成后恢复完整。',[39m
[31m+         persistence: 'transient',[39m
[31m+         createdAt: 69,[39m
[31m+       });[39m
[31m+     }[39m
[31m+     if (workspaceAttention.partialCandidateCount > 0) {[39m
[31m+       arbitrator.publish({[39m
[31m+         id: 'candidate-partial',[39m
[31m+         priority: 'P2',[39m
[31m+         message: `当前章节有${workspaceAttention.partialCandidateCount}份未完成建议稿待处理，不能直接定稿。`,[39m
[31m+         persistence: 'sticky',[39m
[31m+         createdAt: 60,[39m
[31m+       });[39m
[31m+     } else if (workspaceAttention.pendingCandidateCount > 0) {[39m
[31m+       arbitrator.publish({[39m
[31m+         id: 'candidate-pending',[39m
[31m+         priority: 'P2',[39m
[31m+         message: `当前章节有${workspaceAttention.pendingCandidateCount}份建议稿待作者审阅。`,[39m
[31m+         persistence: 'sticky',[39m
[31m+         createdAt: 59,[39m
[31m+       });[39m
[31m+     }[39m
[31m+     if (workspaceAttention.pendingProposalCount > 0) {[39m
[31m+       arbitrator.publish({[39m
[31m+         id: 'proposal-pending',[39m
[31m+         priority: 'P2',[39m
[31m+         message: `有${workspaceAttention.pendingProposalCount}条设定更新建议等待作者裁决；尚未写入权威状态。`,[39m
[31m+         persistence: 'sticky',[39m
[31m+         createdAt: 58,[39m
[31m+       });[39m
[31m+     }[39m
[31m+     if (workspaceAttention.openValidationCount > 0) {[39m
[31m+       arbitrator.publish({[39m
[31m+         id: 'validation-open',[39m
[31m+         priority: 'P2',[39m
[31m+         message: workspaceAttention.highValidationCount[39m
[31m+           ? `有${workspaceAttention.openValidationCount}项检查问题待处理，其中${workspaceAttention.highValidationCount}项为高优先级。`[39m
[31m+           : `有${workspaceAttention.openValidationCount}项检查问题待处理。`,[39m
[31m+         persistence: 'sticky',[39m
[31m+         createdAt: 57,[39m
[31m+       });[39m
[31m+     }[39m
[31m+     if (workspaceAttention.backupFailureCount > 0) {[39m
[31m+       arbitrator.publish({[39m
[31m+         id: 'backup-failed',[39m
[31m+         priority: 'P2',[39m
[31m+         message: `有${workspaceAttention.backupFailureCount}次备份失败尚未由后续成功备份解除。`,[39m
[31m+         persistence: 'sticky',[39m
[31m+         createdAt: 57,[39m
[31m+       });[39m
[31m+     }[39m
[31m+     if (workspaceAttention.searchFailedCount > 0) {[39m
[31m+       arbitrator.publish({[39m
[31m+         id: 'search-failed',[39m
[31m+         priority: 'P2',[39m
[31m+         message: `全文索引有${workspaceAttention.searchFailedCount}项失败；权威数据未受影响，可重建索引。`,[39m
[31m+         persistence: 'sticky',[39m
[31m+         createdAt: 56,[39m
[31m+       });[39m
[31m+     } else if (workspaceAttention.searchStatus === 'stale') {[39m
[31m+       arbitrator.publish({[39m
[31m+         id: 'search-stale',[39m
[31m+         priority: 'P2',[39m
[31m+         message: '全文索引已过期；搜索可降级读取权威数据，建议重建索引。',[39m
[31m+         persistence: 'sticky',[39m
[31m+         createdAt: 55,[39m
[31m+       });[39m
[31m+     }[39m
[31m+     if (settings.creativePath === 'ai-first' && aiReadiness.status !== 'ready') {[39m
[31m+       arbitrator.publish({[39m
[31m+         id: 'ai-readiness',[39m
[31m+         priority: 'P2',[39m
[31m+         message: aiReadiness.message,[39m
[31m+         persistence: 'sticky',[39m
[31m+         createdAt: 54,[39m
[31m+       });[39m
[31m+     }[39m
[31m+     if (workspaceAttention.unavailableSources.length > 0) {[39m
[31m+       arbitrator.publish({[39m
[31m+         id: 'attention-unavailable',[39m
[31m+         priority: 'P3',[39m
[31m+         message: '部分工作区状态暂不可读取；未将失败查询误报为空状态。',[39m
[31m+         persistence: 'transient',[39m
[31m+         createdAt: 10,[39m
[31m+       });[39m
[31m+     }[39m
[31m+     const missing = recentProjects.filter((project) => project.missingSince !== null).length;[39m
[31m+     if (missing > 0) {[39m
[31m+       arbitrator.publish({[39m
[31m+         id: 'missing',[39m
[31m+         priority: 'P2',[39m
[31m+         message: `${missing}个最近作品路径失效，可重新定位恢复入口。`,[39m
[31m+         persistence: 'sticky',[39m
[31m+         createdAt: 53,[39m
[31m+       });[39m
[31m+     }[39m
[31m+     if (message) {[39m
[31m+       arbitrator.publish({[39m
[31m+         id: 'operation',[39m
[31m+         priority: 'P3',[39m
[31m+         message,[39m
[31m+         persistence: 'transient',[39m
[31m+         createdAt: 0,[39m
[31m+       });[39m
[31m+     }[39m
[31m+     return arbitrator.current();[39m
[31m+   }, [[39m
[31m+     activeProject,[39m
[31m+     aiReadiness,[39m
[31m+     coreStatus,[39m
[31m+     failure,[39m
[31m+     message,[39m
[31m+     recentProjects,[39m
[31m+     settings.creativePath,[39m
[31m+     tasks,[39m
[31m+     workspaceAttention,[39m
[31m+   ]);[39m
[31m+[39m
[31m+   const globalStatusAction = useMemo(() => {[39m
[31m+     if (!globalStatus) return undefined;[39m
[31m+     if (globalStatus.id === 'failure' && failure?.retryable) {[39m
[31m+       return { label: '重新读取', run: () => void refreshWorkspace() };[39m
[31m+     }[39m
[31m+     if (globalStatus.id === 'read-only') {[39m
[31m+       return { label: '恢复与导出', run: () => void transitionToRoute('recovery') };[39m
[31m+     }[39m
[31m+     if (globalStatus.id === 'missing') {[39m
[31m+       return { label: '查看最近作品', run: () => navigate('home') };[39m
[31m+     }[39m
[31m+     if (globalStatus.id === 'candidate-partial' || globalStatus.id === 'candidate-pending') {[39m
[31m+       return { label: '审阅建议稿', run: () => void transitionToRoute('candidates') };[39m
[31m+     }[39m
[31m+     if (globalStatus.id === 'proposal-pending') {[39m
[31m+       return {[39m
[31m+         label: '处理设定更新建议',[39m
[31m+         run: () => {[39m
[31m+           setCanonSection('continuity');[39m
[31m+           void transitionToRoute('canon');[39m
[31m+         },[39m
[31m+       };[39m
[31m+     }[39m
[31m+     if ([39m
[31m+       globalStatus.id === 'validation-open' ||[39m
[31m+       globalStatus.id === 'search-failed' ||[39m
[31m+       globalStatus.id === 'search-stale' ||[39m
[31m+       globalStatus.id === 'backup-failed'[39m
[31m+     ) {[39m
[31m+       return globalStatus.id === 'backup-failed'[39m
[31m+         ? { label: '打开恢复中心', run: () => void transitionToRoute('recovery') }[39m
[31m+         : { label: '打开检查', run: () => void transitionToRoute('checks') };[39m
[31m+     }[39m
[31m+     if (globalStatus.id === 'ai-readiness') {[39m
[31m+       return { label: '检查AI连接', run: () => navigate('settings') };[39m
[31m+     }[39m
[31m+     return undefined;[39m
[31m+   }, [failure, globalStatus, navigate, refreshWorkspace, transitionToRoute]);[39m
[31m+[39m
[31m+   const createProject = async (input: ProjectCreateInput): Promise<boolean> => {[39m
[31m+     setPendingKey('project.create');[39m
[31m+     setMessage('请选择保存位置…');[39m
[31m+     const outcome = await bridge.project.create(input);[39m
[31m+     setPendingKey(null);[39m
[31m+     if (isCancelledOutcome(outcome)) {[39m
[31m+       setMessage('已取消创建项目。');[39m
[31m+       return false;[39m
[31m+     }[39m
[31m+     if (outcome.state !== 'success') {[39m
[31m+       setFailure(failureFromOutcome('作品创建失败', outcome));[39m
[31m+       setMessage(null);[39m
[31m+       return false;[39m
[31m+     }[39m
[31m+     await projectChanged(outcome.data, '项目已创建，路径和数据库完整性校验通过。');[39m
[31m+     dispatch({ type: 'navigate', route: 'writing' });[39m
[31m+     return true;[39m
[31m+   };[39m
[31m+[39m
[31m+   const openSelected = async (recover: boolean): Promise<void> => {[39m
[31m+     setPendingKey('project.openSelected');[39m
[31m+     setMessage('请选择作品目录…');[39m
[31m+     const outcome = await bridge.project.openSelected();[39m
[31m+     setPendingKey(null);[39m
[31m+     if (isCancelledOutcome(outcome)) {[39m
[31m+       setMessage('已取消打开项目。');[39m
[31m+       return;[39m
[31m+     }[39m
[31m+     if (outcome.state !== 'success') {[39m
[31m+       setFailure(failureFromOutcome('作品打开失败', outcome));[39m
[31m+       setMessage(null);[39m
[31m+       return;[39m
[31m+     }[39m
[31m+     const nextContinuation = await projectChanged(outcome.data, '项目已安全打开。');[39m
[31m+     dispatch({[39m
[31m+       type: 'navigate',[39m
[31m+       route: recover ? 'recovery' : continuationRoute(nextContinuation),[39m
[31m+     });[39m
[31m+   };[39m
[31m+[39m
[31m+   const openRecent = async (projectId: string): Promise<void> => {[39m
[31m+     setPendingKey(`project.openRecent:${projectId}`);[39m
[31m+     const outcome = await bridge.project.openRecent(projectId);[39m
[31m+     setPendingKey(null);[39m
[31m+     if (outcome.state !== 'success') {[39m
[31m+       setFailure(failureFromOutcome('最近作品打开失败', outcome));[39m
[31m+       return;[39m
[31m+     }[39m
[31m+     const nextContinuation = await projectChanged(outcome.data, '最近作品已安全打开。');[39m
[31m+     dispatch({ type: 'navigate', route: continuationRoute(nextContinuation) });[39m
[31m+   };[39m
[31m+[39m
[31m+   const closeProject = async (projectId: string): Promise<void> => {[39m
[31m+     if (!(await flushWriting())) {[39m
[31m+       setMessage('自动保存失败，已阻止关闭项目。');[39m
[31m+       return;[39m
[31m+     }[39m
[31m+     setPendingKey(`project.close:${projectId}`);[39m
[31m+     try {[39m
[31m+       const outcome = await bridge.project.close(projectId);[39m
[31m+       if (outcome.state !== 'success') {[39m
[31m+         setFailure(failureFromOutcome('作品关闭失败', outcome));[39m
[31m+         return;[39m
[31m+       }[39m
[31m+       await projectChanged(null, '项目已安全关闭。');[39m
[31m+       dispatch({ type: 'reset-project-context' });[39m
[31m+       dispatch({ type: 'navigate', route: 'home' });[39m
[31m+     } finally {[39m
[31m+       setPendingKey(null);[39m
[31m+     }[39m
[31m+   };[39m
[31m+[39m
[31m+   const moveProject = async (projectId: string): Promise<void> => {[39m
[31m+     if (!(await flushWriting())) {[39m
[31m+       setMessage('自动保存失败，已阻止移动项目。');[39m
[31m+       return;[39m
[31m+     }[39m
[31m+     setPendingKey(`project.move:${projectId}`);[39m
[31m+     setMessage('请选择新位置；本地服务将复制、校验后再切换。');[39m
[31m+     const outcome = await bridge.project.move(projectId);[39m
[31m+     setPendingKey(null);[39m
[31m+     if (isCancelledOutcome(outcome)) {[39m
[31m+       setMessage('已取消移动。');[39m
[31m+       return;[39m
[31m+     }[39m
[31m+     if (outcome.state !== 'success') {[39m
[31m+       setFailure(failureFromOutcome('作品移动失败，原项目保持可用', outcome));[39m
[31m+       return;[39m
[31m+     }[39m
[31m+     await projectChanged([39m
[31m+       outcome.data,[39m
[31m+       outcome.data.sourceRetained[39m
[31m+         ? '移动已完成；原位置未能清理，请确认后手动处理。'[39m
[31m+         : '移动已完成，哈希与数据库完整性校验通过。',[39m
[31m+     );[39m
[31m+   };[39m
[31m+[39m
[31m+   const relocateRecent = async (projectId: string): Promise<void> => {[39m
[31m+     setPendingKey(`project.relocateRecent:${projectId}`);[39m
[31m+     const outcome = await bridge.project.relocateRecent(projectId);[39m
[31m+     setPendingKey(null);[39m
[31m+     if (isCancelledOutcome(outcome)) return;[39m
[31m+     if (outcome.state !== 'success') {[39m
[31m+       setFailure(failureFromOutcome('作品重新定位失败', outcome));[39m
[31m+       return;[39m
[31m+     }[39m
[31m+     await refreshWorkspace();[39m
[31m+     setMessage('作品路径已重新定位。');[39m
[31m+   };[39m
[31m+[39m
[31m+   const removeRecent = async (projectId: string): Promise<void> => {[39m
[31m+     setPendingKey(`project.removeRecent:${projectId}`);[39m
[31m+     const outcome = await bridge.project.removeRecent(projectId);[39m
[31m+     setPendingKey(null);[39m
[31m+     if (outcome.state !== 'success') {[39m
[31m+       setFailure(failureFromOutcome('最近作品记录移除失败', outcome));[39m
[31m+       return;[39m
[31m+     }[39m
[31m+     setRecentProjects((projects) => projects.filter((project) => project.projectId !== projectId));[39m
[31m+     setMessage('最近作品记录已移除，作品文件保持不变。');[39m
[31m+   };[39m
[31m+[39m
[31m+   const saveSettings = (update: AppSettingsUpdate): Promise<boolean> => {[39m
[31m+     if (update.creativePath === 'ai-first' && aiReadiness.status !== 'ready') {[39m
[31m+       setMessage('AI优先需要先在本次会话完成真实连接测试；离线创作功能保持可用。');[39m
[31m+       return Promise.resolve(false);[39m
[31m+     }[39m
[31m+     const write = settingsWriteQueue.current.then(async () => {[39m
[31m+       setPendingKey('settings.set');[39m
[31m+       try {[39m
[31m+         const current = confirmedSettings.current;[39m
[31m+         const outcome = await bridge.settings.set({[39m
[31m+           language: update.language ?? current.language,[39m
[31m+           startupBehavior: update.startupBehavior ?? current.startupBehavior,[39m
[31m+           defaultMode: update.defaultMode ?? current.defaultMode,[39m
[31m+           creativePath: update.creativePath ?? current.creativePath,[39m
[31m+           onboardingCompleted: update.onboardingCompleted ?? current.onboardingCompleted,[39m
[31m+           onboardingTipsSeen: update.onboardingTipsSeen ?? current.onboardingTipsSeen,[39m
[31m+           onboardingScaffoldDismissed:[39m
[31m+             update.onboardingScaffoldDismissed ?? current.onboardingScaffoldDismissed,[39m
[31m+           themeId: update.themeId ?? current.themeId,[39m
[31m+           themeVariant: update.themeVariant ?? current.themeVariant,[39m
[31m+           reduceMotion: update.reduceMotion ?? current.reduceMotion,[39m
[31m+         });[39m
[31m+         if (outcome.state !== 'success') {[39m
[31m+           setFailure(failureFromOutcome('设置保存失败', outcome));[39m
[31m+           return false;[39m
[31m+         }[39m
[31m+         confirmedSettings.current = outcome.data.settings;[39m
[31m+         setSettings(outcome.data.settings);[39m
[31m+         setMessage('设置已保存到应用数据库。');[39m
[31m+         return true;[39m
[31m+       } finally {[39m
[31m+         setPendingKey(null);[39m
[31m+       }[39m
[31m+     });[39m
[31m+     settingsWriteQueue.current = write.then([39m
[31m+       () => undefined,[39m
[31m+       () => undefined,[39m
[31m+     );[39m
[31m+     return write;[39m
[31m+   };[39m
[31m+[39m
[31m+   const createFromOnboarding = async (plan: OnboardingProjectPlan): Promise<boolean> => {[39m
[31m+     const created = await createProject(plan.project);[39m
[31m+     if (!created) return false;[39m
[31m+[39m
[31m+     const settingsSaved = await saveSettings({[39m
[31m+       creativePath: plan.creativePath,[39m
[31m+       onboardingCompleted: true,[39m
[31m+       onboardingScaffoldDismissed: plan.project.initialStructure === 'blank',[39m
[31m+     });[39m
[31m+     if (plan.destination === 'import-export') {[39m
[31m+       setDataToolsSection('import-export');[39m
[31m+       dispatch({ type: 'navigate', route: 'recovery' });[39m
[31m+     } else {[39m
[31m+       dispatch({ type: 'navigate', route: plan.destination });[39m
[31m+     }[39m
[31m+     if (!settingsSaved) {[39m
[31m+       setMessage('项目已安全创建；创作路径偏好未保存，可稍后在设置中重试。');[39m
[31m+     }[39m
[31m+     return true;[39m
[31m+   };[39m
[31m+[39m
[31m+   const saveAppearance = async (next: AppearancePreferences): Promise<boolean> => {[39m
[31m+     setPendingKey('app.setAppearancePreferences');[39m
[31m+     const outcome = await bridge.app.setAppearancePreferences(next);[39m
[31m+     setPendingKey(null);[39m
[31m+     if (outcome.state !== 'success') {[39m
[31m+       setFailure(failureFromOutcome('显示设置保存失败', outcome));[39m
[31m+       return false;[39m
[31m+     }[39m
[31m+     setAppearance({[39m
[31m+       workspaceAlignment: outcome.data.workspaceAlignment,[39m
[31m+       uiScalePercent: outcome.data.uiScalePercent,[39m
[31m+       bodyFontSize: outcome.data.bodyFontSize,[39m
[31m+       contentWidth: outcome.data.contentWidth,[39m
[31m+     });[39m
[31m+     setMessage('显示设置已保存到应用数据库。');[39m
[31m+     return true;[39m
[31m+   };[39m
[31m+[39m
[31m+   const restartCore = async (): Promise<void> => {[39m
[31m+     if (!(await flushWriting())) {[39m
[31m+       setMessage('当前稿尚未安全保存，已阻止重启本地服务。');[39m
[31m+       return;[39m
[31m+     }[39m
[31m+     setPendingKey('app.restartCore');[39m
[31m+     const outcome = await bridge.app.restartCore();[39m
[31m+     setPendingKey(null);[39m
[31m+     if (outcome.state !== 'success') {[39m
[31m+       setFailure(failureFromOutcome('本地服务重启失败', outcome));[39m
[31m+       return;[39m
[31m+     }[39m
[31m+     setCoreStatus(outcome.data.status);[39m
[31m+     setMessage(`本地服务已进入${outcome.data.status.status}状态。`);[39m
[31m+     await refreshWorkspace();[39m
[31m+   };[39m
[31m+[39m
[31m+   const cancelTask = async (taskId: string, projectId: string | null): Promise<void> => {[39m
[31m+     const outcome = await bridge.task.cancel(taskId, projectId ?? undefined);[39m
[31m+     if (outcome.state !== 'success') setFailure(failureFromOutcome('任务取消失败', outcome));[39m
[31m+     await refreshTasks();[39m
[31m+   };[39m
[31m+[39m
[31m+   return ([39m
[31m+     <div className="react-app-shell" data-react-runtime="running" data-react-shell>[39m
[31m+       <header className="react-top-bar">[39m
[31m+         <button[39m
[31m+           aria-expanded={navOpen}[39m
[31m+           aria-label="打开一级导航"[39m
[31m+           className="icon-button react-nav-toggle"[39m
[31m+           ref={navToggle}[39m
[31m+           type="button"[39m
[31m+           onClick={() => setNavOpen((open) => !open)}[39m
[31m+         >[39m
[31m+           ☰[39m
[31m+         </button>[39m
[31m+         <button className="react-brand" type="button" onClick={() => navigate('home')}>[39m
[31m+           <strong>WorldForge</strong>[39m
[31m+           <span>{activeProject?.name ?? '本地写作工作台'}</span>[39m
[31m+         </button>[39m
[31m+         <div className="react-top-bar__status" aria-live="polite">[39m
[31m+           <span data-status={coreStatus?.status ?? 'starting'}>[39m
[31m+             本地服务 · {coreStatus?.status ?? '正在连接'}[39m
[31m+           </span>[39m
[31m+           <span>{activeProject?.databaseMode === 'read-only' ? '只读' : '本地'}</span>[39m
[31m+           <span>任务 {tasks.length}</span>[39m
[31m+         </div>[39m
[31m+         <button[39m
[31m+           aria-expanded={helpOpen}[39m
[31m+           className="quiet-button"[39m
[31m+           data-open-context-help[39m
[31m+           ref={helpTrigger}[39m
[31m+           type="button"[39m
[31m+           onClick={() => setHelpOpen((open) => !open)}[39m
[31m+         >[39m
[31m+           帮助[39m
[31m+         </button>[39m
[31m+         <button[39m
[31m+           className="quiet-button"[39m
[31m+           data-open-settings[39m
[31m+           ref={settingsTrigger}[39m
[31m+           type="button"[39m
[31m+           onClick={() => navigate('settings')}[39m
[31m+         >[39m
[31m+           设置[39m
[31m+         </button>[39m
[31m+       </header>[39m
[31m+[39m
[31m+       {activeProject ? ([39m
[31m+         <section className="react-project-context" data-active-project data-react-project-context>[39m
[31m+           <div>[39m
[31m+             <strong data-active-project-name>{activeProject.name}</strong>[39m
[31m+             <span data-active-project-path title={activeProject.workspacePath}>[39m
[31m+               {activeProject.workspacePath}[39m
[31m+             </span>[39m
[31m+           </div>[39m
[31m+           <span data-active-project-mode>[39m
[31m+             {activeProject.databaseMode === 'read-only' ? '只读兼容模式' : '可写 · 本地数据库'}[39m
[31m+           </span>[39m
[31m+           {activeProject.databaseMode === 'read-only' ? ([39m
[31m+             <span data-active-project-readonly>{activeProject.readOnlyReason ?? '兼容性保护'}</span>[39m
[31m+           ) : null}[39m
[31m+           {message ? ([39m
[31m+             <span data-project-operation-status role="status">[39m
[31m+               {message}[39m
[31m+             </span>[39m
[31m+           ) : null}[39m
[31m+           <div className="react-project-context__actions">[39m
[31m+             <button[39m
[31m+               className="quiet-button"[39m
[31m+               data-open-continuity[39m
[31m+               disabled={!capabilities.project.canonReadable || Boolean(pendingKey)}[39m
[31m+               title={[39m
[31m+                 capabilities.project.canonReadable[39m
[31m+                   ? undefined[39m
[31m+                   : '当前作品处于恢复保护状态，连续性账本暂不可读取。'[39m
[31m+               }[39m
[31m+               type="button"[39m
[31m+               onClick={() => {[39m
[31m+                 setCanonSection('continuity');[39m
[31m+                 void transitionToRoute('canon');[39m
[31m+               }}[39m
[31m+             >[39m
[31m+               连续性账本[39m
[31m+             </button>[39m
[31m+             <button[39m
[31m+               className="quiet-button"[39m
[31m+               data-open-narrative-planning[39m
[31m+               disabled={!capabilities.project.canonReadable || Boolean(pendingKey)}[39m
[31m+               title={[39m
[31m+                 capabilities.project.canonReadable[39m
[31m+                   ? undefined[39m
[31m+                   : '当前作品处于恢复保护状态，伏笔与弧光暂不可读取。'[39m
[31m+               }[39m
[31m+               type="button"[39m
[31m+               onClick={() => {[39m
[31m+                 setCanonSection('narrative');[39m
[31m+                 void transitionToRoute('canon');[39m
[31m+               }}[39m
[31m+             >[39m
[31m+               伏笔与弧光[39m
[31m+             </button>[39m
[31m+             <button[39m
[31m+               className="quiet-button"[39m
[31m+               data-open-state-proposals[39m
[31m+               disabled={!capabilities.project.canonReadable || Boolean(pendingKey)}[39m
[31m+               title={[39m
[31m+                 capabilities.project.canonReadable[39m
[31m+                   ? undefined[39m
[31m+                   : '当前作品处于恢复保护状态，设定更新建议暂不可读取。'[39m
[31m+               }[39m
[31m+               type="button"[39m
[31m+               onClick={() => {[39m
[31m+                 setCanonSection('proposals');[39m
[31m+                 void transitionToRoute('canon');[39m
[31m+               }}[39m
[31m+             >[39m
[31m+               设定更新建议[39m
[31m+             </button>[39m
[31m+             <button[39m
[31m+               className="quiet-button"[39m
[31m+               data-open-recovery[39m
[31m+               disabled={[39m
[31m+                 (!capabilities.project.restoreAvailable && !capabilities.project.exportAvailable) ||[39m
[31m+                 Boolean(pendingKey)[39m
[31m+               }[39m
[31m+               type="button"[39m
[31m+               onClick={() => {[39m
[31m+                 setDataToolsSection('recovery');[39m
[31m+                 void transitionToRoute('recovery');[39m
[31m+               }}[39m
[31m+             >[39m
[31m+               恢复与导出[39m
[31m+             </button>[39m
[31m+             <button[39m
[31m+               className="quiet-button"[39m
[31m+               data-open-text-io[39m
[31m+               disabled={!capabilities.project.exportAvailable || Boolean(pendingKey)}[39m
[31m+               title={[39m
[31m+                 capabilities.project.exportAvailable ? undefined : '当前作品无法安全导入或导出。'[39m
[31m+               }[39m
[31m+               type="button"[39m
[31m+               onClick={() => {[39m
[31m+                 setDataToolsSection('import-export');[39m
[31m+                 void transitionToRoute('recovery');[39m
[31m+               }}[39m
[31m+             >[39m
[31m+               导入导出[39m
[31m+             </button>[39m
[31m+             <button[39m
[31m+               className="quiet-button"[39m
[31m+               data-move-project[39m
[31m+               disabled={!capabilities.project.moveAvailable || Boolean(pendingKey)}[39m
[31m+               type="button"[39m
[31m+               onClick={() => void moveProject(activeProject.projectId)}[39m
[31m+             >[39m
[31m+               移动项目[39m
[31m+             </button>[39m
[31m+             <button[39m
[31m+               className="quiet-button"[39m
[31m+               data-close-project[39m
[31m+               disabled={Boolean(pendingKey)}[39m
[31m+               type="button"[39m
[31m+               onClick={() => void closeProject(activeProject.projectId)}[39m
[31m+             >[39m
[31m+               关闭项目[39m
[31m+             </button>[39m
[31m+           </div>[39m
[31m+         </section>[39m
[31m+       ) : null}[39m
[31m+[39m
[31m+       <div className="react-shell-grid" data-nav-open={navOpen}>[39m
[31m+         <nav className="react-primary-nav" aria-label="一级导航">[39m
[31m+           {navigation.map((item) => ([39m
[31m+             <button[39m
[31m+               aria-current={item.current ? 'page' : undefined}[39m
[31m+               className="react-primary-nav__item"[39m
[31m+               data-current={item.current}[39m
[31m+               data-open-canon={item.id === 'canon' ? '' : undefined}[39m
[31m+               data-open-planning={item.id === 'planning' ? '' : undefined}[39m
[31m+               data-primary-navigation={item.id}[39m
[31m+               disabled={item.disabled}[39m
[31m+               key={item.id}[39m
[31m+               title={item.disabledReason ?? undefined}[39m
[31m+               type="button"[39m
[31m+               onClick={() => navigate(item.id)}[39m
[31m+             >[39m
[31m+               <strong>{item.label}</strong>[39m
[31m+               <span>{item.description}</span>[39m
[31m+             </button>[39m
[31m+           ))}[39m
[31m+         </nav>[39m
[31m+         {navOpen ? ([39m
[31m+           <button[39m
[31m+             aria-label="关闭一级导航"[39m
[31m+             className="react-nav-scrim"[39m
[31m+             type="button"[39m
[31m+             onClick={() => setNavOpen(false)}[39m
[31m+           />[39m
[31m+         ) : null}[39m
[31m+[39m
[31m+         <main className="react-main" ref={mainContent}>[39m
[31m+           {globalStatus ? ([39m
[31m+             <SafetyBanner[39m
[31m+               action={globalStatusAction}[39m
[31m+               diagnosticId={globalStatus.id === 'failure' ? (failure?.diagnosticId ?? null) : null}[39m
[31m+               kind={[39m
[31m+                 globalStatus.id === 'failure' || globalStatus.id === 'core'[39m
[31m+                   ? 'danger'[39m
[31m+                   : globalStatus.priority === 'P0' || globalStatus.priority === 'P2'[39m
[31m+                     ? 'warning'[39m
[31m+                     : 'info'[39m
[31m+               }[39m
[31m+               message={globalStatus.message}[39m
[31m+               title={[39m
[31m+                 globalStatus.id === 'failure'[39m
[31m+                   ? (failure?.title ?? '操作失败')[39m
[31m+                   : globalStatus.priority === 'P0'[39m
[31m+                     ? '保护状态'[39m
[31m+                     : '工作区状态'[39m
[31m+               }[39m
[31m+             />[39m
[31m+           ) : null}[39m
[31m+           {helpOpen ? ([39m
[31m+             <ContextHelp[39m
[31m+               disclosureMode={disclosureMode}[39m
[31m+               route={route}[39m
[31m+               seenTips={settings.onboardingTipsSeen}[39m
[31m+               onClose={() => {[39m
[31m+                 setHelpOpen(false);[39m
[31m+                 window.requestAnimationFrame(() => helpTrigger.current?.focus());[39m
[31m+               }}[39m
[31m+               onDismissTip={(tip) =>[39m
[31m+                 void saveSettings({[39m
[31m+                   onboardingTipsSeen: [...new Set([...settings.onboardingTipsSeen, tip])],[39m
[31m+                 })[39m
[31m+               }[39m
[31m+               onOpenOnboarding={() => {[39m
[31m+                 setHelpOpen(false);[39m
[31m+                 if (activeProject) {[39m
[31m+                   void saveSettings({ onboardingScaffoldDismissed: false });[39m
[31m+                   setMessage('已在首页重新显示项目引导建议。');[39m
[31m+                 } else {[39m
[31m+                   setOnboardingRequest((request) => request + 1);[39m
[31m+                 }[39m
[31m+                 navigate('home');[39m
[31m+               }}[39m
[31m+             />[39m
[31m+           ) : null}[39m
[31m+[39m
[31m+           {route === 'home' || route === 'project' ? ([39m
[31m+             <HomePage[39m
[31m+               activeProject={activeProject}[39m
[31m+               activeTaskCount={tasks.length}[39m
[31m+               continuation={continuation}[39m
[31m+               disclosureMode={disclosureMode}[39m
[31m+               healthSignals={healthSignals}[39m
[31m+               message={message}[39m
[31m+               onboardingRequest={onboardingRequest}[39m
[31m+               pendingKey={pendingKey}[39m
[31m+               projectCapabilities={capabilities.project}[39m
[31m+               providerAvailable={aiReadiness.status === 'ready'}[39m
[31m+               recentProjects={recentProjects}[39m
[31m+               settings={settings}[39m
[31m+               onCloseProject={(projectId) => void closeProject(projectId)}[39m
[31m+               onCreate={createFromOnboarding}[39m
[31m+               onContinue={() => {[39m
[31m+                 if (activeProject) {[39m
[31m+                   void transitionToRoute(continuationRoute(continuation));[39m
[31m+                   return;[39m
[31m+                 }[39m
[31m+                 const recent = [...recentProjects][39m
[31m+                   .filter((project) => project.missingSince === null)[39m
[31m+                   .sort([39m
[31m+                     (left, right) => Date.parse(right.lastOpenedAt) - Date.parse(left.lastOpenedAt),[39m
[31m+                   )[0];[39m
[31m+                 if (recent) void openRecent(recent.projectId);[39m
[31m+               }}[39m
[31m+               onMoveProject={(projectId) => void moveProject(projectId)}[39m
[31m+               onNavigate={navigate}[39m
[31m+               onOpenRecent={(projectId) => void openRecent(projectId)}[39m
[31m+               onOpenRecovery={() => void transitionToRoute('recovery')}[39m
[31m+               onOpenSelected={(recover) => void openSelected(recover)}[39m
[31m+               onRelocateRecent={(projectId) => void relocateRecent(projectId)}[39m
[31m+               onRemoveRecent={(projectId) => void removeRecent(projectId)}[39m
[31m+               onSaveSettings={saveSettings}[39m
[31m+             />[39m
[31m+           ) : null}[39m
[31m+[39m
[31m+           {route === 'settings' ? ([39m
[31m+             <SettingsPage[39m
[31m+               appearance={appearance}[39m
[31m+               bridge={bridge}[39m
[31m+               coreStatus={coreStatus}[39m
[31m+               disclosureMode={disclosureMode}[39m
[31m+               message={message}[39m
[31m+               pendingKey={pendingKey}[39m
[31m+               settings={settings}[39m
[31m+               aiReady={aiReadiness.status === 'ready'}[39m
[31m+               onProvidersChanged={applyProviders}[39m
[31m+               onProviderConnectionVerified={(result: ProviderConnectionTestResult) => {[39m
[31m+                 setVerifiedProviderIds((current) => new Set([...current, result.providerId]));[39m
[31m+               }}[39m
[31m+               onProviderInvalidated={(providerId) => {[39m
[31m+                 setVerifiedProviderIds((current) => {[39m
[31m+                   const next = new Set(current);[39m
[31m+                   next.delete(providerId);[39m
[31m+                   return next;[39m
[31m+                 });[39m
[31m+               }}[39m
[31m+               onClose={() => {[39m
[31m+                 const target = restoreAppShellRoute(settingsReturnRoute.current, {[39m
[31m+                   activeProjectId: activeProject?.projectId ?? null,[39m
[31m+                   disclosureMode,[39m
[31m+                 });[39m
[31m+                 void transitionToRoute(target).then((changed) => {[39m
[31m+                   if (changed) window.requestAnimationFrame(() => settingsTrigger.current?.focus());[39m
[31m+                 });[39m
[31m+               }}[39m
[31m+               onResetSettings={() => {[39m
[31m+                 void bridge.settings.reset().then((outcome) => {[39m
[31m+                   if (outcome.state === 'success') {[39m
[31m+                     confirmedSettings.current = outcome.data.settings;[39m
[31m+                     setSettings(outcome.data.settings);[39m
[31m+                     setMessage('已恢复默认设置。');[39m
[31m+                   } else setFailure(failureFromOutcome('恢复默认设置失败', outcome));[39m
[31m+                 });[39m
[31m+               }}[39m
[31m+               onRestartCore={() => void restartCore()}[39m
[31m+               onSaveAppearance={saveAppearance}[39m
[31m+               onSaveSettings={saveSettings}[39m
[31m+               onOpenOnboarding={() => {[39m
[31m+                 if (activeProject) {[39m
[31m+                   void saveSettings({ onboardingScaffoldDismissed: false });[39m
[31m+                   setMessage('已在首页重新显示项目引导建议。');[39m
[31m+                 } else {[39m
[31m+                   setOnboardingRequest((request) => request + 1);[39m
[31m+                 }[39m
[31m+                 navigate('home');[39m
[31m+               }}[39m
[31m+             />[39m
[31m+           ) : null}[39m
[31m+[39m
[31m+           {route === 'planning' && activeProject ? ([39m
[31m+             <PlanningWorkbench[39m
[31m+               bridge={bridge}[39m
[31m+               projectId={activeProject.projectId}[39m
[31m+               readOnly={activeProject.databaseMode === 'read-only'}[39m
[31m+               onClose={() => void transitionToRoute('writing')}[39m
[31m+               onReturn={() => void returnToAuthorSource()}[39m
[31m+             />[39m
[31m+           ) : null}[39m
[31m+[39m
[31m+           {route === 'canon' && activeProject ? ([39m
[31m+             <CanonWorkbench[39m
[31m+               bridge={bridge}[39m
[31m+               projectId={activeProject.projectId}[39m
[31m+               projectName={activeProject.name}[39m
[31m+               readOnly={activeProject.databaseMode === 'read-only'}[39m
[31m+               section={canonSection}[39m
[31m+               selectedEntityId={selection.entityId}[39m
[31m+               onSectionChange={setCanonSection}[39m
[31m+               onReturn={() => void returnToAuthorSource()}[39m
[31m+             />[39m
[31m+           ) : null}[39m
[31m+[39m
[31m+           {route === 'recovery' && activeProject ? ([39m
[31m+             <DataToolsWorkbench[39m
[31m+               bridge={bridge}[39m
[31m+               projectId={activeProject.projectId}[39m
[31m+               readOnly={activeProject.databaseMode === 'read-only'}[39m
[31m+               section={dataToolsSection}[39m
[31m+               onClose={() => void transitionToRoute('writing')}[39m
[31m+               onProjectRestored={refreshWorkspace}[39m
[31m+               onSectionChange={setDataToolsSection}[39m
[31m+             />[39m
[31m+           ) : null}[39m
[31m+[39m
[31m+           {isWritingRoute(route) && activeProject ? ([39m
[31m+             <WritingWorkbench[39m
[31m+               bridge={bridge}[39m
[31m+               disclosureMode={disclosureMode}[39m
[31m+               initialContinuation={continuation}[39m
[31m+               panel={writingPanel}[39m
[31m+               project={activeProject}[39m
[31m+               navigationChapterId={selection.chapterId}[39m
[31m+               navigationLogicalBlockId={selection.logicalBlockId}[39m
[31m+               navigationVersionId={selection.versionId}[39m
[31m+               navigationQuery={navigationQuery}[39m
[31m+               onNavigate={navigateToAuthorTarget}[39m
[31m+               onPanelChange={(panel) =>[39m
[31m+                 void transitionToRoute([39m
[31m+                   panel === 'versions'[39m
[31m+                     ? 'versions'[39m
[31m+                     : panel === 'candidates'[39m
[31m+                       ? 'candidates'[39m
[31m+                       : 'writing',[39m
[31m+                 )[39m
[31m+               }[39m
[31m+               onStatus={(nextMessage) => {[39m
[31m+                 setMessage(nextMessage);[39m
[31m+                 void refreshWorkspaceAttention();[39m
[31m+               }}[39m
[31m+               onReturn={() => void returnToAuthorSource()}[39m
[31m+             />[39m
[31m+           ) : null}[39m
[31m+[39m
[31m+           {route === 'checks' && activeProject ? ([39m
[31m+             <ChecksWorkbench[39m
[31m+               bridge={bridge}[39m
[31m+               projectId={activeProject.projectId}[39m
[31m+               readOnly={activeProject.databaseMode === 'read-only'}[39m
[31m+               onNavigate={navigateToAuthorTarget}[39m
[31m+             />[39m
[31m+           ) : null}[39m
[31m+         </main>[39m
[31m+       </div>[39m
[31m+[39m
[31m+       <TaskBar[39m
[31m+         foregroundTaskId={foregroundTaskId}[39m
[31m+         tasks={tasks}[39m
[31m+         onCancel={(taskId, projectId) => void cancelTask(taskId, projectId)}[39m
[31m+       />[39m
[31m+     </div>[39m
[31m+   );[39m
[31m+ }[39m
[31m+[39m
[31m+ function isWritingRoute(route: RendererRouteId): boolean {[39m
[31m+   return route === 'writing' || route === 'versions' || route === 'candidates';[39m
[31m+ }[39m
[31m+[39m
[31m+ function authorReturnFocusKey(element: Element | null): string | null {[39m
[31m+   return element instanceof HTMLElement ? (element.dataset.authorReturnKey ?? null) : null;[39m
[31m+ }[39m
[31m+[39m
[31m+ function focusAuthorReturnTarget(focusKey: string | null): void {[39m
[31m+   if (!focusKey) return;[39m
[31m+   const target = Array.from([39m
[31m+     document.querySelectorAll<HTMLElement>('[data-author-return-key]'),[39m
[31m+   ).find((element) => element.dataset.authorReturnKey === focusKey);[39m
[31m+   target?.focus();[39m
[31m+ }[39m
[31m+[39m
[31m+ function continuationRoute([39m
[31m+   continuation: ProjectContinuationSnapshot | null,[39m
[31m+ ): 'writing' | 'versions' | 'candidates' {[39m
[31m+   if (continuation?.status !== 'ready') return 'writing';[39m
[31m+   return continuation.panel === 'editor' ? 'writing' : continuation.panel;[39m
[31m+ }[39m
[31m+[39m
[31m+ function isCancelledOutcome(outcome: BridgeRequestOutcome<unknown>): boolean {[39m
[31m+   return ([39m
[31m+     outcome.state === 'cancelled' ||[39m
[31m+     (outcome.state === 'failure' && outcome.error.code === 'COMMON_CANCELLED_004')[39m
[31m+   );[39m
[31m+ }[39m
[31m+[39m
[31m+ interface FailureView {[39m
[31m+   readonly title: string;[39m
[31m+   readonly message: string;[39m
[31m+   readonly retryable: boolean;[39m
[31m+   readonly diagnosticId: string | null;[39m
[31m+ }[39m
[31m+[39m
[31m+ function failureFromOutcome(title: string, outcome: BridgeRequestOutcome<unknown>): FailureView {[39m
[31m+   if (outcome.state === 'failure') {[39m
[31m+     return {[39m
[31m+       title,[39m
[31m+       message: authorErrorSummary(outcome.error),[39m
[31m+       retryable: outcome.error.retryable,[39m
[31m+       diagnosticId: outcome.error.diagnosticId ?? null,[39m
[31m+     };[39m
[31m+   }[39m
[31m+   return {[39m
[31m+     title,[39m
[31m+     message: outcome.state === 'cancelled' ? '操作已取消。' : '响应已被更新请求替代。',[39m
[31m+     retryable: outcome.state !== 'cancelled',[39m
[31m+     diagnosticId: null,[39m
[31m+   };[39m
[31m+ }[39m
[31m+[39m
[31m+ function contentWidthPixels([39m
[31m+   preference: AppearancePreferences['contentWidth'],[39m
[31m+   viewportWidth: number,[39m
[31m+ ): number {[39m
[31m+   if (preference === 'narrow') return Math.min(720, viewportWidth - 48);[39m
[31m+   if (preference === 'wide') return Math.min(1280, viewportWidth - 48);[39m
[31m+   if (preference === 'adaptive') return Math.min(Math.max(720, viewportWidth * 0.72), 1440);[39m
[31m+   return Math.min(960, viewportWidth - 48);[39m
[31m+ }[39m
[31m+[39m

[36m [2m❯[22m tests/unit/v1-stability-remediation.test.ts:[2m50:19[22m[39m
    [90m 48|[39m     ])[33m;[39m
    [90m 49|[39m     expect(shell).toContain("resolvedSettings.startupBehavior === 'reo…
    [90m 50|[39m     [34mexpect[39m(shell)[33m.[39m[34mtoContain[39m([32m'let active = true;'[39m)[33m;[39m
    [90m   |[39m                   [31m^[39m
    [90m 51|[39m     [34mexpect[39m(shell)[33m.[39m[34mtoContain[39m([32m'worldforge:unexpected-renderer-error'[39m)[33m;[39m
    [90m 52|[39m     expect(main).toContain('finally {\n        if (!allowQuit) shutdow…

[31m[2m⎯⎯⎯⎯⎯⎯⎯⎯⎯⎯⎯⎯⎯⎯⎯⎯⎯⎯⎯⎯⎯⎯⎯⎯[3/3]⎯[22m[39m

[ELIFECYCLE] Command failed with exit code 1.
